짜장면,추천순,183
[초보] 초간단 단무지 무침 # 뭐니 해도 단무지는 짜장면과,https://www.10000recipe.com/recipe/6861462
단무지,고춧가루,다진파/다진 풋고추,다진 마늘,깨,참기름
옛날짜장,https://www.10000recipe.com/recipe/6947127
돼지고기,감자,양파,양배추,감자전분,춘장,맛술,대파,다진 마늘,다진 생강,굴소스,설탕,식용유
된장 짜장면 한식재료로만 만들기!,https://www.10000recipe.com/recipe/6918538
돼지고기,양파,느타리 혹은 표고 버섯 양파와,된장,설탕,칼국수면,고추가루,식용유
고기듬뿍 짜장면 만들기 만드는법레시피 Korean Jajangmyeon,https://www.10000recipe.com/recipe/6915664
돼지고기,양파,배춧잎,호박,대파,춘장,다진생강,다진마늘,간장,설탕,식용유,굴소스,후추,소금,물,물전분,생면
미우새 궁상민 짜장면 주말에 딱이야!,https://www.10000recipe.com/recipe/6881346
짜파게티,양파,만두 소,생강가루,대파,물,카놀라유
집에서도 쟁반짜장면 맛나게 먹어요.,https://www.10000recipe.com/recipe/6933865
대패삼겹살,양파 1개,양배추,대파,식용유,물,완두콩,오이,녹말물,감자칼국수면,다진마늘,짜장가루,설탕,올리고당,굴소스,고추가루
"검은빛의 유혹, 짜장면~^^",https://www.10000recipe.com/recipe/6871004
돼지고기,양파 중,양배추,호박,당근,완두콩,칼국수면,짜장가루,포도씨유,생강즙,간마늘
"백선생, 백종원 중국집 짜장면 만들기~!",https://www.10000recipe.com/recipe/6838655
양파,양배추,돼지고기,오이,파,파스타면,춘장,설탕,물전분
두반장 이용한 빨간 짜장면 만들기~^^,https://www.10000recipe.com/recipe/6851169
애호박,돼지고기,대파 흰부분,양파,다진마늘,청양고추,오이,칼국수,고추기름,간장,청주,두반장,고춧가루,설탕,물전분
붉은 짜장면 만들기,https://www.10000recipe.com/recipe/6832904
우동면,삼겹살,마늘,대파 흰대,청양고추,양파,애호박,오이,식용유,물,전분,간장,청주,고추기름,두반장,설탕,고추가루
이연복의 짜장면-현지에서 먹힐까?,https://www.10000recipe.com/recipe/6895709
중화생면,돼지고기,오징어다리,알새우,양파,애호박,대파,오이,다진생강,간장,식용유,춘장,황두장,설탕,굴소스,감자전분,치킨스톡
"인기메뉴 짜장면과 떡볶이를 함께 ,, 짜장 라볶이 황금레시피~!",https://www.10000recipe.com/recipe/6876274
짜왕,가래떡,부추,새송이버섯,돼지고기 앞다리살,올리브오일,허브솔트
집에서도 손쉽게 만드는 : 짜장면,https://www.10000recipe.com/recipe/6892434
다진 파,돼지고기,양파,애호박,양배추,식용유,간장,흑설탕,볶은춘장,물,녹말물
정성들인 집에서 만든 건강한 자장면,https://www.10000recipe.com/recipe/6895796
돼지고기,양배추,애호박,당근,양파,후추,춘장,포도씨유,다진마늘,생강술,다시마 문,물,전분
"간단하게 만들어 먹는 ""짜장면""",https://www.10000recipe.com/recipe/6897990
돼지고기,파,양파,감자,애호박,양배추,식용유,간장,흑설탕,볶음춘장,물,녹말,물
블랙데이는 짜장면을 먹는 날! 짜장으로 만든 짜장요리모음 !,https://www.10000recipe.com/recipe/6930580
레시피마다달라요!
집밥 백선생 짜장면 레시피,https://www.10000recipe.com/recipe/6837590
돼지고기 간 것,파,양파,감자,양배추,밥or삶은면,춘장,식용유,식용유,간장,설탕,물전분,감자전분,물
[간단 자취요리] 짜파게티로 간짜장 만들기/ 짜장면,https://www.10000recipe.com/recipe/6869553
짜파게티,양배추,양파,물,식용유
짜장면의 단짝 단무지무침의 황금레시피,https://www.10000recipe.com/recipe/6850282
통단무지,대파,고추가루,설탕,들기름,깨
짜장면:긴긴 연휴 중 한 끼는 별미같은 짜장면을...,https://www.10000recipe.com/recipe/6842631
짜장가루,양파,양배추,당근,다진마늘,물,페투치니면,식용유
홈메이드 수제 짜장면,https://www.10000recipe.com/recipe/6703189
생면,돼지고기,감자,양파,호박,소금,짜장가루
춘장으로 만든 홈메이드 짜장면 중국집 부럽지 않아요,https://www.10000recipe.com/recipe/6843611
춘장,돼지고기,양파,호박,양배추,고구마,완두콩,대파,당근,새송이버섯,다진마늘,다진생강,전분가루,칼국수면,카놀라유
자장면만들기,https://www.10000recipe.com/recipe/6931414
돼지고기,대파,양파,양배추,호박,춘장,감자전분,다진마늘
"<자장면, 자장밥> 중국집보다 맛있어요!!",https://www.10000recipe.com/recipe/6865032
춘장,양파,마늘,양배추,돼지고기,버섯,식용유,전분,물,칼국수
짜장면 만들기,https://www.10000recipe.com/recipe/6892622
국수사리,애호박,잡채용 또는 카레용 돼지고기,양배추,양파,대파,전분가루,춘장,설탕,진간장,소금
홈메이드 짜장면 만들기 ,https://www.10000recipe.com/recipe/6829081
쫄면,짜장분말,양파,애호박,쇠고기,당근,오이,식용유,매실액,깨소금,마늘,후춧가루,소금
홈메이드 짜장면 만들기..,https://www.10000recipe.com/recipe/6925405
춘장,물,돼지고기등심,양파,냉동 중화면,식용유,다진마늘,설탕,치킨스톡,전분,물,소금,후춧가루
홈메이드 짜장면과 짜장밥,https://www.10000recipe.com/recipe/6832469
칼국수면,밥,닭가슴살,양파,감자,당근,새송이버섯,호박,단호박,옥수수통조림,물,짜장 분말
아이들이 좋아하는 짜장면..,https://www.10000recipe.com/recipe/6917010
짜장가루,양파,돼지고기안심,물,다진마늘,허브솔트,중화면,식용유
집에서 해 먹는 궁극의 집 짜장면,https://www.10000recipe.com/recipe/6915297
춘장,돼지고기 삼겹살,종합해물,식용유,마늘,파,양파,양배추,간장,설탕,소금,후추,전분가루,물
집에 있는 재료로 만드는 짜장면,https://www.10000recipe.com/recipe/6901882
칼국수면,오뚜기 짜짱,양파,감자,돼지고기 목살,식용유,당근
#춘장볶음 #유니짜장면만들기 #다진소고기를 넣고 만드는 유니짜장,https://www.10000recipe.com/recipe/6891118
볶은춘장,다진소고기,썬 파,다진생강,양파,애호박,청주,후추,꿀,전분물,누들,달걀후라이,춘장,식용유
"궁셔리 짜장면, 차돌박이 짜파게티 만들기",https://www.10000recipe.com/recipe/6881931
짜파게티,양파,양파,차돌박이,간생강,계란
집에서 중국집요리를 맛보다! 중국집 단골손님 짜장면,https://www.10000recipe.com/recipe/6851475
다진 돼지고기,송송 썬 대파,굵게 다진 양파,납작 썬 양배추,납작 썬 주키니호박,통조림 옥수수,채 썬 오이,달걀 프라이,고춧가루,소금,후춧가루,청주,춘장,간장,굴소스,설탕,다진 마늘,다진 생강,감자전분,물
김준현 짜장라면 # 중국식향이 은은 짜장면,https://www.10000recipe.com/recipe/6861461
식용유,채 썬 파,간마늘,고춧가루,계란,짜파게티
"짜장볶음밥, 짜장면",https://www.10000recipe.com/recipe/6908105
오뚜기 짜장,양파,당근,감자,물,식용유,다진 야채,밥,중화 면
백종원님의 두부짜장면,https://www.10000recipe.com/recipe/6757059
두부,양파,주키니호박,양배추,다진파,표고버섯,생면,청오이,춘장,설탕,굴소스
간편한 홈메이드 짜장면 만드는법,https://www.10000recipe.com/recipe/6906376
중화면,양파,양배추,돼지고기,생강,파,간장,설탕,굴소스,춘장,미원
"[혼자 해먹기] 집에서 만드는 맛난 짜장면, 자장면?! 초간단",https://www.10000recipe.com/recipe/6889213
춘장,쫑쫑 썬 대파- 듬뿍,깍둑썰기한 양파- 듬뿍,양배추,돼지고기 안심-,칼국수면,계란,식용유,후추,설탕,감자전분가루,물,참기름
짜장면 만들기,https://www.10000recipe.com/recipe/6841527
돼지고기,대파 양파,애호박,감자,버섯,양배추,춘장,설탕,간장
짜장면 만드는법,https://www.10000recipe.com/recipe/6848354
짜장분말,돼지고기,감자,양파,당근,양송이
해물짜장면(쟁반짜장) 만드는법-해물이 듬뿍들어갔어요~,https://www.10000recipe.com/recipe/6831959
생면,양파,돼지고기,호박,오징어,칵테일새우,주꾸미,오이,춘장,식용유,청주나 소주,굴소스,간장,설탕,다진파,다진생강,녹말물,물,다진마늘
홈메이드 자장면,https://www.10000recipe.com/recipe/2849456
양파中,돼지고기,대파,칼국수 생면,춘장,설탕,포도씨유,맛술,소금,후춧가루
"집에서도 맛있게 즐기는 자장라이스, 자장면",https://www.10000recipe.com/recipe/1651984
양배추,감자,양파,대파,돼지고기,당근,호박,물,녹말물,식용유,참기름,청주,소금,후추,춘장,황설탕,생강즙
추억의 블랙데이 짜장면 만들기,https://www.10000recipe.com/recipe/6846462
춘장,감자,당근,파프리카,양파,양배추 자른것,포도씨유,돼지고기 등신,감자전분,물,다진마늘,생강 차,오이,설탕
"집밥 백선생, 백종원 짜장면 레시피 응용! 유니짜장 만들기 ♥",https://www.10000recipe.com/recipe/6840128
감자,다진 돼지고기 약,양송이버섯,애호박,양배추,스파게티면,춘장,간장,설탕
[초간단짜장면] 3분짜장으로 만드는 초간단 짜장면!,https://www.10000recipe.com/recipe/6832678
칼국수면,3분짜장,오이,깨소금
"춘장으로 짜장만들기,짜장밥만들기,짜장면 만들기",https://www.10000recipe.com/recipe/6859486
호박,당근,양파,감자,대파,돼지고기,춘장,오이,미림,소금,후추,식용유,설탕,녹말가루,물
짜장면 볶은춘장으로 짜장면 만들기,https://www.10000recipe.com/recipe/6852009
감자,양파,돼지호박,양배추,생강,마늘,돼지고기 ,춘장,설탕,간장,물,전분,물,면
이상민 짜장면. 궁셔리 만두소짜장면 레시피.,https://www.10000recipe.com/recipe/6881192
짜장라면,냉동만두,양파,양배추,생강
카레와 짜장면의 만남 카파게티,https://www.10000recipe.com/recipe/6856059
짜파게티,바몬드하우스카레,당근,양파,파슬리,돼지고기 다진 것,후추,물
자장면 만드는법,https://www.10000recipe.com/recipe/3378302
칼국수면,돼지고기안심,감자큰것,양파,양배추,당근,전분,춘장
#현지에서먹힐까 #이연복셰프의 황두장을 넣은 물짜장만들기 #중국된장 황두장의 구수한맛이 들어간 걸쭉한 황두장짜장면!,https://www.10000recipe.com/recipe/6896927
카레용돼지고기,오이,양파,주키니 5cm,양배추,오징어,고춧기름,썬파,다진마늘,다진생강,중국간장,황두장,굴소스,짜장가루,후추,참기름,치킨스톡,물,달걀후라이
간단하게 만들어 즐길 수 있어요 ; 짜장면 만들기,https://www.10000recipe.com/recipe/3436833
올리브유,볶음용 춘장,올리브유,다진파,삼겹살,양파,양배추,설탕,간장,물,녹말물,설탕,소금,우동짜장용 생면
짜장면 레시피(유니짜장면만들기),https://www.10000recipe.com/recipe/6876593
양파,애호박,감자,오이,생강,돼지고기,중화면,춘장,간장,설탕,굴소스,전분,참기름,청주,후추
[짜장밥] 인스턴트 3분짜장을 이용해서 업그레이드 짜장밥(짜장면) 만들어먹기!,https://www.10000recipe.com/recipe/6904212
인스턴트 3분 짜장,애호박,양파,파
초간단 곤약 짜장면 만들기 ,https://www.10000recipe.com/recipe/6955826
실곤약,3분 짜장,대파,달걀,식초
이건 못참지ㅋㅋ 완벽한 제현 옛날짜장면,https://www.10000recipe.com/recipe/6955346
강력분,소금,물,베이킹파우더,양파,감자,돼지고기목심,오이,삶은계란,짜장분말,물,설탕,마늘,맛술,마늘생강 기름
두부면으로 건강하게 짜장면 만들기(춘장 짜장),https://www.10000recipe.com/recipe/6955146
양파,고구마,양배추,다진 돼지고기,춘장,간장,설탕,물,전분,물,포 두부
집에서 짜장면 만들기 짜장소스 춘장 볶는 방법 면삶는 방법 ,https://www.10000recipe.com/recipe/6954824
다진돼지고기,양파,춘장,식용유,다진마늘,대파 송송,생강 다진것,굴소스,설탕,미원,치킨스톡,물전분
사진보고 따라만 하면 맛있는 짜장면이 됩니다.,https://www.10000recipe.com/recipe/6954480
중화 춘장,목살,칼국수 면,양배추,양파,감자,애호박,대파,다진마늘,설탕
백종원 짜장면 주말별식으로 딱이지,https://www.10000recipe.com/recipe/6953444
돼지고기,대파,양파,우동면,춘장,식용유,진간장,설탕,물,전분가루,물
"칼굴수 중면으로 ""짜장면"" 만들기",https://www.10000recipe.com/recipe/6952928
짜장가루,돼지고기,양파,당근,감자,대파,양배추,올리브유,굴 소스,후추,칼국수 중면
홈메이드 짜장면,https://www.10000recipe.com/recipe/6951975
돼지고기,식용유,잔파,매운고추,설탕,맛술,간장,양파,감자,잔파,모듬해물,시판 볶음 춘장,설탕,녹말물,반숙계란후라이,파채,옥수수캔,고춧가루
"JMT 군산 고추 짜장면 만들기(간짜장,춘장볶는법)",https://www.10000recipe.com/recipe/6951290
돼지목살,양파,양배추,청양고추,칵테일새우,중화면,춘장,진간장,설탕,미원,고춧가루,다진생강
유니짜장 볶아 담백하게 짜장면 먹기,https://www.10000recipe.com/recipe/6951248
양배추,다진양파,다진돼지고기,다진파,다진마늘,다진생강,식용유,춘장,굴소스,치킨스톡,설탕,맛술,진간장,전분,물
대파 짜장면,https://www.10000recipe.com/recipe/6950529
중화면,대파,다진돼지고기,맛술,소금,후춧가루,볶은 춘장,설탕,간장,전분물
트러플오일 짜파게티 짜장면 요리,https://www.10000recipe.com/recipe/6950055
짜장라면,달걀,청양고추,트러플오일,그라나파다노
[코스트코 돼지등심 활용요리] 짜장면,https://www.10000recipe.com/recipe/6949472
돼지 등심,양파,미림,식물성 기름,황두장,굴소스,짜장믹스,생면,물
짜파게티로 만드는 짜장면,https://www.10000recipe.com/recipe/6949423
양파,짜파게티,돼지고기,청양고추
쫄깃한 면발 다욧중일때 먹는 쌀국수짜장면 ,https://www.10000recipe.com/recipe/6946816
쌀국수,차돌박이,양파,적양배추,오이,삶은계란,물,분말짜장가루,맛술,설탕,마늘,통깨
집에서 전문점처럼 짜장면 만드는법,https://www.10000recipe.com/recipe/6946588
감자,양파,애호박,당근,완두콩,돼지고기,볶음춘장,굴소스,치킨스톡,간장,설탕,전분물
아기 짜장면 (두부면),https://www.10000recipe.com/recipe/6944985
두부면,돼지고기,양파,대파,애호박,당근,메추리알,버섯야채육수,아기짜장소스,전분가루
해산물 듬뿍 맛있는 물짜장면,https://www.10000recipe.com/recipe/6944384
우동면사리,오징어,냉동새우,바지락육수,바지락 숙회,양파,전분,물,올리브오일,짬뽕다시,마늘,소금
자장면 만들기,https://www.10000recipe.com/recipe/6944203
오징어,냉동새우,닭가슴살,양파,양배추,감자,당근,대파,춘장,전분물,쫄면,오이
짜장면 만들기,https://www.10000recipe.com/recipe/6943957
춘장,돼지고기,양파,호박,대파,식용유,소금,후추,설탕,맛술,굴소스,전분가루,물
집에서 짜장면 만드는 방법 짜장면 만들기,https://www.10000recipe.com/recipe/6940727
칼국수면,돼지고기,양파,대파,오이 어슷썰기,춘장,간장,설탕,미원,전분
홈메이드 짜장면 만들기,https://www.10000recipe.com/recipe/6939316
양배추,양파,호박,감자,돼지고기,파,생강,다진마늘,설탕,후추,전분,춘장,식용유,소금,물
"소소한 주말 일상 이야기, 짜장면과 씨만 쏙! 복숭아 자르는 법",https://www.10000recipe.com/recipe/6938940
감자,호박,양파,당근,양배추,돼지고기,춘장가루,전분,식용유,깨소금,오이,복숭아,칼
간짜장만들기 집에서도 짜장면 간편하게 만들어먹자! feat.짜장레시피,https://www.10000recipe.com/recipe/6938891
춘장,식용유,돼지안심,양파,양배추,당근,감자,파,간마늘,후추,올리고당,굴소스
간단하고 맛있는 .... 짜장면,https://www.10000recipe.com/recipe/6938425
양파,애호박,오이채,스팸,달걀,라면사리,춘장,굴소스,치킨스톡 각,전분물,물
소면 짜장면 # 춘장 ,https://www.10000recipe.com/recipe/6935987
양파,당근,마늘,생강,소고기,소면,설탕,춘장,감자전분
집에서 짜장면이 먹고 싶을때,https://www.10000recipe.com/recipe/6935727
짜장소스,냉동중화면,양파,기름
한그릇요리 소면으로 자장면 만들기,https://www.10000recipe.com/recipe/6935678
소면,자숙 새우살,양파 中,대파,오이,물,식용유,자장분말소스
다이어트 식단 : 곤약 자장면 만들기,https://www.10000recipe.com/recipe/6935380
곤약,표고버섯,양파,다진마늘,춘장,설탕,감자전분,물,오이,계란후라이,탄산수,홍초,깔라만시,얼음,냉수
진짜 짜장면처럼 만들어먹는 짜짜로니,https://www.10000recipe.com/recipe/6934694
짜짜로니,스팸,양파,자장 분말
어린이날 간식 쉽고 맛있는 짜장면 만들기,https://www.10000recipe.com/recipe/6931944
청정원직화짜장,치킨스톡,돼지고기,양파,감자,양배추,애호박,느타리버섯,당근,식용유,물,감자전분,맛술,다진마늘,후추,간장,참기름,설탕
짜장면,https://www.10000recipe.com/recipe/6931706
양파,대파,전분물,냉동면,돼지고기,기름,물,소금,후추,짜장분말,설탕
주말요리 짜장분말가루와 대패삼겹살로 누구나 쉽게 후다닥 만드는 짜장면,https://www.10000recipe.com/recipe/6931308
대패삼겹살,양파,감자,양배추,오이,물,짜장분말,설탕,마늘,맛술,마늘생강기름
쫄짜장면 만들기,https://www.10000recipe.com/recipe/6930703
돼지고기,양배추,감자,양파,당근,잔파,계란후라이,고춧가루,쫄면,볶음 춘장,흑설탕,물,녹말,찬물
유재석 짜장라면 돼지고기 앞다리살 넣은 짜장면 만들기,https://www.10000recipe.com/recipe/6929823
짜장라면,계란,양파,돼지고기,대파,면수,미림,후추,소금
짜장면 만들기 ,https://www.10000recipe.com/recipe/6928665
닭고기,양배추,양파,당근,대파,짜장면,미향,생강가루,후춧가루,멸치액젓,참기름,고추가루
짜장면:비법은 된장 조금,https://www.10000recipe.com/recipe/6928131
짜장가루,돼지고기,통후추,청주,식용유,양배추,양파,애호박,당근,된장,토마토,물,스파게티면,굵은소금,올리브오일,토마토
<간단요리>춘장으로 짜장면 만들기,https://www.10000recipe.com/recipe/6927497
양파,애호박,양배추,춘장,설탕,간장,소금,물,전분,돼지고기 다짐육,중화면,계란
아이들이 좋아하는 짜장면! 유니짜장 만들기,https://www.10000recipe.com/recipe/6926334
돼지고기,양송이 버섯,감자,양파,애호박,파,양배추,오이,국수,새싹채소,맛술,춘장,간장,식용유,소금,후추,맛술
짜장면 같은 짜장면 만드는 법,https://www.10000recipe.com/recipe/6922891
짜장라면,콘옥수수,생강,양파,파,만두
집에서 짜장면 만들기,https://www.10000recipe.com/recipe/6920779
돼지고기,춘장,식용유,양파,양배추,대파,설탕,치킨스톡,면
"소고기자장면. 가족모임에 모두가 좋아하는 자장면, 어떠세요?",https://www.10000recipe.com/recipe/6914797
소고기,고형 자장,중화면,양파,양배추,애호박,다진마늘,설탕,오일,물,삶은달걀
"쟁반짜장, 해물쟁반 짜장면, 백종원 레시피",https://www.10000recipe.com/recipe/6913911
돼지고기,각종해물,양파,호박,양배추,식용유,스파게티면,볶은춘장,굴소스,간장,맛술,설탕,다진마늘,파,전분물,후추가루,고추기름
붉은 짜장면,https://www.10000recipe.com/recipe/6913337
오뚜기 옛날 고추맛기름,오뚜기 옛날 국수 칼국수,이금기 고소하고 부드러운 두반장,이금기 중화 시즈닝 맛간장,설탕,고춧가루,물전분,돼지고기,양파,애호박,대파,청양고추,오이
소면으로 짜장면 만들기 : 짜장면 만들기 / Jajangmyeon,https://www.10000recipe.com/recipe/6912176
돼지고기,양배추,양파,춘장,대파,설탕,소면,계란,소금,후추,마늘
#매운쟁반짜장 #쟁반짜장만들기 #매콤한짜장면 #매운요리 #집에서_즐기는_매운_쟁반짜장!!!,https://www.10000recipe.com/recipe/6911737
양파,애호박,양배추,카레용 돼지고기,소세지,해물믹스,볶은 춘장,다진마늘,썬파,고춧기름,고춧가루,쥐똥고추,후추,간장,치킨스톡,훈제파프리카가루,고춧씨,전분물,도삭면,춘장,식용유
"가래떡 짜장떡볶이(짜장면, 짜장밥까지 가능한 떡볶이)",https://www.10000recipe.com/recipe/6910232
가래떡,돼지고기 다짐육,대파,양파,춘장,설탕,간장,생강술,굴소스,고춧가루,고추장,물
"굶지말고 다이어트하자! 맛,영양,칼로리 다가진 닭안심짜장면곤약:D",https://www.10000recipe.com/recipe/6908414
면 곤약,당근,느타리버섯,양파,양배추,애호박,닭안심,식용유,참기름,다진마늘,고춧가루,짜장가루,후추
미우새 이상민 궁상민 짜장면만드는법↙,https://www.10000recipe.com/recipe/6905912
짜장라면,옥수수콘,양파,생강,파,만두소
밀가루 대신 호박으로 면을 만들었다! 건강한 짜장면,https://www.10000recipe.com/recipe/6905848
훈제 닭가슴살,쥬키니호박,당근,양파,고구마,감자,짜장가루
쉽게 만드는 엄마표 짜장면,https://www.10000recipe.com/recipe/6904009
도삭면,짜장소스,양파,마늘,새송이버섯,소고기
일욜은 짜장면이지~,https://www.10000recipe.com/recipe/6903797
우동면,단호박,양파,돼지고기,양배추,당근,감자,춘장,설탕,간장,굴소스,전분물
다욧할때도 안심하고 먹을수 있는 쌀국수짜장면,https://www.10000recipe.com/recipe/6903509
볶음용 쌀국수,돼지고기,감자,양파,양배추,물,포도씨유,마늘,맛술,짜장분말
집밥 백선생 짜장면 응용 버전,https://www.10000recipe.com/recipe/6901652
춘장,식용유,다진돼지고기,대파,생강,설탕,굴소스,진간장,양파,감자,당근,호박,칼국수면
해물짜장면/간짜장/볶음짜장 그리고 딸기슬러쉬,https://www.10000recipe.com/recipe/6900767
생면,스파게티면,감자,양파,오징어,새우,양배추,식용유,녹말물,춘장,식용유,된장,청주,물,설탕
"짜장면 아니고, 굴 숙주 짜장밥",https://www.10000recipe.com/recipe/6900353
해동한 굴,씻을 물,소금,고형 간짜장,숙주 한줌 ,청주,양파,송송 썬 대파 한줌,송송 썬 파프리카 반줌,백만송이 버섯 한줌,식용유,물,밥
궁셔리 만두소 짜장면,https://www.10000recipe.com/recipe/6899955
냉동 만두,짜파게티,생강,대파,양파
짜자라짜짜~장면♬ 오늘은 내가 요리사! 한섬만두짜장면,https://www.10000recipe.com/recipe/6896925
비비고 한섬만두,칼국수 면,춘장,찹쌀가루,양파,대파,생강,설탕,물
맛없는 분말짜장 대신 초간단 짜장면 만들기,https://www.10000recipe.com/recipe/6893255
춘장 250g,양파,양배추,쥬키니,돼지고기 안심,소금,후추,맛술,생칼국수면
봉지라면의 변신은 무죄! '해물짜장면' 만들기*,https://www.10000recipe.com/recipe/6890284
짜장라면,양파,주키니호박,해물믹스,쪽파,고춧가루,간장,후추
옛날 중국집맛을 생각하며 만든 짜장면 황금레시피(feat.짜장밥) ,https://www.10000recipe.com/recipe/6883439
양파,호박,양배추,쪽파,표고버섯,완두콩,짜장분말,물,소금,후추,올리브유
유니짜장만들기! 짜장면에 진수~,https://www.10000recipe.com/recipe/6881207
춘장,면,돼지고기,양파,애호박,오이,생강,진간장,청주,설탕,녹말가루,식용유,참기름,물
스파티티면을 이용한 초간단 자장면 만들기,https://www.10000recipe.com/recipe/6880396
자장가루 or 춘장,양배추,양파,당근,돼지고기,스파게티면,오이,식용류,밀크커피
"칼로리 다운시킨 맛있는
쌀짜장면",https://www.10000recipe.com/recipe/6880151
쌀국수,홍감자,양파,양배추,간돼지고기,물,짜장분말,설탕,올리브오일,마늘,맛술,파, ,오이채,삶은계란,통깨
3분짜장으로 간단하게 짜장면 만들기,https://www.10000recipe.com/recipe/6879178
3분짜장,면,양파,양배추,후춧가루,고춧가루
#냉장고를부탁해 이연복셰프의 수타짜장면만들기 #면까지 직접 반죽하고 만들어낸 정성가득한 수타짜장면!!!,https://www.10000recipe.com/recipe/6878171
밀가루,아로니아가루,소금,미지근한물,춘장,식용유,돼지고기,해물믹스,양파,오이,배추,마늘,대파,청양고추,간장,청주,설탕/꿀
자장면만들기,https://www.10000recipe.com/recipe/6874517
돼지고기,양파,감자,파프리카,물,우동면,오이,계란후라이,춘장,설탕,녹말가루,물
"이마트에도 맛있는 짜장면 팔아요>ㅁ<자취요리,야매요리",https://www.10000recipe.com/recipe/6872731
매콤진짜장면,계란,무순
"소고기 짜장, 짜장밥, 짜장면",https://www.10000recipe.com/recipe/6869258
춘장,식용유,전분가루,소고기 간것,감자,양파,애호박,당근,우동면,달걀,다진마늘,맛소금,후추
매콤한 두부튀김과 자장면 ,https://www.10000recipe.com/recipe/6868755
짜왕,두부,전분,양파,파프리카,청경채,마늘,베이컨,부추,올리브오일,두반장
감자 크로켓과 짜장면의 콜라보레이션 ,https://www.10000recipe.com/recipe/6868255
짜왕,버터,브로콜리,갈자,달걀,빵가루,소금,후춧가루
동그랑땡(난자) 짜장면 ,https://www.10000recipe.com/recipe/6866955
짜왕,돼지고기 다짐육,대파,마늘,달걀흰자,식용유,녹말가루,간장,청주,후춧가루
애호박 스크램블 짜장면 ,https://www.10000recipe.com/recipe/6856768
짜왕,쪽파,청양고추,애호박,달걀,생크림,올리브오일
짜파게티를 활용한 볶음 짜장면 ,https://www.10000recipe.com/recipe/6856122
짜파게티,양파,양배추,숙주,오징어,바지락,청양고추,앤초비,새우,깐마늘,미니새송이,굴소스,돈까스 소스,마요네즈,올리브오일,청주
전복 쌀짜장면,https://www.10000recipe.com/recipe/6856116
쌀짜장면,전복,다진 마늘,양상추,버터,쌀국수 삶은 물
쌀 짜장면 주먹밥,https://www.10000recipe.com/recipe/6856115
농심 라이스짜장면,농심 햅쌀밥 or 고시히카리쌀밥,분말스프,후레이크,조미유,물,반달단무지,오이,양파
토토 라이스 짜장면 <제 6회 면요리 공모전 수상작_멘토상>,https://www.10000recipe.com/recipe/6856111
쌀 짜장면,분말스프,엑스트라버진 올리브오일,진짜진짜 ,토마토,청양고추,양송이 버섯,마늘,새싹,케찹,양파,다진 소고기
소고기 두부 짜장면,https://www.10000recipe.com/recipe/6856109
후루룩 소고기 짜장면,두부,물
옛날 짜장밥....볶은 춘장으로 짜장밥 or 짜장면 ,https://www.10000recipe.com/recipe/6856097
춘장,돼지고기간것,포도씨유,설탕,감자,당근,애호박,가지,양파,흰파,마늘,달걀,오이채,통깨,감자전분,맛술,통깨,올리고당
집밥백선생2 만능춘장레시피 짜장밥 짜장면,https://www.10000recipe.com/recipe/6855896
만능춘장,달걀,밥,깨, ,면,춘장,고추장,오이
백종원님의 만능춘장으로 만든 해물짜장면~~,https://www.10000recipe.com/recipe/6855826
춘장,잘게 썰은 대파,양파,식용유,돼지고기,진간장,굴소스,설탕,식용유
파스타로 짜장면 응용한 요리 레시피,https://www.10000recipe.com/recipe/6855621
돼지고기,냉동새우,문어다리,파스타,밥,춘장,베트남고추,깻잎,설탕,굴소스,다진마늘,전분가루,올리브유
짜장면,https://www.10000recipe.com/recipe/6855554
미니밤호박,애호박,양파,당근,표고버섯,마늘,복숭아효소,짜장가루,뽕잎소금
짜장면,https://www.10000recipe.com/recipe/6855272
춘장,돼지고기 갈은것,양파,감자,양배추,생강,마늘,면,간장,설탕,소금,전분,물,기름,물
집에서 영양듬뿍 짜장면 만들기 ~ ♬,https://www.10000recipe.com/recipe/6855110
돼지등심,칼국수생면,양파,색파프리카,당근,간장,후추,소주,춘장,짜장가루,물
사천짜장보다 더 맛있는 고추장 짜장면! ,https://www.10000recipe.com/recipe/6850375
돼지고기,양파,새송이버섯,청양고추,감자,고추장,식용유,설탕,소금,후추
짜장면 ,https://www.10000recipe.com/recipe/6843791
돼지고기,호박,양파,감자,양배추,파기름,닭육수,돼지기름,전분물,중력분,감자전분,소다,물,춘장,다진마늘,설탕,소금
짜장라면을 양파짜장면으로 둔갑시키기 양파짜장면 만들어 먹었어요,https://www.10000recipe.com/recipe/6840241
짜장라면,양파,고추가루
올리브TV 비법의 붉은 짜장면,https://www.10000recipe.com/recipe/6838005
삼겹살,애호박,중화 면 또는 우동 사리,물,청양고추,마늘,오이,대파 흰 부분,고추기름,고춧가루,청주,설탕 1~,간장,두반장,식용유,전분,물
짜장면 만들기,https://www.10000recipe.com/recipe/6837397
양배추,새송이버섯,호박,양파,당근,소고기간것,춘장,식용유,설탕
[집밥백선생]집밥반점편에 방송된 백선생짜장면!!,https://www.10000recipe.com/recipe/6837387
춘장,식용유,대파,양파,양배추,돼지고기,전분,칼국수용면,오이
"집에서도 고급스러운 중식, 빨간짜장면 만들기",https://www.10000recipe.com/recipe/6836677
삼겹살,양파,애호박,청양고추,마늘,대파,송이버섯,두반장,고추기름,간장,설탕,청주,감자전분,물
곤약짜장면 ,https://www.10000recipe.com/recipe/6836631
양파,당근,양배추,감자,리챔,짜장분말,후춧가루,다진마늘
엄마가 만들어주는 짜장면,https://www.10000recipe.com/recipe/6835679
춘장,식용유,대파,당근,애호박,양파 큰 것,돼지고기,굴소스,치킨스톡,물,설탕,청주,마늘,후춧가루,물,감자전분,중화면
토마토 고추장 짜장면,https://www.10000recipe.com/recipe/6835347
감자,양파,토마토,돼지고기,청양고추,소면,후추,고추장,쌈장,다진마늘,물
토마토 김치 자장면,https://www.10000recipe.com/recipe/6835180
김치,햄,토마토,라면사리,계란,자장가루,물,고춧가루,통깨,참기름
1. 야채짜장면 레시피 <짜장소스 활용 1탄>,https://www.10000recipe.com/recipe/6834493
당근,양파,감자,완두콩,스파게티면,버터,마늘다진것,짜장가루,물
홈메이드 자장면,https://www.10000recipe.com/recipe/6834187
냉동,계란,양파,당근,돼지고기 잡채용,애호박,감자,식용유,마늘,생강,부추,단무지,춘장,녹말가루,물,마법의 액상소스,설탕
비건채식 감자자장면,https://www.10000recipe.com/recipe/6833304
채식감자라면,감자,당근,새송이버섯,애호박,풋고추,고추가루,오이
토마토김치짜장면,https://www.10000recipe.com/recipe/6832820
토마토,김치,자장가루,햄,깨
집에서 만드는 짜장면,https://www.10000recipe.com/recipe/6832174
감자,양파,돼지고기,당근,분말짜장,새우,칼국수면,청주,다진마늘,소금,후추
엄마표 우동짜장면,https://www.10000recipe.com/recipe/6830551
양배추,새송이버섯,당근,애호박,양파,우동사리,다진마늘,짜장분말가루,물
짜장면 만들기,https://www.10000recipe.com/recipe/6830539
돼지고기,양배추,양파,감자,다진마늘,청주,물,식물성오일,칼국수면,수란,짜장가루
홈메이드 짜장면 만들기,https://www.10000recipe.com/recipe/6829711
양파,감자,햄,당근,물,녹말가루,생칼국수면,올리브유,계란후라이,춘장,설탕,고춧가루
옛날식 짜장면,https://www.10000recipe.com/recipe/6828968
짜장분말가루,양파,애호박,감자,당근,양배추,돼지고기,칼국수면,다진마늘
[짜파게티맛있게끓이는법]중국집 짜장면처럼 만들어봐요!,https://www.10000recipe.com/recipe/6797009
짜파게티,새송이,아스파라거스,양파,물,면삶기용물
해물 짜장면 만들기,https://www.10000recipe.com/recipe/6749721
춘장,양파小,양배추,해물믹스,우동면,다진마늘,포도씨오일,물,전분가루,물
짜장면 만드는 법 ,https://www.10000recipe.com/recipe/6704259
양파,호박,새송이버섯,감자작은거,당근,고기,올리브유,전분물,마늘,칼국수면,춘장
백년짜장-짜장면 만드는법,https://www.10000recipe.com/recipe/6629399
돼지고기다짐육,춘장,대파,오이,무순,닭육수 or,후춧가루,면
"어떤걸로 드실래요? 자장면, 자장밥",https://www.10000recipe.com/recipe/6615478
닭가슴살 또는 닭안심,양파,감자 中,당근 小,애호박,포도씨유,물,자장가루,우리밀,물,소금,포도씨유,덧밀가루
홈메이드 짜장면,https://www.10000recipe.com/recipe/5882373
생면,양배추,양파,돼지고기,당근,애호박,춘장,올리브유,다진마늘,물
엄마표 짜장면,https://www.10000recipe.com/recipe/5843096
돼지고기등심,감자,당근,양파,호박,다진마늘,분말짜장가루
자장면만들기,https://www.10000recipe.com/recipe/5783153
돼지고기,당근,감자,양파,완두콩,오이,포도씨유,녹말가루,물,칼국수면,춘장,소금
자장면,https://www.10000recipe.com/recipe/4252047
생소면,양파,감자,당근,식용유,새송이버섯,목살,멸치육수,춘장,두반장,설탕,녹말가루,물,소금
채소만 있어도 완전 푸짐한 자장면 ,https://www.10000recipe.com/recipe/4079902
감자,양파,호박,양배추,스파게티면,춘장
홈메이드 자장면,https://www.10000recipe.com/recipe/4066176
생칼국수면,닭가슴살,새우,양파,청량고추,당근,애호박,양송이 버섯,다진마늘,소금,후추,자장 가루 분말,물
자장면,https://www.10000recipe.com/recipe/3660025
돼지고기뒷다리,감자,양파,당근,삶은달걀,오이,자장소스,물,브로콜리,완두콩,시판용 우동면
화끈한 자장면,https://www.10000recipe.com/recipe/2432023
칼국수면,양배추,새송이버섯,양파,감자,청경채,돼지고기,솔방울오징어. 새우,완두콩,다진마늘,생강가루,포도씨유,춘장,청주,간장,굴소스,치킨파우더,설탕,참기름,후춧가루,물,물녹말
화끈한 자장면,https://www.10000recipe.com/recipe/2345359
칼국수 면,양배추,새송이버섯,양파,감자,청경채,돼지고기,솔방울오징어,새우,완두콩,다진마늘,생강가루,포도씨유,볶은춘장,청주,간장,굴소스,치킨파우더,설탕,참기름,후춧가루,물, ,물,녹말가루
홈메이드 자장면 만들기 ,https://www.10000recipe.com/recipe/1988859
생칼국수면,돼지고기,감자,오징어,당근,양배추,청량고추,다진마늘,소금,후추,자장가루분말,물
"편식을 없애주는 메뉴 자장밥, 자장면",https://www.10000recipe.com/recipe/1979432
당근,양배추,감자,양파,돼지고기,춘장,올리브유,다진마늘,청주,물,설탕, ,물,녹말가루
짜장면 만들기 ,https://www.10000recipe.com/recipe/1934099
분말 짜장,닭안심,감자,호박,양파,당근,양배추,마늘,생칼국수면,월계수잎,물,포도씨오일
너무나 쉬운 홈메이드 자장면,https://www.10000recipe.com/recipe/1854110
오징어,돼지고기,양파 ,애호박,대파,마늘,오이,면,춘장,굴소스,청주 ,설탕,전분
중국집은 저리가라 홈메이드 자장면,https://www.10000recipe.com/recipe/1847505
쫄면,돼지고기 등심,냉동새우,양파,감자,애호박,포도씨유,물,춘장,요리당,맛선생 해물맛
자장면,https://www.10000recipe.com/recipe/1842372
생소면,돼지고기 다짐육,양파 큰 것 1개,양배추 1줌,당근 약간,완두콩,식용유,물,녹말가루,소금간,오이,생강즙,맛술,후춧가루,소금,춘장,식용유
"☆짜짱소스만들기-간단!방법,(짜짱밥으로도 짜장면으로도 좋아!)(중화요리,쭈쭈뽕)",https://www.10000recipe.com/recipe/1808141
돼지뒷다리살,적양배추,파프리카,양파,호박,대파,춘장,설탕,식용유,다진마늘
짜장면,https://www.10000recipe.com/recipe/1782497
짜장면발,양파 작은 크기,감자,당근,애호박,돼지고기안심,옥수수캔,삶은 달걀,마늘,녹말물,오이,물,포도씨유,소금,청주,후추 춘장,설탕,물엿
