만두,추천순,199
비엔나 만두 강정,https://www.10000recipe.com/recipe/6877253
만두,비엔나소세지 작은거,물,간장,고추장,케찹,올리고당,다진마늘,참기름,깨
중식의 대가 이연복 쉐프 깐풍만두 초간단 레시피,https://www.10000recipe.com/recipe/6902300
만두,대파,쥐똥고추,다진마늘,간장,설탕,식초,물엿,후추
만두강정 소스까지 다 만들기 간단간식 맥주안주로 굿굿!,https://www.10000recipe.com/recipe/6880201
만두,옥수수,땅콩가루,고추장,케찹,올리고당,설탕,맛술,다진마늘
"[간단 자취요리] 정말 쉬운 비빔만두 만들기! 간식, 술안주로도 굿!",https://www.10000recipe.com/recipe/6862948
각종야채,냉동만두,고추장,식초,설탕,다진마늘,참기름
깐풍만두 전분가루 없이도 맛있는 소스만들기,https://www.10000recipe.com/recipe/6835071
냉동만두,냉장고 속 자투리 채소,간장,식초,미림,굴소스,설탕,물,다진마늘
고구마 옥수수 치즈 만두 ,https://www.10000recipe.com/recipe/6910424
구운 고구마,모차렐라치즈,옥수수 콘,다진 스팸,꿀 또는 시럽,소금
에어프라이어 깐풍만두 만들기,https://www.10000recipe.com/recipe/6907784
만두,간장,올리고 당,설탕,식초,다진 마늘,대파,홍고추,후춧가루
부산에서 유명하다는 달걀만두 ,https://www.10000recipe.com/recipe/6929819
달걀,삶은 당면,다진대파,다진당근,다진청양고추,식용유,참치액
유린기소스와 만두의 만남 ★ 유린만두,https://www.10000recipe.com/recipe/6916363
냉동만두,양상추,레몬,식용유,간장,설탕,식초,물,대파,홍고추,청양고추
"만두볶음밥 만들기, 간단한 한 끼 식사로 제격 ~ ",https://www.10000recipe.com/recipe/6884578
만두,밥,다진 마늘,식용유,굴소스,참기름,통깨,후추
바삭바삭 만들기도 쉽고 맛있는 간식 만두피 치즈스틱 만들기,https://www.10000recipe.com/recipe/6904302
만두피,피자치즈,계란,빵가루,식용유
매콤달콤 깐풍만두 만들기- 식상한 만두요리는 가라!,https://www.10000recipe.com/recipe/6865281
냉동만두,파프리카,양파,파,청양고추,다진마늘,굴소스,간장,올리고당,식초,후추,참기름,깨
깐풍만두,https://www.10000recipe.com/recipe/6902078
냉동만두,대파,다진 마늘,홍고추,간장,식초,올리고 당,설탕,맛술,후춧가루
 에어프라이어 깐풍만두,https://www.10000recipe.com/recipe/6909523
냉동만두,청양고추,홍고추,양파,대파,마늘,식용유,간장,설탕,요리 당,굴 소스,식초,물
물만두 강정~*,https://www.10000recipe.com/recipe/6875452
물만두,아몬드,고추장,케챱,맛간장,올리고당,통깨,다진마늘,물
고구마치즈스틱 - 남은 만두피로 만들었어요 #아이간식,https://www.10000recipe.com/recipe/6859648
만두피,모짜렐라슬라이스치즈,찐고구마,올리고당,식용유
당면 계란 만두 전~*,https://www.10000recipe.com/recipe/6865345
당면,계란,대파,당근,굴소스,후추
"만두탕수 만들기, 새콤달콤 간식으로 인기만점 ",https://www.10000recipe.com/recipe/6956083
물만두,빨강파프리카,노랑파프리카,오렌지,양파,브로콜리,물,진간장,설탕,식초,전분가루,물
만두샐러드 ~ 출출한 배를 채워주는 간단한 야식 ^^,https://www.10000recipe.com/recipe/6936844
만두,쌈야채 또는 새싹채소,양파,고추장,멸치액젓,설탕,매실청,맛술,식초,다진마늘,참기름,통깨
한그릇요리 만두밥 치즈넣어 고급지게!,https://www.10000recipe.com/recipe/6920410
밥,냉동만두,피자치즈,고추장,참기름
"비빔만두 만들기, 매콤새콤 계속 땡기는 바로 이 맛 !!",https://www.10000recipe.com/recipe/6873677
냉동만두,양배추,적양배추,당근,깻잎,고춧가루,고추장,식초,간장,올리고당,설탕,참기름,통깨
[간단 자취요리] 냉동만두의 계급상승! NO오븐 떠먹는 피자 만들기 ,https://www.10000recipe.com/recipe/6862079
양파,토마토소스,냉동만두,모짜렐라치즈
간장에 찍어먹는 만두는 이제 그만 ★ 분식집 양념만두,https://www.10000recipe.com/recipe/6914248
냉동 물만두,다진땅콩,고추장,고춧가루,물엿,다진 마늘,물,간장,케첩
"만두치즈밥 , 전자렌지 하나로 간편하게 5분완성 한끼 :)",https://www.10000recipe.com/recipe/6861939
즉석밥,냉동만두,고추장,참기름,피자치즈
[간단 자취요리] 보글보글~ 만두 짜글이 만들기,https://www.10000recipe.com/recipe/6870713
냉동왕만두,양파,대파,고춧가루,간장,다진마늘
"보글보글 촉촉하고 따끈한 만두를 밥위에 챱★ 간단하게 만들어요, 만두동!",https://www.10000recipe.com/recipe/6882490
밥,만두,채 썬 양파,달걀,송송 썬 쪽파,식용유,간장,설탕,맛술,물
크리스마스 아이들간식~NO오븐!! 만두피로 만든 피자*^^*,https://www.10000recipe.com/recipe/6902694
만두피,청피망,빨간색 파프리카,노란색 파프리카,햄,양파,토마토소스,피자치즈
[간단 자취요리] 만두피 매작과 만들기,https://www.10000recipe.com/recipe/6878785
만두피,물,설탕
달걀만두 - 달걀전,https://www.10000recipe.com/recipe/6877054
당면,달걀,양파,당근,부추,식용유,간장,설탕,소금
냉동만두 요리 맛있는 만두떡강정 만들기!,https://www.10000recipe.com/recipe/6872135
마늘,양파,대파,냉동만두,떡국떡,식용유,견과류,고추장,케찹,물엿,설탕,간장
비빔만두 레시피,https://www.10000recipe.com/recipe/6863928
만두,국수,양배추 채,상추,양파,고추장,고추가루,설탕,식초,꿀,매실액,참기름,깨소금
[에어프라이어] 매콤달콤 맛좋은 간식! 김말이강정 & 만두강정:D,https://www.10000recipe.com/recipe/6904744
냉동 김말이,냉동만두,식용유,깨,참기름,고추장,매실액,올리고당,케찹
만두 고구마 치즈스틱,https://www.10000recipe.com/recipe/6795909
만두피,치즈,고구마,오일
간단한 야식 '비빔만두' 만들기,https://www.10000recipe.com/recipe/6869584
냉동만두,양배추,당근,깻잎,김가루,식용유,고추장,식초,간장,고춧가루,설탕,참기름,올리고당,통깨,맛술
만두피로 근사한 디저트가 ★ 만두피에그타르트 ★ ,https://www.10000recipe.com/recipe/6913463
만두피,달걀노른자,우유,생크림,설탕,버터
깐풍만두 만드는 법 간식으로도 좋아요~,https://www.10000recipe.com/recipe/6878128
물만두,청피망,홍고추,마늘,다진파,생강가루,물,굴소스,간장,설탕,식초,후추,참기름
만두 그라탕 만들기 - 밥하기 귀찮으니까 편의점 털어보자!,https://www.10000recipe.com/recipe/6867010
만두,토마토소스,콘옥수수,모짜렐라치즈,계란,체다치즈
만두강정 간단하게 만들어 먹기 좋은 아이간식 :),https://www.10000recipe.com/recipe/6884681
물만두,견과류,식용유,고추장,케찹,간장,물,올리고당,미림,다진마늘
"다이어트 요리, 칼로리 줄인 배추 만두",https://www.10000recipe.com/recipe/6902569
배추,돼지고기,양파,청양초,부추,당면,두부,밀가루,소금,후추,마늘,초간장
쉽고 간단한~ 깐풍만두 만들기,https://www.10000recipe.com/recipe/6952694
냉동만두,홍고추,양파,통마늘,대파,간장,물,식초,갈색설탕,케찹
바삭! 아삭! 파만두 만들기ㅣ단짠 파닭소스 파채 쉽게 써는 법,https://www.10000recipe.com/recipe/6898407
물만두,파,간장,물,식초,다진마늘,올리고당
골뱅이 넣은 매콤하고 달콤한 납작 비빔만두,https://www.10000recipe.com/recipe/6955052
당면,부추,다진소고기,만두피,골뱅이통조림,쪽파,오이,적채,파프리카,새싹채소,소금,참기름,후추,깨,진간장,올리고당,맛술,다진마늘,고추장,고추가루,식초,올리고당,설탕,다진마늘,사과즙
"불닭볶음면으로 만드는 만두! 매콤 불닭 쌀만두 만들기, 만드는 법",https://www.10000recipe.com/recipe/6917242
불닭볶음면,라이스페이퍼,양파,식초,스위트콘,모짜렐라치즈,참치
맥주안주로 좋은 매콤한 만두강정 만들기,https://www.10000recipe.com/recipe/6935192
만두,식용유,설탕,간장,다진 마늘,케찹,고추장,올리고당,대파
"밥반찬은 물론 간식으로도 인기만점! ""떡 만두 강정"" 만들기",https://www.10000recipe.com/recipe/6885083
떡,물만두,튀김용기름,고추장,다진마늘,설탕,물엿,케찹,간장,깨
 탕수만두,https://www.10000recipe.com/recipe/6847914
동원 개성왕교자만두,양파,오이,당근,식용유,목이 버섯,식초,설탕,소금,간장,물,녹말가루,물
깐풍만두~*,https://www.10000recipe.com/recipe/6908090
만두,양파,대파,간장,굴소스,식초,설탕,올리고당,물
짭쪼롬한 만두볶이:D,https://www.10000recipe.com/recipe/6902049
냉동만두,식용유,다진마늘,간장,물엿
고구마콘치즈만두 ,https://www.10000recipe.com/recipe/6860173
삶은 고구마,콘옥수수,모짜렐라치즈,우유,만두피,올리고당
깐풍 만두 떡볶이 만들기 - 너무 쉽고 맛나서 기절각 주의!,https://www.10000recipe.com/recipe/6899899
떡볶이 떡,만두,어묵
특별한 날 특별한 간식~ 방울 만두깐풍,https://www.10000recipe.com/recipe/6899878
방울만두 ,양파,대파 1,청양고추,홍고추,마늘,식용유,참기름,간장,설탕,케첩,물,식초
라이스페이퍼로 베이컨야채만두 만들기♪,https://www.10000recipe.com/recipe/6842836
베이컨,라이스페이퍼,빨간파프리카,노란파프리카,애호박,당근,새송이버섯,굴소스,식용류,칠리소스
백파더 만두전골 만들기 ,https://www.10000recipe.com/recipe/6948414
냉동만두,배추,팽이버섯,느타리버섯,떡국떡,양파,청양고추,홍고추,대파,물,달걀,다진 마늘,국간장,소금
만두깐풍기- 만두랑 떡볶이랑 둘의 케미 맵지않게 단짠,https://www.10000recipe.com/recipe/6858191
만두,떡볶이떡,양파,당근,완두콩,간장,올리고당,설탕,굴소스,물,다진마늘
간단한 에어프라이어 레시피 깐풍만두 만들기,https://www.10000recipe.com/recipe/6909404
냉동만두,청고추,홍고추,쪽파,식용유,간장,식초,설탕,다진마늘,후추,맛술
쫄면사리넣은 비빔만두 만들기,https://www.10000recipe.com/recipe/6840351
양배추,오이,당근,양파,쫄면사리 200g 냉동만두,고추가루,고추장,간장,식초,메실엑기스,미림,설탕,올리고당,다진마늘,참기름,통깨
만두버섯전골 / 국물이- 국물이- 끝내줘여☆ ,https://www.10000recipe.com/recipe/6894679
만두,느타리버섯,팽이버섯,표고버섯,배추,쑥갓,청경채,양파,대파,사골육수,고춧가루,국간장,다진마늘,후추
"굴린만두, 만두피 없는 담백한 만두",https://www.10000recipe.com/recipe/6866687
다진 돼지고기,흰 대파,부추,양파,들기름,전분,계란 노른자,다진 마늘,생강,소금,후추,계란 흰자,전분,간장,식초,고춧가루
"왕만두로 만든 만두랑땡, 고소하고 맛나요~",https://www.10000recipe.com/recipe/6838292
왕만두,신김치,달걀,식용유
심플만두 - 냉파요리,https://www.10000recipe.com/recipe/6865738
부추,당근,어묵,양파,떡국떡,표고버섯,라이스페이퍼,굴소스
배추만두(18~20개),https://www.10000recipe.com/recipe/6842530
돼지고기 ,잘 익은 김치,부추,양파,굴소스,맛술,다진마늘,참기름,소금,후추,시금치,밀가루중력분,시금치즙,식용유,소금
고추만두국,https://www.10000recipe.com/recipe/6943068
냉동만두,대파,양파,청양고추,조미김,달걀,다진마늘,국간장,설탕,소금,고춧가루,참기름,고추기름,물,후춧가루
소스가 맛있는 만두강정 만들기,https://www.10000recipe.com/recipe/6945828
만두,식용유,고추장,케첩,간장,물,올리고당,미림,다진마늘,견과류
수미네반찬 비빔만두 야식으로 괜찮아,https://www.10000recipe.com/recipe/6927548
양파,깻잎,양배추,계란,만두피,당근 6cm,고추장,고추가루,다진마늘,설탕,식초,양조간장,통깨
간단 새우만두 만들기!,https://www.10000recipe.com/recipe/6934185
돼지고기다짐육,새우,대파,만두피,굴소스,맛술,다진마늘,소금,후추톡톡
만두 깐풍기 간식 만들기,https://www.10000recipe.com/recipe/6863152
물만두,양파,대파,깐마늘,홍고추,풋고추,식용유,간장,청주,설탕,식초
만두의 대변신 ★ 로제소스에 만두가 풍덩 ★ 로제만두 ★,https://www.10000recipe.com/recipe/6913652
물만두,편마늘,베이컨,양파,토마토소스,생크림,소금,후추,파슬리가루
깐풍만두 냉동만두요리를 가지고 왔어요.,https://www.10000recipe.com/recipe/6928983
냉동만두,간장,식초,설탕,후추,피망,빨강미니 파프리카,노랑 미니 파프리카,양파,대파,간마늘,기름
탕수육소스 만드는 법 탕수만두 만들기!,https://www.10000recipe.com/recipe/6874723
만두,양파,파프리카,후르츠,간장,식초,설탕,물,전분물
꽃이야? 만두야? 장미 왕 만두,https://www.10000recipe.com/recipe/6938712
새우,돼지 고기,부추,파 흰 부분,다진 마늘,다진 생강,청주,간장,만두피
매콤달콤 깐풍 만두,https://www.10000recipe.com/recipe/6892102
시판 만두,청고추,홍고추,통마늘,대파,고추기름,간장,식초,설탕,굴소스
5분 만두그라탕 만들기,https://www.10000recipe.com/recipe/6849937
토마토소스,치즈,체다치즈,만두
만두피 애플파이,https://www.10000recipe.com/recipe/6875694
사과,레몬즙 또는 식초 음료,소금,시나몬가루,설탕,만두피,튀김유
들깨 만두전골 ,https://www.10000recipe.com/recipe/6739754
냉동만두 8개,팽이버섯,애느타리버섯,채썬 양파,다진마늘,다시마 끓인물,국간장,들깨가루,곱게 어슷썬 대파
만두피로 허니버터칩 만드는법 ,https://www.10000recipe.com/recipe/6907966
만두피,버터,설탕,식용유
"도시락 (베이컨 계란말이 밥, 버섯 잡채, 감자, 닭가슴살 추파춥스, 만두 깐풍기, 고구마 또띠아)",https://www.10000recipe.com/recipe/2454026
베이컨,계란,애호박,당근 ,양파,표고버섯,느타리버섯,시금치,양파,홍피망,당면,닭가슴살,감자,청피망,당근,작은 만두,다진 양파,다진 파,다진 청고추,다진 홍고추,고구마,청피망,홍피망,양파,모짜렐라 치즈,또띠아,피클,간장,재래간장,매실청,다진마늘,후추,참기름,소금,간장,설탕,고추기름,다진마늘,간장,매실청,물엿,청주,케찹,매실청,간장,머스타드,물엿
야끼만두! 집에서 간단하게 만들어 먹는 초간단 야끼만두![문주부TV],https://www.10000recipe.com/recipe/6923368
당면,대파,청양고추,맛소금,굵은소금,후추,만두피
피없는만두만들기 :: 아이반찬으로 딱!,https://www.10000recipe.com/recipe/6678703
돼지고기다짐육,각종채소,전분가루
앗!냉동 만두라고? 만두강정♥,https://www.10000recipe.com/recipe/6863597
냉동 물만두,고추장,케찹,간장,물엿,다진 마늘,물,참기름,참깨,다진 땅콩
"냉동만두 요리 , 치즈듬뿍 만두그라탕 JMT",https://www.10000recipe.com/recipe/6889174
냉동만두,모짜렐라치즈,토마토소스
만두볶음밥 - 요렇게 간단할수가 의외로 괜찮은 만두볶음밥,https://www.10000recipe.com/recipe/6899437
밥,냉동만두,달걀,대파,다진 당근,다진 파프리카,식용유,굴소스 또는 간장,참기름,통깨
꿀떡 만두 떡강정,https://www.10000recipe.com/recipe/6863829
떡볶이떡,만두,다진양파,다진마늘,고추장,조청,설탕,물
떡없이 만두랑 라면사리로 만든 만두라볶이!,https://www.10000recipe.com/recipe/3822886
라면사리,냉동 찐만두,냉동 군만두,스팸,물,간장,고춧가루,올리고당,소금,후추
만두밥 만들기 계란말이밥,https://www.10000recipe.com/recipe/6951686
냉동만두,달걀,찬 밥,양배추,애호박,굴소스
"배추만두, 배추롤 만들기(남은 만두소 활용요리)",https://www.10000recipe.com/recipe/6901655
돼지고기 다짐육,배춧잎,파,다진마늘,소금,생강술,후춧가루,찹쌀가루
만두피 체다치즈 스틱~*,https://www.10000recipe.com/recipe/6877523
체다치즈,만두피,올리브유
"한입 쏘옥~ 
만두피 미니 치즈 핫도그~*",https://www.10000recipe.com/recipe/6854767
만두피,비엔나소세지,체다치즈,버터
만두전골~ 묵은지 만두전골 맛있게 만들기~,https://www.10000recipe.com/recipe/6859962
만두,소시지,대파,김치,양파,홍고추,사골육수,물,고추가루,간장,다진마늘,맛술,흙당,후추
취향저격☞♥만두까르보나라♥☜,https://www.10000recipe.com/recipe/5669268
냉동만두,우유,베이컨,체다 치즈,양파,버터,다진 마늘,소금,후추,파슬리가루
계란만두 만들기 당면 넣고 만든 달걀요리,https://www.10000recipe.com/recipe/6864234
계란,당면,당근,양파,파,맛술,설탕,소금,기름
크래미 달걀 만두,https://www.10000recipe.com/recipe/6920563
크래미,달걀,다진부추,청양고추,홍고추,식용유,고운소금,참치액
백종원 만두전골 만들기 고춧가루 넣고 칼칼하게,https://www.10000recipe.com/recipe/6914712
만두,육수용 만두,양파,느타리버섯,알배추,대파,물,소금,다진 마늘,국간장,멸치 액젓,고춧가루
초간단 야식 만두볶음:D,https://www.10000recipe.com/recipe/6953441
냉동만두,양파,대파,식용유,케찹,굴소스,돈까스소스,후추,올리고당
"요즘 인기 갈비만두 , 집에서 갈비만두 만들기 :)",https://www.10000recipe.com/recipe/6908055
만두피,소고기 다짐육,다진마늘,다진생강,다진 파,다진고추 ,간장,설탕,맛술,후추,참기름
"냉동만두로 만두그라탕 만들기, 치즈를 듬뿍 넣어 더욱 고소하게 ~ ",https://www.10000recipe.com/recipe/6836460
만두,피자치즈,베이컨,양송이,초록 피망,빨간 파프리카,주황 파프리카,양파,소금,후춧가루,다진 마늘,토마토 스파게티 소스,파슬리 가루
깐풍만두 만드는 법,https://www.10000recipe.com/recipe/6884228
만두,양파,홍고추,간장,식초,꿀,물,굴소스
주말간식엔 매콤고소한 '만두강정'! ,https://www.10000recipe.com/recipe/5714649
냉동만두,떡볶이 떡,캐슈넛,당근,브로콜리,고추장,케쳡,다진마늘,고추가루,소금 한,꿀 ,청양고추 조금
【초간단+맛보장】사골육수로 끓인 김치만두전골~,https://www.10000recipe.com/recipe/6843357
김치+김치국물,만두,사골육수,두부,양파,표고버섯,호박,청양고추,대파,다진마늘,고춧가루,훗추가루,국간장,맛소금
물만두가 강정이 된다면?! 이색 레시피 물만두강정,https://www.10000recipe.com/recipe/6891774
물만두,고추장,설탕,케찹,다진마늘
돼지고기 치즈 만두,https://www.10000recipe.com/recipe/6833314
돼지 고기,치즈,소금,후추,다진마늘,올리브유,만두피,파슬리
어만두 ... 이게 어? 만두? ,https://www.10000recipe.com/recipe/6873078
대구살,오징어,알배추,부추,두부,숙주,밀가루,소금,다진마늘,다진생강,청주,후추,액젓,참기름,달걀
"냉동만두 활용 레시피 , 만두소스 볶음면 :-)",https://www.10000recipe.com/recipe/6895688
냉동만두 ,면,양파 슬라이스,대파다진것,슬라이스치즈,다진마늘,굴소스,두반장,설탕,참기름,물
전자렌지로 만두피 라자냐 만드는 법,https://www.10000recipe.com/recipe/6833098
만두피,토마토소스,마늘,간돼지고기,피자치즈,양파
맛있는 만두요리 비빔만두 만드는 법,https://www.10000recipe.com/recipe/6876885
만두,양배추,깻잎,상추,노란 파프리카,빨간 파프리카,당근,고추장,간장,식초,설탕,고춧가루,다진 마늘,볶은 참깨
소풍 도시락 으로 굿! 만두 계란말이밥 ♡♡,https://www.10000recipe.com/recipe/6922902
계란,만두,굴소스,밥
만두피 피자! (오븐요리),https://www.10000recipe.com/recipe/6933405
만두피,양파,노랑 파프리카,빨강 파프리카,팽이버섯,김밥용 햄,블랙 올리브,청피망,시판로제스파게티소스,핫 소스,피자치즈,녹인버터,오일,파슬리가루,소금,후춧가루
전혀 어렵지 않은 수제 고기만두,https://www.10000recipe.com/recipe/6854289
돼지고기,부추,신김치,당면,두부,진간장,굴소스,간마늘,고추가루,참기름,생강가루,맛술
먹기전에는 모르는 냉동만두의 변신! 고로케만두 !!,https://www.10000recipe.com/recipe/6903600
만두,달걀,튀김가루,빵가루,마요네즈,다진 피클,다진 양파,레몬즙,꿀,후추,파슬리가루
만두요리/깐풍만두 만들기,https://www.10000recipe.com/recipe/6928888
냉동만두,양파,청양고추,진간장,식초,올리고당,굴소스,깨
[얌무진 레시피] 덮밥이 바삭바삭?! 냉동만두의 변신 바삭한 만두 덮밥 만들기,https://www.10000recipe.com/recipe/6851198
냉동만두,양파,대파,간장,맛술,물
달콤짭쪼롬한 양념이 찰싹 달라 붙은 깐풍만두 만들기!,https://www.10000recipe.com/recipe/6886286
냉동 만두,양상추,다진땅콩,다진양파,송송 썬 대파,고춧가루,다진 청고추,다진 홍고추,설탕,간장,식초,굴소스,물
만두피호떡 완전 초간단 간식 ,https://www.10000recipe.com/recipe/6854749
호떡믹스,만두피,식용유
만두소짜장라면 ☆ 만두소로 만드는 짜장라면,https://www.10000recipe.com/recipe/6844882
해동된 만두,짜장라면,대파,양파,식용유
비빔만두 만들기,https://www.10000recipe.com/recipe/6903442
만두,양배추,깻잎,당근,양파,오이,고추장,고춧가루,식초,다진마늘,간장,설탕,올리고당,매실액기스,참기름
간단레시피 만두피 라자냐(고급스러운 크리스마스 요리),https://www.10000recipe.com/recipe/6728077
만두피,양파,소고기 다짐육,토마토스파게티소스,옥수수 콘,소금,후추,피자치즈,파슬리가루
깐풍 만두,https://www.10000recipe.com/recipe/6923761
냉동만두,양송이버섯,청양고추,풋고추,마늘,간장,식초,설탕,고추가루
만두 그라탕 ,https://www.10000recipe.com/recipe/6835856
만두,마카로니,슬라이스 치즈,토마토,풋고추,모짜렐라 치즈,바질가루,깨
양념 치킨보다 맛있는(?) 양념만두!,https://www.10000recipe.com/recipe/6950554
냉동만두,물,기름,고추장,간장,물엿,핫소스,고춧가루
달콤한 애플 군만두,https://www.10000recipe.com/recipe/6878524
사과,버터,흑설탕,계피가루,전분가루,만두피
냉동만두의 색다른 변신2탄 초간단 크림만두,https://www.10000recipe.com/recipe/5320515
냉동 만두,양송이,생 새우살,우유,슬라이스치즈,다진마늘,후추
[만두전골 만드는 법]육수없이 끓이는 백종원 전골요리 레시피,https://www.10000recipe.com/recipe/6870865
만두,물,표고버섯,팽이버섯,느타리버섯,알배추,청경채,양파,대파,청양고추,홍고추,계란,간마늘,소금,국간장,후춧가루
초간단 새콤달콤 너무 맛있는 비빔만두 만들기,https://www.10000recipe.com/recipe/6952264
군만두,양배추,당근,양파,상추,깻잎,고추장,고춧가루,다진파,식초,설탕,통깨,참기름
#짠내투어_후쿠오카 포장마차 #명란만두만들기 #야타이의 명물 명란군만두,https://www.10000recipe.com/recipe/6906128
두부,다짐육,명란젓,부추,다진마늘,다진생강,썬파,청주,소금,후추,참기름
느억맘 소스에 퐁당 분짜만두 ★ ,https://www.10000recipe.com/recipe/6884293
냉동만두,식용유,어린잎채소,홍고추,청양고추,당근,설탕,스위트칠리소스,레몬즙,피쉬소스,다진마늘,물
참치 냉이지짐만두,https://www.10000recipe.com/recipe/6916234
동원참치,냉이,양파,만두피,다진 마늘,깨소금,소금,후추,식용유
만두피 없이 배추 속을 채운 단백한 배추찐만두 ♥,https://www.10000recipe.com/recipe/6867288
알배추,다진 돼지고기,양파,부추,당면,두부,밀가루,소금,후추,다진마늘,간장,식초,참기름,통깨
 떡 없는 떡볶이 만두,https://www.10000recipe.com/recipe/6944515
냉동만두,양파,당근,대파,납작 어묵,청양고추,고추장,고춧가루,흑설탕,간장,연두,다시마 우린물,밥수저
만두떡볶이ㅡ만떡,https://www.10000recipe.com/recipe/6877366
쌀 떡,만두 ,물,고추장,라면스프,다진마늘,설탕,간장,물엿,참기름,케찹
물만두달걀국 - 간단국으로 딱 좋은 메뉴,https://www.10000recipe.com/recipe/6897396
물만두,멸치다시마육수,달걀,국간장,대파,소금,후추
양념이 매력적인 마약만두/깐풍 만두 ,https://www.10000recipe.com/recipe/6857961
냉동만두,양파,콘옥수수,청고추,홍고추,대파,마늘,굴소스,물,간장,올리고당,식초,참기름,기름
아이간식추천 ) 달콤 바삭 만두 탕수육,https://www.10000recipe.com/recipe/6846707
물만두,오이,파프리카,파인애플통조림,옥수수통조림,식용유,진간장,설탕,파인애플통조림국물,케찹,식초,소금,전분
만두로 신박하게 전부쳐 먹자구! 만두전,https://www.10000recipe.com/recipe/6951589
냉동만두,청양고추,달걀,후추,간장,식초,물,고춧가루
노릇놋하게 구운 만두피그릇 칠리새우튀김 ,https://www.10000recipe.com/recipe/6870619
새우,감자전분,계란,식용유,시중에파는만두피,다진마늘,양파,케첩,칠리소스,굴소스,물엿,후추
쫄면 야채 비빔만두 맛있게 만드는법,https://www.10000recipe.com/recipe/6890588
쫄면,만두,콩나물,상추,계란,오이,당근,양배추,고추장,고춧가루,간장,설탕,식초,통깨
만두탕수육 만들기 소스만들기 간단해요~!!,https://www.10000recipe.com/recipe/6918500
납작만두,전분,양파,간장,케찹,소금,생수,올리고당
고기만두 ..시판 만두와 비교가 안됩니다,https://www.10000recipe.com/recipe/6862387
돼지고기,만두피,부추,양파,삶은 당면,간장+굴소스,후추,생강술,다진마늘,참기름,소금
"떡만둣국 레시피, 간단한 만둣국 끓이는법!",https://www.10000recipe.com/recipe/6518208
떡,만두,당근,양파,애호박,달걀,대파,멸치,다시마,국간장,소금,후추,참기름
군만두피자 - 진짜 쉽고 빠른 간단요리 맥주안주 야식으로 휘리릭~,https://www.10000recipe.com/recipe/6870905
군만두,토마토소스,채소,모짜렐라치즈
파채 비빔만두 - 야식만들기,https://www.10000recipe.com/recipe/6855328
군만두,대파,식용유,고추장,고춧가루,식초,맛술,올리고당,다진 마늘,스위트 칠리소스,참기름,통깨
만두달걀볶음밥 - 쓱 넣어 볶아주면 완성 만두볶음밥,https://www.10000recipe.com/recipe/6882996
냉동만두,밥,달걀,대파,양조간장,맛술,참기름,통깨
OMG!!! 인생 안주 나왔다 소시지만두피롤,https://www.10000recipe.com/recipe/6854714
프랑크 소시지,만두피,슬라이스치즈,물,식용유,케첩,머스터드
초간단/초스피드/사골 떡 만두국,https://www.10000recipe.com/recipe/6878181
떡국떡,냉동만두 작은것,사골곰탕,대파,달걀,다진마늘,소금,후추가루
[해피투게더] 페이의 깐풍만두 만들기,https://www.10000recipe.com/recipe/6901766
군만두,파프리카,청피망,양파,고추기름,간장,식초,굴소스,맛술,올리고당,참기름
오이만두 - 별미만두 오이요리,https://www.10000recipe.com/recipe/4952769
오이,달걀,만두피,대파,굴 소스,소금,오이절임용 소금
"너무나 간단하고 맛있는 드라마 ""사랑의 온도"" 온쉐프의 맛있는 만두요리",https://www.10000recipe.com/recipe/6870086
만두,케찹,버터,모짜렐라치즈
깐풍 만두 / 만두요리,https://www.10000recipe.com/recipe/6879154
냉동만두,양파,청양고추,홍고추,깐 마늘,식용유,설탕,간장,굴 소스,식초,물
"만두강정 만들기, 매콤달콤 소스로 더욱 맛있게 ~",https://www.10000recipe.com/recipe/6890811
만두,식용유,참기름,통깨,고추장,케찹,올리고당,미림,물,다진 마늘,후추
간편한 냉동만두 요리 : 깐풍만두 만들기!,https://www.10000recipe.com/recipe/6884369
냉동만두,대파,양배추,홍고추,간장,식초,올리고당,굴소스,맛술
이번 설에는 만둣국 대신 만두를 넣은 담백한 소고기 야채전골 어떠세요?,https://www.10000recipe.com/recipe/6838441
만두,배추,소고기,깻잎,대파,표고버섯,다시마,다진마늘,양조간장,소금,숙주,생수
만두피호떡,https://www.10000recipe.com/recipe/6953148
만두피,설탕,계피가루,해바라기씨
"만두깐풍기, 냉동만두로 저녁메뉴",https://www.10000recipe.com/recipe/6882501
만두,파프리카 빨·주·노,양파,대파·당근,마늘,간장,식초,맛술,설탕,전분가루
만두 순두부국 끓이기,https://www.10000recipe.com/recipe/6869689
순두부,호박,다진마늘,파,청양고추,양파,냉동 만두,고추가루,포도씨유,소금,후추,국간장,멸치가루
백종원의 냉동만두 계란말이 만들기,https://www.10000recipe.com/recipe/5194784
계란,냉동 만두,설탕,소금
이렇게 쉬워도 대나??? 고추기름물만두무침 ★,https://www.10000recipe.com/recipe/6938776
물만두,설탕,식초,간장,송송 썬 쪽파,식용유,고춧가루,다진 대파,다진 마늘
비빔만두 스피드하게 만들기,https://www.10000recipe.com/recipe/6912386
냉동만두,양배추,깻잎,초고추장,참기름
만두탕수육 만드는법 영양만점 간식 탕수만두,https://www.10000recipe.com/recipe/6841700
만두,양파,당근,오이,전분가루,올리고당,식초,간장,물,파슬리가루,케찹,식용류,후르츠
파이지 없이 식빵과 만두피로 만든 애플파이,https://www.10000recipe.com/recipe/6923041
큰 사과,식빵,만두피,달걀,버터,설탕,소금,시나몬,레몬즙,물녹말
바삭바삭 POP!♥팝탕수만두,https://www.10000recipe.com/recipe/6659369
냉동 물만두,양파,파프리카,물,간장,식초,설탕,전분가루,물
"탕수만두 만들기, 탕수육 소스 비율",https://www.10000recipe.com/recipe/6890193
군 만두,목이버섯,당근,양파,파프리카,식용유,물,간장,설탕,레몬즙,감자전분 수북하게,물
만두피요리 떡 치즈 튀김,https://www.10000recipe.com/recipe/6872260
떡볶이 떡,체다치즈,만두피,튀김가루,식용유,치즈가루,파슬리
그냥 후딱이 볶아 밥에 올려 먹는 만두계란덮밥,https://www.10000recipe.com/recipe/6840010
식용유,다진마늘,대파,고추가루,냉동 군만두,굴소스,다시마 멸치육수,계란,물,소금
만두피 미니피자 작아도 맛있어요,https://www.10000recipe.com/recipe/6906398
만두피,양파,파프리카,피망,버섯,스위트콘,베이컨,모짜렐라,피자소스,케찹,마요네즈,파슬리가루
자취생 간단요리<만두깻잎전>,https://www.10000recipe.com/recipe/6841093
깻잎,김치만두,물만두,밀가루,달걀
군만두가 지겨울땐 비빔만두 만들기 ♩,https://www.10000recipe.com/recipe/6884745
만두,양배추,파프리카,깻잎,당근,설탕,고추장,식초,참기름,통깨
김치와 만두의 콜라보!김치만두전 만들기,https://www.10000recipe.com/recipe/6846335
익은김치,만두,계란,부침가루,물
간단한그릇~ 얼큰한 사골만두국!,https://www.10000recipe.com/recipe/6908846
납작 만두,사골육수,계란,다진파,다진마늘,고추장,설탕
비빔만두 만들기,https://www.10000recipe.com/recipe/6926496
냉동만두,당근,양배추,깻잎,고추장,식초,레몬즙,참깨,올리고당,참기름
느끼함 따윈 싸악~ 잊어버린! 비빔만두,https://www.10000recipe.com/recipe/6784310
냉동만두,양배추,오이,양파,깻잎,고추장,고춧가루,식초,설탕,참깨,청양고추
맛있는 만두국 간편하게 끓이는법!!,https://www.10000recipe.com/recipe/6858056
냉동만두,달걀,대파,당근,양파,국간장,소금,다시다
얼큰한 만두전골 끓이기,https://www.10000recipe.com/recipe/6833875
만두,떡국떡,버섯,대파,양파,애호박,부추,멸치다시마육수,고추가루,청주,국간장,다진마늘,후추
바삭하고 매콤하게 비빔만두 만들기,https://www.10000recipe.com/recipe/4591399
건당면,다진돼지고기,미림,간장,만두피,후추,양배추,깻잎,양파,다진마늘,고추장,매실액,식초,참깨,고춧가루
"맛살 계란 만두, 간단 계란요리",https://www.10000recipe.com/recipe/6892517
계란,크레미 맛살,파,소금,맛술,식용유
피자 만두,https://www.10000recipe.com/recipe/6898400
군만두,토마토소스,모짜렐라치즈,파슬리가루
부추와 참치가 듬뿍 들어가 담백한 '부추만두',https://www.10000recipe.com/recipe/6861004
만두피,부추,청량고추,두부,계란,참치,소금,후추,깨소금,참기름,다진마늘,굴소스
"만두피로 만드는 타코, 이것도 별미~~",https://www.10000recipe.com/recipe/4648460
왕 만두피,당근,양파,게살,적양배추,굴소스,식용유
추운날 만두전골 황금레시피,https://www.10000recipe.com/recipe/6832561
만두,두부,느타 리버섯,김치조금,떡,애호박,양파,고추장,다진마늘,고추가루,국간장,간장,굴소스,매실액,맛술,후추
옥수수치즈만두 - 남은 만두피 활용 옥수수만두,https://www.10000recipe.com/recipe/6947654
만두피,옥수수,마요네즈,크림치즈,꿀 ,모짜렐라치즈,체다치즈
만두피 타코 만들기 - 아이들간식 만들기!!!,https://www.10000recipe.com/recipe/6864736
만두피,쌈채소,양배추,삶은계란,당근,데친 비엔나소세지,마요네즈,설탕
배추만두 만드는 법,https://www.10000recipe.com/recipe/6864790
배추,돼지고기,두부,표고버섯,당근,쪽파,다진마늘,소금,후춧가루,참기름
"달걀당면만두, 맛있는 간단 밑반찬",https://www.10000recipe.com/recipe/6399045
달걀,간 소고기,당면,대파,당근,양파,설탕,후추,소금,케첩,마요네즈,초간장
(풋고추 레시피) 풋고추 만두 강정,https://www.10000recipe.com/recipe/6904140
풋고추,돼지고기 다짐육,부추,두부,숙주,파,다진마늘,튀김가루,밀가루,식용유,간장,올리고당,소금,후추,참기름,깨
[초간단] 떠먹는 만두 피자!,https://www.10000recipe.com/recipe/6922280
대림선야채듬뿍물만두,해표참고소한볶음참깨,카놀라유,모짜렐라치즈,체다치즈,양송이버섯,파프리카,양파,순창궁 햅쌀고추장,해표 프락토 올리고당,해표참고소한볶음참깨,케찹,다진마늘,다진양파
만두피칩 ,https://www.10000recipe.com/recipe/6868292
만두피,식용유,파슬리,설탕,계피가루,치즈가루
간단한 만두요리 만두강정 ,https://www.10000recipe.com/recipe/6840958
만두,땅콩다진거,고추장,케첩,다진마늘,올리고당,고추기름,물
아이간식 또는 맥주 안주로 좋은 만두를 품은 콘치즈 일명 만두피자 만들기,https://www.10000recipe.com/recipe/6866615
교자만두,옥수수통조림,스티링치즈2개,가염버터,케찹,잔파
"초간단 김치 만두 빚기, 군만두와 찐만두, 묵은 김치와 돼지고기의 콜라보, 집밥 백선생 레시피 참조",https://www.10000recipe.com/recipe/6861241
김치 ,돼지고기 간것,당면,부추,대파,들깨가루,만두피,고춧가루,참기름,간장,간 마늘,굴소스
"""납작비빔만두""♪",https://www.10000recipe.com/recipe/6888642
납작만두,적양배추,양파,당근,아몬드슬라이스,고추장 듬뿍,매실액기스,간장,식초,다진마늘,올리고당,깨,참기름
깐풍만두 만들기 / 깐풍만두 / 야식만두 ,https://www.10000recipe.com/recipe/6838368
냉동 만두 약,양파,당근,건고추,굴소스,간장,식초,물엿
 매콤 칠리만두 ,https://www.10000recipe.com/recipe/6897819
교자만두,다진 견과류,다진마늘,다진파,소주or청주,식용유,고추기름,케찹,백설탕,소금,두반장,물,녹말물
#냉동만두의 변신 #달걀만두피자 만들기 #샘킴의 상하이 만두맛집을 보고 만들어 본 냉동만두요리!!,https://www.10000recipe.com/recipe/6829037
냉동만두,달걀,치즈,식용유
비오는날 어울리는 '만둣국' 만들기,https://www.10000recipe.com/recipe/6854033
비비고 왕교자,양파,대파,다시다,똥뺀육수용멸치,계란,홍고추,청양고추,다진마늘,굵은소금,후추
애호박새우만두 동동,https://www.10000recipe.com/recipe/6877705
애호박,표고버섯,새우살,다진마늘,진간장,굴소스,다진파,굵은소금,만두피,식용유
만두전골 황금레시피(명절남은음식 활용법),https://www.10000recipe.com/recipe/6894647
만두,알배추,호박,양파,팽이버섯,표고버섯,홍고추,청양고추,쑥갓,당근,두부,다시멸치,다시마,고춧가루,국간장,새우젓혹은 액젓,다진마늘,맛술,소금,후추
TV요리) 가마솥 뚜껑을 아니지만… 삼시세끼 만두전골 ☆,https://www.10000recipe.com/recipe/6884215
만두,팽이버섯,느타리버섯,김치,청경채,당근,숙주,멸치다시마육수,두부,청양고추,홍고추,다진 마늘,국간장,멸치액젓
만두국 간단하게 끓이기,https://www.10000recipe.com/recipe/6919611
만두,대파,계란,육수,다진마늘,국간장,소금
만두피 라자냐 만들기,https://www.10000recipe.com/recipe/6950880
만두피,토마토소스,모짜렐라치즈,식용유,애호박,양파,양송이버섯,다진돼지고기,묵은배추김치,감자,파슬리,소금,후춧가루,버터
만두피 새우칩 ,https://www.10000recipe.com/recipe/6655294
만두피,식용유,말린새우,통깨
간단한 한끼~ 군만두 볶음밥,https://www.10000recipe.com/recipe/6846905
마늘,양파,대파 흰부분,식용유,참기름,냉동 만두,굴소스,간장,청주,후추,밥,대파 초록부분,통깨
떡만두국 끓이는법 멸치육수로 깔끔해요,https://www.10000recipe.com/recipe/6870355
떡국떡,만두,멸치다시마육수,국간장,다진마늘,계란,대파
