오일파스타,추천순,150
면두부 새우오일파스타 다이어트에도 좋아요,https://www.10000recipe.com/recipe/6939082
면두부,통마늘,새우,올리브오일,소금,후추
가지 오일파스타-오일 스파게티,https://www.10000recipe.com/recipe/6887806
스파게티 면,가지,다진 마늘,청양고추,올리브오일,맛술,파스타 삶은 물,굴 소스,소금,후춧가루
파맛 첵스 대신! 대파를 가득 넣은 대파파스타!! 간단 오일파스타로 날씨처럼 산뜻하게!,https://www.10000recipe.com/recipe/6937001
탈리아텔레,대파,베이컨,버터,올리브유,그라노파다노,후추
구운 명란과 수란을 곁들인 매콤한 오일파스타 - 인생파스타 대박 레시피,https://www.10000recipe.com/recipe/6909919
스파게티,마늘,저염 명란,페퍼론치노,계란,퓨어 올리브오일,식초,소금,후추
"오일파스타 만들기, 세상 귀찮을때 만들어 먹자 (+영상)",https://www.10000recipe.com/recipe/6905882
스파게티면,굵은소금,칵테일새우,소금,후추,통마늘,페페론치노,올리브오일,이탈리안시즈닝,파마산치즈가루,허브or파슬리가루
봄향기가 물씬♥냉이오일파스타,https://www.10000recipe.com/recipe/6885980
냉이,스파게티면,양파,통마늘,면수,올리브유,후추,연두순,MSG
봉골레 파스타 만들기 ★ 바지락 요리 ★ 담백한 오일파스타,https://www.10000recipe.com/recipe/6857119
바지락,마늘,청양고추,스파게티면,올리브유,바질가루,소금,화이트와인
초간단 오일 명란파스타 만드는 법,https://www.10000recipe.com/recipe/6955962
파스타면,물,마늘,페퍼론치노,올리브오일,명란젓,소금,면 육수,후추
부드러운 게살 오일 파스타♬~/ 게살요리만드는법/ 오일파스타만드는법/,https://www.10000recipe.com/recipe/6880240
크래미 맛살,양파,마늘,양송이버섯,스파게티면,토마토,소금,후추
간장으로 양념한 버섯 오일파스타/ 버섯파스타 만드는법♥,https://www.10000recipe.com/recipe/6858367
스파게티면,새송이 버섯,양송이버섯,느타리 버섯,마늘,새우,매운고추,올리브오일,치킨스톡,설탕,양조간장
"갈릭버섯오일파스타, 버섯알리오올리오 만들기 ^-^ ",https://www.10000recipe.com/recipe/6837096
스파게티,송이버섯,마늘 한,청양고추,올리브오일,간장,소금
"인기메뉴 봉골레 파스타 만들기 ,, 초스피드 오일파스타 황금레시피~!",https://www.10000recipe.com/recipe/6872285
파스타면,바지락,슬라이스 마늘,페페론치노,청양고추,올리브오일,소금,후추,화이트와인 ,파슬리가루
집에 있는 재료로 오일파스타 만들기!,https://www.10000recipe.com/recipe/6872444
집에 있는 파스타면,마늘,올리브오일,소금,후추,매운고추,햄,파슬리,바질가루
오징어를 통으로 넣은 오징어오일파스타 ★,https://www.10000recipe.com/recipe/6925674
먹물 스파게티,오징어,마늘,버터,방울토마토,올리브유,소금,후추,면수,그라노파다노
제철해산물 대하를 활용한 감바스 알 아히오 간단하게 만드는 황금레시피(feat. 오일파스타),https://www.10000recipe.com/recipe/6878131
편 마늘,청양고추,올리브유,소금,허브맛솔트,대하,허브맛솔트,소금,스파기티면,물,소금,올리브유,면수,양파
냉이오일파스타,https://www.10000recipe.com/recipe/6868980
백설스파게티,냉이,달래,해찬들재래식된장,마늘,백설안달루시아산올리브유,다시다요리수치킨스톡,파마산치즈가루,물,버터,소금
홍합 오일 파스타,https://www.10000recipe.com/recipe/6908128
오뚜기 프레스코 올리브유,오뚜기 프레스코 스파게티면,면수,홍합,페페론치노,통마늘,소금,후춧가루
라면 오일 파스타,https://www.10000recipe.com/recipe/6833953
라면,베이컨,양파,청양고추,마늘,올리브유,파슬리가루,후추
묵은지 김치 파스타 색다른 오일파스타 만들기,https://www.10000recipe.com/recipe/6926652
파스타면,묵은지,베이컨 5줄,마늘,청양고추,홍고추,올리브유,쪽파 조금 물,굵은소금
셰프 추천 레시피! 20분 오일 파스타,https://www.10000recipe.com/recipe/6909275
파스타면,마늘,페페론치노,오일,연두순
"갓김치 대신 배추김치로 했어요, 김치 오일파스타~~",https://www.10000recipe.com/recipe/6913643
씻어 잘게 자른 김치,카놀라유,마늘,양파,청양고추,베이컨,파스타면
초간단 홈이자카야 안주 추천! 10월 제철 새우요리 감바스 만드는 법_오일 파스타 만들기,https://www.10000recipe.com/recipe/6897975
새우,마늘,올리브유,페페론치노,소금,후추,드라이허브,파마산치즈,파스타면,몽꽁떼,PN멀티팟
"간단 파스타, 오일파스타~알리오올리오 만들기",https://www.10000recipe.com/recipe/6896082
파스타 면,마늘,청양고추,팽이버섯,새우,베이컨,파슬리,미림,소금,후추,올리브유,식용류
해물오일 파스타 만들기,https://www.10000recipe.com/recipe/4581886
통밀면,새우,오징어,모시조개,양파,양송이버섯,토마토,마늘,마른고추,소금,올리브오일,청주
오일파스타 _ 마늘듬뿍 들어간 알리오 올리오 맛있구나~,https://www.10000recipe.com/recipe/6834045
스파게티면,마늘,페페론치노,올리브오일,소금,후춧가루,파슬리가루
대패삼겹살 오일파스타만들기♥,https://www.10000recipe.com/recipe/5902999
파스타면,대패삼겹살,올리브오일,느타리버섯,마늘,페퍼론치노,파마산치즈가루,파슬리가루,굵은소금
"오일파스타 - 토마토,햄,버섯",https://www.10000recipe.com/recipe/6844173
통마늘,페페론치노,느타리버섯,샐러리잎다진거,햄,올리브오일,통후추,파마산치즈가루,스파게티면
삼겹살 오일 파스타,https://www.10000recipe.com/recipe/6848307
삼겹살,깻잎,청양고추,통마늘,굴소스,파마산 치즈가루,소금,후추,올리브유,파스타면,면수
초간단 오일파스타,https://www.10000recipe.com/recipe/6852871
스파게티,통마늘,페페론치노,멸치액젓,소금
오일파스타만들기::새우오일파스타 마늘 듬뿍 넣고 감바스처럼 먹어요,https://www.10000recipe.com/recipe/6843285
파스타면,칵테일 새우,마늘,파슬리,올리브,엑스트라 버진 올리브유,후춧가루,굵은소금,보드카,굴소스,간장
올리브오일 파스타,https://www.10000recipe.com/recipe/6926733
마늘,베이컨,스파게티면,페페론치노,파마산치즈,소금,후추
트러플오일 파스타 알리오올리오 만들기,https://www.10000recipe.com/recipe/1765337
푸실리,마늘,양파,소금,후추,바질,레드페퍼,퓨어올리브오일,트러플오일,이탈리안파슬리
지중해풍 엔초비 파스타 - 담백한 맛의 오일 파스타,https://www.10000recipe.com/recipe/6760997
파스타면,엔초비,올리브오일,통마늘,절임,미니 양배추,이태리 파슬리,소금,후추
명란파스타 / 명란오일파스타 - 간단 파스타 만들기,https://www.10000recipe.com/recipe/6860369
명란젓,스파게티,통마늘,케이엔페퍼,양파,올리브오일,소금
굴 넣은 오일파스타! 굴알리오올리오,https://www.10000recipe.com/recipe/6851582
생굴,마늘,페페로치노,다진마늘,굴소스,후추,올리브오일,소금,스파게티면,파슬리가루
집에서 브런치요리 즐기기! '쉬림프오일파스타' 황금레시피,https://www.10000recipe.com/recipe/6872809
페투치네면,새우,통마늘,올리브오일,소금,통후추 분,페퍼론치노
"#나물요리 #매운시금치볶음만들기 #김밥, 오일파스타에 넣어도 좋은 매운시금치볶음",https://www.10000recipe.com/recipe/6955618
시금치,크러쉬드 레드페퍼 홀,다진마늘,올리브오일,허브소금
골뱅이 오일 파스타 골뱅이 캔의 고급진 변신! 맥주안주로도 최고,https://www.10000recipe.com/recipe/6955480
골뱅이,스파게티면,양파,통마늘,다진마늘,시금치,올리브유,후추,페퍼론치노,그라나파다노치즈,파슬리가루,올리브유,소금
"촉촉한 봉골레 오일 파스타, 이탈리아 셰프의 레시피",https://www.10000recipe.com/recipe/6955340
조개,파스타면,올리브유,마늘,페페론치노,파슬리,소금
[돌나물오일냉파스타] 봄나물레시피 4탄! 돌나물을 이용한 차가운 오일 파스타??,https://www.10000recipe.com/recipe/6955236
파스타면,돌나물,들기름,간장,소금,후추
베이컨오일파스타*실패없는 알리오올리오,https://www.10000recipe.com/recipe/6954841
파스타면,마늘,양파,할라피뇨,땡초,베이컨,청양고추,올리브유,소금,후추,파마산치즈가루
2021 신축년 소고기 차돌 오일파스타로 기분내기 성공! 고소한맛이 일품이에요.,https://www.10000recipe.com/recipe/6954629
소고기,쪽파,버섯,페페론치노,바질페스토,다진마늘,소금,후추
"차돌박이 오일 파스타 레시피, 호불호 없는 맛!",https://www.10000recipe.com/recipe/6953076
참소스,마늘슬라이스,치킨육수 또는 정수물,건고추,파스타면,소금,후추,차돌박이,영양부추,쪽파
톡톡 터지는 식감의 명란오일파스타 만들기,https://www.10000recipe.com/recipe/6952130
파스타면,명란젓,새우,페퍼론치노 홀,마늘,올리브유
한국인 입맛에 딱 좋은 안심스테이크 매콤갈릭오일파스타 간편레시피,https://www.10000recipe.com/recipe/6949052
소고기 안심,파스타면,양파,애호박,양배추,다진마늘,바질가루,페퍼론치노,소금,후추
관자 오일 파스타,https://www.10000recipe.com/recipe/6947729
관자 슬라이스,파스타면,올리브오일,마늘,양송이버섯,시금치,페페론치노,소금,치킨스톡
저염백명란으로 만드는 명란오일파스타,https://www.10000recipe.com/recipe/6946003
저염백 명란,다진마늘,편마늘,대파,올리브유,스파게티면,물,땡초,간장,소금
오일파스타,https://www.10000recipe.com/recipe/6943560
스파게티면,새송이버섯,보리새우,올리브유,소금,후추
"새우 오일파스타 만들기, 새우 알리오 올리오 :)",https://www.10000recipe.com/recipe/6943111
올리브유,마늘,양파,미니새송이버섯,블랙올리브,페퍼론치노,파마산치즈가루,허브소금,후춧가루,면수,맛술,스파게티면,물,꽃소금,올리브오일,큰 칵테일새우,작은 깐새우,올리브유,허브소금,그라파다노치즈가루,파슬리가루
집밥 TV) 알리오 올리오 | 집밥 백선생의 기본에 충실한 오일 파스타,https://www.10000recipe.com/recipe/6942679
파스타면,소금,올리브유,통마늘,다진 마늘,쪽파,파마산치즈,페퍼론치노
[오일 파스타] 알리오 올리오 Ver.1 ,https://www.10000recipe.com/recipe/6941997
스파게티,마늘,다진 마늘,페페론치노,올리브유,소금,후추
바다의 향이 물씬! 감태를 풀어 넣은 오일파스타! 감태파스타 만들기 ♥,https://www.10000recipe.com/recipe/6940882
스파게티면,감태,마늘,페페로치노,소금,올리브유,화이트와인,소금,후추
오일 파스타 ,https://www.10000recipe.com/recipe/6939622
스파게티 면,토마토,마늘,풋고추,올리브유,소금,후추
백종원 만능오일 만들기 (파스타 및 양식요리용),https://www.10000recipe.com/recipe/6938975
마늘,액스트라버진 오일,페페론치노,월계수잎
오일파스타 / 알리오올리오 ,https://www.10000recipe.com/recipe/6938803
스파게티 면,마늘,양송이버섯,양파,매운고추,베이컨,칵테일 새우,올리브유,후추,파슬리가루,소금
마늘쫑 명란 오일 파스타 만들기. 한그릇요리 이정현 편스토랑 레시피,https://www.10000recipe.com/recipe/6936122
마늘종,다진 마늘,건조 마늘가루,그라나파다노 치즈가루,페페론치노,올리브오일,파스타,소금,명란,저염 명란,마늘쫑,다진 마늘,마늘가루,파마산 치즈가루,올리브오일,파스타
"핫그릇으로 끝내는 등심 알리오올리오 파스타, 소고기 오일파스타 만들기",https://www.10000recipe.com/recipe/6935212
소금,후추,올리브유,등심,청양고추,통마늘,파스타면
오일 파스타 # 새우 & 고추 ( 쉬림프 & 페퍼 ),https://www.10000recipe.com/recipe/6934784
스파게티 면,새우살,양파,고추,오일,진간장,다진마늘
골뱅이 오일 파스타. 골뱅이 비린내 없이 고소하고 쫄깃하게~간단한 저녁 메뉴 요리,https://www.10000recipe.com/recipe/6934700
골뱅이,파스타면,마늘,청양고추,페페로치노,소금,후춧가루,올리브오일
베이컨 알리오올리오 <오일파스타>,https://www.10000recipe.com/recipe/6933914
파스타면,마늘,베이컨,페퍼론치노,올리브유,후추,소금
누구든지 쉽게 따라할 수 있는 해산물 오일 파스타!,https://www.10000recipe.com/recipe/6933861
파스타 면,양파,대파,마늘,페퍼론치노,해산물 취향껏,올리브오일,드라이한 화이트와인,소금
원팬 죽순오일 파스타,https://www.10000recipe.com/recipe/6932012
죽순 300g,양파,양송이,새우,다진마늘 or 마늘,올리브오일 엑스트라버진,레드페퍼,포션 버터,소금,치킨스톡,후추,파슬리가루,파마산치즈가루,물
루꼴라알리오올리오:크리미한 오일파스타를 만나다,https://www.10000recipe.com/recipe/6931266
스파게티면,굵은소금,올리브오일,다진마늘,통마늘,페퍼론치노,그라인드후추,면수,파마산치즈,루꼴라,토마토,목심구이
오일파스타,https://www.10000recipe.com/recipe/6930946
스파게티면 손가락,양파,페페로치노,파프리카,마늘,아보카도오일,소금,후추
"자숙새우 오일파스타, 오일파스타",https://www.10000recipe.com/recipe/6930652
자숙새우 25마리...새우살,허브솔트,올리브유,마늘,청양고추,파스타면,허브솔트,면수
"랍스타 요리 시리즈 ""랍스타 오일 파스타""",https://www.10000recipe.com/recipe/6930490
랍스타 테일,방울토마토,그라나파다노 치즈,마늘,후추,트러플오일,트러플 제스트,파프리카 가루,소금,치킨스톡,파스타면 500원동전,다진마늘,올리브오일,미림
오일파스타(알리오올리오),https://www.10000recipe.com/recipe/6929945
파스타,마늘,페페론치노,어린잎채소,토마토,올리브오일,후추,새우
풍성한 올리브오일과 버터향이 가득한 파스타,https://www.10000recipe.com/recipe/6929749
스파게티면,올리브오일,버터,후추가루,소금
봉골레수제비 l 뇨끼인 척하는 수제비오일파스타 ★,https://www.10000recipe.com/recipe/6928951
모시조개,마늘,양파,올리브오일,페페론치노,소금,후추,밀가루,소금,따뜻한물,올리브오일
오일파스타 만들기 ,https://www.10000recipe.com/recipe/6928826
스파게티 면,새우,양파,양배추,대파,올리브유,소금
풋고추 오일파스타,https://www.10000recipe.com/recipe/6928415
파스타면,풋고추,마늘,베이컨,오일,소금,후추
불고기오일파스타,https://www.10000recipe.com/recipe/6926560
남은불고기 크게,통마늘,방울토마토,청양고추,스파게티면 크게,물,소금,미원,후추,올리브유
♧ 오일 파스타 ♧,https://www.10000recipe.com/recipe/6922259
손질 새우,새송이버섯,노랑파프리카,양파,고추,마늘,방울토마토,파스타국수,다진마늘,허브솔트,오렌지 쥬스,올리브유
갓김치가 아니어도 좋다. 김치 오일파스타는 다 맛있어요~ 갓김치 파스타,https://www.10000recipe.com/recipe/6921925
​씻은 갓김치 쏭쏭 썰어,올리브유,양파,마늘,대패삼겹살,허브솔트,청양고추,파스타면,면수
스팸 고사리 오일 파스타,https://www.10000recipe.com/recipe/6921248
스파게티면,스팸핫&스파이시,삶은고사리,마늘,청양고추,면수,백설안달루시아산올리브유,간장,참기름,소금,후추
TV요리) 이효리를 의한 이효리를 위한 고사리오일파스타 ★,https://www.10000recipe.com/recipe/6920228
스파게티면,참기름,데친 고사리,마늘,양파,면수,굴소스,간장,올리고당,맛술,소금,후추
여름엔 냉면 ? 놉~! 여름엔 냉파스타 지~! 오일 냉파스타 ★,https://www.10000recipe.com/recipe/6919228
스파게티면,방울토마토,빨간파프리카,노란파프리카,블랙올리브,양파,올리브유,바질페스토,레몬즙,설탕,발사믹식초,올리고당,다진마늘
레시피공모전 대상!! 삼삼(參參)한 닭가슴살 오일 파스타,https://www.10000recipe.com/recipe/6918539
파스타면,육수 물,치킨스톡,페페론치노,통마늘,올리브오일,인삼,소금,후추,그라나파다노 치즈,고명 대추,간장,설탕,물,닭가슴살,로즈마리,올리브오일,인삼,우유,바질가루,후추,소금,인삼,마,두유,브로컬리,꿀
명란오일파스타 만들기,https://www.10000recipe.com/recipe/6916908
명란젓,올리브유,파스타면,페페로치노,마늘,다진마늘,바질가루,소금
#간편가정식 #미역요리 #바지락요리 #미역바지락오일파스타만들기,https://www.10000recipe.com/recipe/6914395
건미역,생 바지락,매운건고추,마늘,올리브오일,소금,바질가루,후추,물,스파게티면,소금
깔끔담백! 브로콜리오일파스타,https://www.10000recipe.com/recipe/6914366
브로콜리,베이컨,양파,마늘,페페론치노,스파게티면,올리브오일,굵은소금,소금
명란젓오일파스타,https://www.10000recipe.com/recipe/6913325
명란젓,홍파프리카,청양고추,깻잎,통마늘,파스타면,소주,올리브오일,물,소금,흑후추가루,다시다
알리오올리오 만들기 :: 대파새우 오일파스타,https://www.10000recipe.com/recipe/6912717
새우,파채,파스타면,굴소스,마늘,페퍼론치노,화이트와인,바질가루,소금,맛술,후추
할라피뇨 오일파스타 만들기,https://www.10000recipe.com/recipe/6912644
할라피뇨 피클,페페로치노,통마늘,올리브,소금 한,면수
"레스토랑 못지않은 삼겹살 오일 파스타 집에서 직접 만들기(삼겹살 알리오올리오, 삼겹살파스타,삼겹파스타)",https://www.10000recipe.com/recipe/6910554
​돼지고기 삼겹살,파스타면,마늘,청양고추,달걀노른자,올리브유,파마산치즈가루,파슬리,소금
스팸오일파스타 간단하게 만들어요,https://www.10000recipe.com/recipe/6910354
스파게티면,스팸 작은거,올리브오일,소금,후추,양파,마늘 슬라이스 한줌 혹은 다진것,맛타리버섯,청양고추,파슬리가루
감바스 만들어먹고 오일파스타까지~,https://www.10000recipe.com/recipe/6910344
칵테일 새우,올리브오일,편 마늘,소금,새송이버섯,페퍼론치노,굵은 후추,포항초,파스타면
새우 시금치 오일 파스타 & 방울토마토 아보카도 발사믹 샐러드 ,https://www.10000recipe.com/recipe/6910151
새우 ,조갯살,표고버섯,느타리버섯,시금치,마늘,양파,올리브,페퍼론치노,파스타면 ,허브솔트,후추,바질가루,올리브오일
라면오일파스타 쉽게만들어서 맛있게 호로록! ,https://www.10000recipe.com/recipe/6909041
컵라면,양파,마늘,베이컨,올리브오일
매콤한 새우오일파스타,https://www.10000recipe.com/recipe/6906783
칵테일새우,마늘,페퍼론치노,소금,아보카도오일,스파게티면,소금,후추,파프리카가루
간식으로 좋은 파스타/푸실리 오일파스타,https://www.10000recipe.com/recipe/6906311
푸실리,새우,빨강 파프리카,마늘,올리브오일,허브솔트,소금,파슬리 가루,검정깨
엔초비 오일파스타~ 손쉬운 한그릇 요리,https://www.10000recipe.com/recipe/6906210
엔초비,마늘,베이컨,올리브오일,화이트와인,소금,통후추,바지락 육수,파스타면,있으면 그라나 치즈
미역납세미 오일 파스타,https://www.10000recipe.com/recipe/6904961
미역,반건조 납세미,파스타면,마늘,청양고추,이탈리안 파슬리,생 레몬,통후추,화이트와인,면수,올리브 오일
가리비 오일 파스타. 간단한 저녁메뉴. 혼밥메뉴. 가리비 요리.,https://www.10000recipe.com/recipe/6904611
가리비,푸실리 ,올리브유,마늘,페페로치노,후춧가루,소금
"자취인을 위한 간단레시피, 명란파스타 끝판왕 레시피 크림소스버전/오일파스타버전",https://www.10000recipe.com/recipe/6903493
파스타면,명란젓,우유,생크림,올리브오일,마늘,페퍼론치노,후추,마른 김,계란,쪽파,알 새우
탱글탱글 식감좋은 새우 오일파스타,https://www.10000recipe.com/recipe/6900703
스파게티면,양파,새송이버섯,감바스 알 아히요,마늘,새우,페페론치노,올리브오일
"새우 알리오올리오, 쉬운 새우 오일파스타 만들기",https://www.10000recipe.com/recipe/6900081
스파게티면 500원 크기,새우,마늘,허브솔트,후추,청양고추,올리브유,버섯
고등어마늘오일파스타,https://www.10000recipe.com/recipe/6898982
자반고등어,마늘,쪽파,레몬,스파게티면,올리브오일,소금
"오일파스타 만들기, 알록달록 보는 눈이 즐거워",https://www.10000recipe.com/recipe/6898708
파스타,방울토마토,방울양배추,물,양송이,베이컨,타이고추,다진마늘,간장,참기름,설탕,소금,올리브
봉골레:동죽조개로 만든 오일파스타,https://www.10000recipe.com/recipe/6889950
스파게티,굵은소금,올리브오일,동죽조개,화이트와인,양파,대파,다진마늘,청양고추,매운건홍고추,,파슬리가루
제철 주꾸미파스타(담백한 쭈꾸미 오일파스타),https://www.10000recipe.com/recipe/6886413
주꾸미,스파게티 면,통마늘,홍고추,달래,올리브오일,화이트와인
묵은지 오일 파스타(김치 스파게티),https://www.10000recipe.com/recipe/6886052
스파게티 면,올리브오일,묵은지,통마늘,베이컨,홍고추,소금,설탕,물,소금,오일
페스토 이용한 오일파스타만들기,https://www.10000recipe.com/recipe/6885757
파스타면 약,베이컨,마늘,올리브오일,바질페스토,파마산치즈,굵은소금,물
올리브오일 파스타 올리브오일 선택이 가장 중요해,https://www.10000recipe.com/recipe/6880631
파스타,방울토마토,새우,올리브오일,말린표고버섯,소금,후추,마늘,허브
꼬막 버섯 오일 파스타 만들기,https://www.10000recipe.com/recipe/6879853
꼬막,말린표고버섯,올리브오일,소금,후추,마늘,파스타,타임
버섯오일파스타(고소 담백 깔끔해요),https://www.10000recipe.com/recipe/6877954
스파게티면,느타리버섯,만가닥버섯,양송이버섯,통마늘,홍고추,파마산치즈,올리브오일,후춧가루
갈릭 오일 파스타 매콤하게 만들기,https://www.10000recipe.com/recipe/6877110
파스타,마늘,올리브유,스파게티 삶은 물,맛술,연두,파마산 치즈가루,통후춧가루,MSG
선드라이드 토마토와 가지를 넣어 식감좋은 오일파스타 ,https://www.10000recipe.com/recipe/6877056
파스타면,마늘,올리브,반건조토마토,가지,올리브유,소금,후추,청양고추
"집밥 백선생의 응용작, 더 특별하고 더 새로운 소시지 오일 파스타",https://www.10000recipe.com/recipe/6876565
육공방 스노우부어스트,백선생만능오일,파스타면,방울토마토,새송이버섯,면수,파슬리
신선한 해산물로 즐기는 해물오일파스타♥,https://www.10000recipe.com/recipe/6875794
스파게티면,새우,오징어,모시조개,양파,양송이버섯,토마토,마늘,페페로치노,마늘,소금,올리브오일,청주
베이컨 갈릭 오일파스타 (Bacon garlic oil pasta),https://www.10000recipe.com/recipe/6875616
파스타_스파게티면,베이컨,마늘,대파,페페론치노,그라나파다노치즈,소금,후추
[은식당]매콤오일파스타,https://www.10000recipe.com/recipe/6875553
냉동새우,파스타면,버터,마늘,올리브오일,카레분말,설탕,간장,페페로치니
[비건채식] 갈릭올리브오일 파스타를 만들었어요.,https://www.10000recipe.com/recipe/6875039
여러종류 파스타,마늘,청홍고추 각,불린콩고기,블랙올리브홀,올리브유,천일염,후추,땅콩,아몬드슬라이스,검은깨
만능오일로 만든 어묵파스타,https://www.10000recipe.com/recipe/6874950
만능오일,스파게티면,사각어묵,참타리버섯,애호박 껍질 부분,굴소스,파슬리 가루,면수,﻿올리브유,마늘 반컵,월계수잎,페페로치노,소금
쫄깃한 식감좋은 문어오일파스타 ,https://www.10000recipe.com/recipe/6874855
스파게티면,문어 다리,마늘,청양고추,애느타리버섯,소금,후추
세발나물앤초비파스타/세발나물오일파스타/세발나물알리오올리오,https://www.10000recipe.com/recipe/6872297
스파게티면,굵은소금,올리브오일,양파,통마늘,다진마늘,앤초비,세발나물,액젓,매실액,치즈가루
"봄이 한 가득, 꼬막섬초 오일파스타",https://www.10000recipe.com/recipe/6870408
스파게티,꼬막살,섬초,마늘,양파,페페론치노
#알리오올리오 가지파스타만들기 #향긋한 엑스트라버진 올리브오일로 만드는 가지파스타!!,https://www.10000recipe.com/recipe/6868539
가지,양파,마늘,훈제닭가슴살,페페론치노,바질가루,후추,마늘소금,면수,엑스트라버진올리브오일,화이트와인,로티니파스타,소금
돼지고기오일파스타,https://www.10000recipe.com/recipe/6867414
돼지고기,파스타,오일,청량고추,마늘,버섯,오일,소금,후춧가루,발사믹
스테이크 오일 쇼트 파스타 만들기,https://www.10000recipe.com/recipe/6867327
등심스테이크,양파,버섯,마늘,올리브오일,푸실리,펜네,마늘,양파,바질가루,레드페퍼,소금,후추,면수,올리브오일,파마산치즈
떡국면 오일 파스타,https://www.10000recipe.com/recipe/6864458
떡국떡,물,떡국떡,베이컨,양파,청양고추,마늘,소금,후추,올리브오일
너무 쉬운 알리오 올리오 만들기! (갈릭 오일 파스타!),https://www.10000recipe.com/recipe/6862449
스파게티면,올리브오일,마늘,베이컨,깻잎
올리브오일과 청양고추 알레스카 연어 듬뿍 올린 매콤한 파스타,https://www.10000recipe.com/recipe/6855865
파스타,마늘,청양고추,홍고추,알레스카연어,블랙올리브,올리브오일,소금,후추,까나리액젓
명란오일파스타:백명란알리오올리오,https://www.10000recipe.com/recipe/6854926
스파게티면,굵은 소금,백명란,마늘,양파,매운건고추,올리브오일
라면보다 쉬운 오일 파스타 만들기,https://www.10000recipe.com/recipe/6854416
파스타,올리브오일,소금,후추,마늘,청양고추,바질,말린 표고버섯,골뱅이
코코엘 코코넛오일 해물 오일 파스타 만들기,https://www.10000recipe.com/recipe/6853602
바지락,새우살,화이트와인,슬라이스마늘,청양고추,파마산치즈,파슬리가루,코코넛오일,스파게티면
달래와 해산물 오일 파스타,https://www.10000recipe.com/recipe/6853233
달래,페페론치노,마늘,바지락,블랙올리브,화이트와인,잣,백설파스타면,백설안달루시아산올리브유,그라나파다노,후추
차돌박이 갈릭 오일 파스타,https://www.10000recipe.com/recipe/6851176
차돌박이,마늘,양파,청양고추,스파게티면,올리브오일,파마산 치즈가루,굴 소스,소금,후추,파슬리
봄처럼 산뜻한 소시지 오일 파스타,https://www.10000recipe.com/recipe/6849366
올리브유,다진마늘,페퍼론치노,소금,파스타면,방울토마토,육공방스노우부어스트,새송이버섯or양송이버섯,파슬리
"소시지 파스타 - 백종원 만능오일로 간단하게.[주말요리,소시지요리,알리오올리오]",https://www.10000recipe.com/recipe/6846838
소시지,파스타면,브로콜리,다진마늘,올리브오일,소금,월계수잎,허브솔트,페페로치노
치맛살 오일파스타,https://www.10000recipe.com/recipe/6845708
살치살,통마늘,페페론치노,스파게티면,올리브유,갈릭솔트,후춧가루,소금
엔젠헤어파스타로 만든 전복오일파스타♥,https://www.10000recipe.com/recipe/6844255
엔젤헤어파스타,마늘,올리브오일,전복
엔초비오일파스타:오일파스타 맛있게 만드는 방법,https://www.10000recipe.com/recipe/6843713
스파게티면,올리브오일,엔초비페스토,마늘,이태리파슬리,면수
홍합 토마토파스타~만능오일로 쉽게 만든 홍합토마토파스타,https://www.10000recipe.com/recipe/6843073
홍합,방울토마토,스파게티면,청양고추,만능올리브오일,면수,토마토파스타소스,파슬리가루,소금
"담백 깔끔한 맛이좋은 명란오일파스타, 씹는 맛도 굿~!!",https://www.10000recipe.com/recipe/6842571
스파게티면,명란,마늘,양파,쪽파,페페론치노,올리브유,소금,후춧가루
갈릭베이컨오일파스타,https://www.10000recipe.com/recipe/6841574
삶은 스파게티면,마늘,베이컨,청양고추,올리브오일,스파게티 삶은육수,파슬리가루,파마산치즈가루
"집밥 백선생의 만능오일로 만든 해물파스타,만능오일 만드는법",https://www.10000recipe.com/recipe/6838016
스파게티면,새우,우렁이,청양고추,홍고추,천일염,만능오일,올리브오일,마늘,소금,홍고추,월계수잎,후추
치즈가루로 맛을 낸 오일파스타 만들기!,https://www.10000recipe.com/recipe/6837900
스파게티,방울토마토,양송이버섯,칵테일새우,마늘,화이트와인,버터,치즈가루
백선생 만능오일로 만든 알리오올리오파스타,https://www.10000recipe.com/recipe/6836357
양파,베이컨,비엔나소시지,청양고추,파스타면,올리브오일,다진마늘,소금,페페론치노,월계수잎
햄오일 파스타 담백하고 고소한 파스타,https://www.10000recipe.com/recipe/6836160
우유리챔,스파게티면,올리브유,통마늘,파슬리가루,소금,후추
"오일파스타 만조, 레스토랑 부럽지 않네~~",https://www.10000recipe.com/recipe/6835955
스파게티면,마늘,양파,채끝 등심,올리브오일,소금,페페론치노
구운채소 올리브오일 파스타,https://www.10000recipe.com/recipe/6835943
가지,새송이버섯,피망,마늘,청양고추,스파게티,바질가루,소금,후추,허브시즈닝
싱글요리 집에서 뚝딱! 명란오일파스타(명란스파게트),https://www.10000recipe.com/recipe/6834864
파스타면,명란젓,올리브 오일,청양고추,통마늘,쪽파,면수,김가루,파마산치즈가루
오일 파스타 & 바지락 토마토찜 ,https://www.10000recipe.com/recipe/6246192
바지락,방울토마토,양파,마늘,청양고추,파스타,맛타리버섯,아스파라거스,올리브오일,화이트와인,소금,후추,마늘,페페론치노,올리브오일,소금,후추,허브시즈닝
스테이크 오일 파스타 만들기,https://www.10000recipe.com/recipe/6219314
트리폴리네,파르팔레파스타,소고기,마늘,올리브오일,소금,후추,바질,페페론치노
갈릭오일파스타 '알리오올리오',https://www.10000recipe.com/recipe/5968051
스파게티면,마늘,올리브오일,페페론치노
 오일 파스타,https://www.10000recipe.com/recipe/5821583
스파게티면,마늘,페페론치노,파슬리,파르메산치즈,천일염,엑스트라버진 올리브오일,소금
알리오 올리오 만드는 법 - 오일파스타 ,https://www.10000recipe.com/recipe/5601436
스파게티,마늘,건고추,올리브오일,스모크 치즈 갈은 것,버터,소금,후춧가루,스파게티 삶은 물,다진 파슬리
"달래 봉골레 오일파스타 [알리오 올리오 스파게티 만들기, 봄요리]",https://www.10000recipe.com/recipe/4760486
스파게티 면,모시조개,마늘,건고추,달래,올리브오일,물,소금,후춧가루
"호텔맨의 소박한밥상(엔쵸비 파스타,오일파스타)",https://www.10000recipe.com/recipe/4540036
파스타면,엔쵸비,마늘,마른고추,소금,올리브오일
