냉면,추천순,190
완전 초 간단 냉면집 무절임,https://www.10000recipe.com/recipe/6914806
무,설탕,소금,식초,고운고추가루
"초간단 돼지고기 간장구이, 냉면에 곁들이면 좋은 달달짭쪼름 돼지고기",https://www.10000recipe.com/recipe/6855152
돼지고기목살,간장,맛술,설탕,간마늘
{초간단} 냉면무김치,https://www.10000recipe.com/recipe/6869280
무,볶은 천일염,설탕,식초,고운고추가루
"【초간단+저칼로리】
시판육수로 새콤달콤 곤약냉면 만들기~",https://www.10000recipe.com/recipe/6870268
냉면육수,실곤약,고추장,간장,고춧가루,설탕,다진마늘,식초,겨자,다진 김치
집밥 메뉴/ 냉면육수 이용한 묵 국수만들기,https://www.10000recipe.com/recipe/6940183
시중에 파는 묵,배추김치,김치 무침 재료 : 설탕,깨소금,참기름,냉면 육수
너무 맛있는 비빔냉면 만들기,https://www.10000recipe.com/recipe/6895042
냉면사리,냉면육수,오이,쌈무,참기름,삶은계란,고추가루,설탕,다진마늘,진간장,매실액,다진파,고추장,식초,깨소금
실곤약냉면,https://www.10000recipe.com/recipe/6912418
실곤약,오이,냉면육수,삶은달걀,쌈무,고춧가루,대파,청양고추,고춧가루,소금,물,다진마늘
"열무국수 만드는 법, 살얼음 동동 띄운 시판 냉면 육수로 손쉽게 만들어요.",https://www.10000recipe.com/recipe/6896127
열무김치,오이,청양고추,홍고추,삶은 달걀,국수,냉면육수,열무김치국물,설탕,식초
"도토리묵사발 만드는 법, 시판 냉면육수로 만든 여름철 별미",https://www.10000recipe.com/recipe/6895689
도토리묵 반 모,오이,잘게 썬 조미김,냉면육수,식초,설탕,신김치,설탕,참기름
#여름음식 #여름별식 #황태초무침 #황태초무침냉면만들기 #시원하게 만들어서 여름더위를 날려주는 황태초무침냉면!!!,https://www.10000recipe.com/recipe/6894057
황태채,식초,물,설탕,고추장,고춧가루,청주,식초,양조간장,다진마늘,다진파,다진생강,꿀,참기름,통깨,황태초무침,연겨자,생수,냉면사리,삶은달걀,오이,쌈채소,통깨
실패없는 돼지고기 간장불고기! 고기주는 냉면집 완벽재현,https://www.10000recipe.com/recipe/6866797
돼지고기 불고기용,양파,대파,간장,맛술,올리고당,다진마늘,참기름,통깨,후추
"여름메뉴로 비빔냉면 양념장 만들기,비빔냉면말들기 ",https://www.10000recipe.com/recipe/6850942
냉면면,오이,계란,쌈무,토마토,대파,식초,고추장,고추가루,설탕,매실액,간장,마늘,깨
"비빔면 만능장 꿀팁!! 쫄면장, 비빔국수, 냉면장, 골뱅이무침 ...안되는게 없는 만능비빔장으로 쫄면 만들기!",https://www.10000recipe.com/recipe/6932599
쫄면,콩나물,오이,당근,깻잎,상추,삶은달걀 또는 파인애플통조림,고추장,고춧가루,식초,설탕,후추,간마늘,진간장,매실청,참기름,통깨,간생강
"시판 냉면육수와 닭가슴살 캔으로 만든 초간단 초계탕입니다. 초계탕 불 없이 만들기, 초계탕",https://www.10000recipe.com/recipe/6854134
채썬 채소,닭가슴살 캔,냉면육수,식초,매실,다진마늘,연겨자,소금,갈은깨
비빔냉면 양념장으로 맛있게~,https://www.10000recipe.com/recipe/6854434
고추장,간장,고춧가루,설탕,식초,사이다,매실액,냉면,만능양점장,쌈무,오이,찐계란,참기름,통깨,식초
"시판냉면육수육수를 이용한 김치말이국수 , 김치말이밥",https://www.10000recipe.com/recipe/6878814
소면,냉면육수,김치,김치국물,밥,참기름,오이,달걀
시원한면요리! 김치말이국수 한그릇으로 더위 싹~ 날려버려요! (냉면육수활용 초간단!!),https://www.10000recipe.com/recipe/6914112
계란,대파,당근,양파,청양고추,배추김치,소면,시판냉면 육수,김칫국물,고춧가루,설탕,식초,통깨,연겨자,참기름,설탕,통깨
"냉국수, 복날 음식 초계국수 냉면육수활용 레시피",https://www.10000recipe.com/recipe/6937836
소면,오이,냉면육수,닭가슴살,겨자,달걀,쌈무
내맘대로 요리@ 초간단 시~원한 비빔물냉면,https://www.10000recipe.com/recipe/6850872
냉면사리,오이,무쌈,삶은계란,각얼음,고추장,고춧가루,다진마늘,깨소금,올리고당,참기름,식초
시원한 면요리 비빔냉면 어렵지 않아요.,https://www.10000recipe.com/recipe/6914809
냉면사리,삶은계란,오이,고추장,다진마늘,매실청,간장,식초,올리고당,참기름,설탕,깨소금
"여름 밤, 냉면 육수로 만드는 시원한 야식 김치말이국수",https://www.10000recipe.com/recipe/6936489
배추김치,소면,냉면 육수,참기름,통깨
시원하게 먹는 중화냉면(히야시츄카),https://www.10000recipe.com/recipe/5872807
면,계란,오이,햄,맛살,토마토,양배추,삶은닭고기등,깨,전분,소금,오일,간장,설탕,식초,물,참기름,치킨부이용파우더or혼다시조금,겨자
"냉면육수를 이용한 시원한 ""초계국수""♪",https://www.10000recipe.com/recipe/6829450
냉면육수,닭가슴살,소면,양파,당근,오이,파프리카,깨
#도토리묵으로 만드는 새콤매콤한 묵사발만들기 #냉면육수와 김치넣고 시원하고 칼칼하게 먹는 묵사발!!거기에 소면 넣으,https://www.10000recipe.com/recipe/6850634
도토리묵,김치,냉면육수,김치양념,물,설탕,참기름,통깨,메밀소면,자반김
김치말이국수. 살얼음 동동 냉면육수로 간단하게. 야식메뉴,https://www.10000recipe.com/recipe/6869111
냉면육수,김치국물,생수,익은김치,참기름,설탕,소면,삶은계란,통깨
"쫄깃한~ 북어채 비빔냉면, 초간단요리",https://www.10000recipe.com/recipe/6888437
고추장,고운고추가루,간장,매실청,설탕,식초,다진마늘,통깨,참기름,냉면 2인분
시원한 열무냉면만들기~#시원한 면 열무물냉면만들기,https://www.10000recipe.com/recipe/6875803
열무김치,냉면육수,달걀,식초,겨자,통깨
명태회무침으로 코다리회냉면 만들었어요^^,https://www.10000recipe.com/recipe/6914421
고추장,고춧가루,간장,식초,매실청,설탕,다진마늘,생강가루,통깨,참기름,냉면,황태채,절인 오이,절인 무,양념장,삶은계란,식초,설탕,소금,오이
촉촉한 비빔 냉면 만드는 법 ,https://www.10000recipe.com/recipe/6928882
냉면,오이,신 김치,냉면육수,설탕,고춧가루,고추장,식초,참기름,통깨,삶은달걀
[냉털밥상] 매콤새콤 초간단 비빔냉면 만들기,https://www.10000recipe.com/recipe/6894130
냉면 사리,파프리카 ,삶은 계란,오이,고추장,고춧가루,식초,맛술,설탕,다진마늘,참깨,참기름
이원일셰프의 초계냉면만들기,https://www.10000recipe.com/recipe/6868721
냉면,닭가슴살,소금,후추,레몬즙,오이,당근,깻잎,사과,무쌈,사과쥬스,물,다진마늘,쪽파,청양고추,고추씨,얼음
[냉면 만드는 법]이냉치냉 시원한 음식 여름별미 물냉면 비빔냉면!!,https://www.10000recipe.com/recipe/6832207
냉면,소고기육수,삶은계란,오이,냉면무,식초,참기름,깨소금,겨자
매콤하고 깊은 맛 비빔 냉면. 비빔 냉면 양념장 만드는법.,https://www.10000recipe.com/recipe/6940093
냉면,달걀,오이,양파,사과,깻잎,고추장,고추가루,설탕,다진마늘,간장,식초,액젓,참기름
"""2tv 저녁 생생정보 (생생정보통) (5월 19일, 화) ""냉면육수 황금레시피"" 정보",https://www.10000recipe.com/recipe/6913910
고추씨,다진 마늘,배,다진 생강,맛간장,무,양파,대파,소고기,소뼈,설탕,소금,양파,다진 마늘,다진 생강,대파,무,배
시판 냉면육수로 간단하게 시원하게 도토리묵사발~,https://www.10000recipe.com/recipe/6847398
도토리묵,오이,냉면육수,송송 썬 김치,김,통깨,육수-설탕,식초,김치양념-설탕,들기름
비빔냉면 양념장 만들기,https://www.10000recipe.com/recipe/6870755
고추장,간장,고춧가루,설탕,식초,사이다,매실액,파,마늘,통깨
"배달 약선족발 무침/남은 족발로 양념소스로

비빔냉면 까지 새콤.달콤 느끼한맛도 날려줘요~^^",https://www.10000recipe.com/recipe/6874995
약선족발 또는 배달족발,양파 채썬것,빨간파프리카 채썬것,노란파프리카 채썬것,깻잎 채썬것,다진 청고추,대파 채썬것,오이 슬라이스,초고추장,고춧가루,청주,연와사비,미림,올리고당,후춧가루,매실청,식초,레몬즙,통깨,다진마늘,소금,후추
물냉라면 만들기 라면스프 없이 라면끓이기 물냉면 양념장 만드는 방법,https://www.10000recipe.com/recipe/6856972
라면사리,냉면육수,삶은계란,오이,고추장,고추가루,간장,설탕,식초,깨소금
미나리 오이 물김치 냉면,https://www.10000recipe.com/recipe/6853169
냉면 사리,물김치,냉면육수,구운달걀,깨
"더위잡는 보양식, 닭곰탕으로 쉽게 건강한 물냉면 만들기",https://www.10000recipe.com/recipe/6930081
닭1마리 약,마늘,생강,통후추,월계수잎,대추,구기자,말린 엄나무/뽕나무,녹색채소,붉은색채소,삶은달걀,꿀식초소스,연겨자,국간장,식초,꿀,소금
여름이니까 열무냉면,https://www.10000recipe.com/recipe/6894020
냉면사리,동치미육수,열무김치,방울토마토,고춧가루,고추장,다진마늘,매실청,올리고당,매실식초,참깨
여름엔 비빔냉면,https://www.10000recipe.com/recipe/6388163
냉면용 면,달걀,상추,당근,쌈무,오이,고추장,고추가루,간장,식초,설탕,다진마늘,참기름,통깨,사이다,겨자
냉면 고명이 준비 되지 않았을때! 새콤달콤 오이무침 황금레시피,https://www.10000recipe.com/recipe/6848157
오이,식초,설탕,소금,깨소금
열무김치 냉면 시원하게 먹자~,https://www.10000recipe.com/recipe/6851539
열무김치,냉면사리,냉면육수,열무김치국물,삶은달걀,오이,매실청,깨소금,설탕,깨소금
굳이 안시켜 먹어두 라면 끓일시간에 해먹는 열무물냉면,https://www.10000recipe.com/recipe/6872506
냉면,냉면 육수,열무김치,무 절임,삶은 계란
리얼시원 ♥ 열무김치냉면,https://www.10000recipe.com/recipe/1957428
냉면사리,열무김치,쌈무,오이,삶은달걀,고추장,간장,설탕,매실액,식초,참기름,깨,열무김치국물,설탕,식초
날 더울때 최고 호로록 비빔냉면,https://www.10000recipe.com/recipe/6870282
냉면,오이,열무김치,삶은달걀,고추장,고운고춧가루,매실액,다진마늘,설탕,식초
아삭한 냉면무 만드는방법,https://www.10000recipe.com/recipe/6913887
무우1개 약,소금,식초,요리당,설탕,고춧가루,다진마늘,생강가루, ,요리당없으면 설탕만
시원한 열무냉면 만들기,https://www.10000recipe.com/recipe/6891877
냉면국수,시판육수,열무물김치,연겨자,식초,오이,소금,설탕,식초
물냉면 양념장(다대기),https://www.10000recipe.com/recipe/6855040
고추가루,고추장,사과,배,양파,간장,매실청,설탕,간마늘,액젓,맛술,후추
비빔냉면 양념장과 무절임 만들기,https://www.10000recipe.com/recipe/6889219
무,굵은소금,식초,설탕,고춧가루,간장,후추,매실,들기름,식초,설탕,통깨
매콤한 열무비빔냉면,https://www.10000recipe.com/recipe/6830620
열무김치,깨소금,오이,삶은 달걀,고추장,고추가루,다진마늘,조청,매실액,참기름,식초
비빔냉면,https://www.10000recipe.com/recipe/6870636
냉면사리,무,오이,삶은 달걀,양념장,참기름,통깨,배,양파,다진 마늘,다진 생강,진간장,국간장,설탕,포도당,구연산,물엿,맛소금,참깨,고운 고춧가루,식초,설탕,소금
"비빔 냉면 만들기 / 
냉면 맛있게 삶는 방법
비빔장 / 비빔소스 만드는법 ",https://www.10000recipe.com/recipe/6829578
냉면,수박,참외,토마토,당근,달걀,양파,고추,고추장,고추가루,진간장,다진마늘,설탕,매실청,라임쥬스,참기름,통깨
초간단요리@ 매콤상콤 메밀비빔냉면,https://www.10000recipe.com/recipe/6832371
메밀냉면,파프리카,삶은계란,고추잔,설탕,다진마늘,매실액,깨소금,참기름
물냉면,https://www.10000recipe.com/recipe/2426228
냉면 사리,무,오이,삶은 달걀,양지머리,양파,감초,대파,통마늘,통생강,통후추,월계수,국간장,소금,설탕,식초,물,식초,설탕,소금
새콤 달콤 매콤~~~홍어회 무침 ; 홍어회 비빔냉면,https://www.10000recipe.com/recipe/6934916
홍어,무,미나리,식초,식초,설탕,소금,고추장,설탕,식초,다진마늘,고추가루
매콤한 골뱅이 무침과 쫄깃한 냉면,https://www.10000recipe.com/recipe/6850338
골뱅이캔,오이,양파,대파,파프리카,고춧가루,고추장,설탕,물엿,소금,후추,식초,마늘,참기름,통깨
냉장고에 만들어 넣고 먹음 딱! 좋은 ; 비빔냉면 양념장 만들기,https://www.10000recipe.com/recipe/114675
양파,사과,간장,액젓,식초,고추장,고춧가루,설탕,참기름,다진마늘
비빔국수(비빔냉면)양념장 만들기 ,https://www.10000recipe.com/recipe/2442121
양파,고추장,고춧가루,식초,설탕,간장,물엿,다진마늘,겨자
물냉면과 무초절임 만들기,https://www.10000recipe.com/recipe/6871198
시판냉면,육수,무,계란
시원하게 팍팍♥수박냉면&이색화채,https://www.10000recipe.com/recipe/993991
수박,냉면,냉면육수,달걀,오이,식초,수박,멜론,레몬,연유,탄산수,얼음
냉면육수를 넣은 오이미역냉국,https://www.10000recipe.com/recipe/6891862
오이,냉면육수,양파,물,고춧가루,간장,깨
"냉면의 맛, 육수만들기가 포인트에요!",https://www.10000recipe.com/recipe/6831509
양지머리,백김치국물,메밀면,백김치,달걀,어린잎,무,파뿌리,대파,진간장,다시다,소금,물
냉면 만들기 면 삶는 시간과 살얼음 만들기 ,https://www.10000recipe.com/recipe/6827721
메밀면,냉면 육수,계란,오이,쌈무
"무초절임 만드는 법, 냉면에 무절임 빠지면 무슨 맛으로 냉면 먹나 -",https://www.10000recipe.com/recipe/6891266
무,굵은소금,식초,설탕,사이다,고운 고춧가루,소금,생강가루
물냉면,https://www.10000recipe.com/recipe/2791613
냉면면,냉면육수,양파,고추장,물엿,간장,소금,다진마늘,매실청,설탕,식초,깨소금,후추,고추가루
비빔냉면,https://www.10000recipe.com/recipe/6817776
냉면사리,백김치,참외,새싹,냉면육수,고추장,간장,매실청,백김치국물,깨,들기름
평양냉면 집에서만들기,https://www.10000recipe.com/recipe/6915586
상추,메밀면,육수,무우쌈,오이,계란,고추장,고춧가루,사이다,매실액,설탕,통깨
 비빔냉면. 양념장만드는법,https://www.10000recipe.com/recipe/4061208
시판용 냉면 면,당근,무쌈,견과류,고추장,식초,설탕,고춧가루,오이
냉면,https://www.10000recipe.com/recipe/6872876
냉면,냉면육수,무,파프리카,양파,식초,설탕,소금,겨자,고추가루
돌나물 물김치 시판 냉면육수 활용해요,https://www.10000recipe.com/recipe/6895189
돌나물 크게,사과,냉면 육수,홍고추,고춧가루,간 마늘,식초,다진 생강
도토리 묵사발 만드는 법(feat.냉면육수),https://www.10000recipe.com/recipe/1249283
도토리묵,동치미 육수,마른김,오이,양파,상추,묵은지김치,청양고추,흰밥
"여기가 냉면맛집, 감칠맛나는 물냉면 만들기 #친정엄마 레시피",https://www.10000recipe.com/recipe/6687143
소고기 사태,냉면 국수,무 한토막,오이,삶은 달걀,마늘,양파,파뿌리,무,다시육수 팩,물,소금,설탕,식초,겨자,통깨
[술안주]매운팽이버섯구이 만드는법 (feat.송주불냉면소스),https://www.10000recipe.com/recipe/6854070
팽이버섯,고추장,다진마늘,송주 불냉면 소스,진간장,참기름,식용유,대파
비빔냉면 # 훈제오리 ,https://www.10000recipe.com/recipe/6904999
냉면,당근,양파,토마토,훈제오리,김치,고추가루,오이피클물,매실액,다진마늘,간장,식초,고추장,들기름,통깨
"동치미국물과 소고기 육수로 만든 겨울철 별미,물냉면",https://www.10000recipe.com/recipe/6829434
냉면사리,식초,물겨자,동치미,삶은계란,소고기,물,마늘,통후추,잔파 뿌리채
비빔냉면 # 비빔장 ,https://www.10000recipe.com/recipe/6955946
칡냉면,달걀,쌈무,토마토,고추가루,고추장,꿀,매실청,간장,식초,참기름
물냉면 : 시원한 육수 만들기,https://www.10000recipe.com/recipe/6955646
냉면,분말스프,사골국물,마늘가루,식초,물겨자
#열무김치요리 #열무김치비빔냉면만들기 #열무김치물비빔냉면만들기 #비빔냉면양념만들기,https://www.10000recipe.com/recipe/6955370
냉면사리,양념장,열무김치,열무김치국물,오이채,삶은달걀,참기름,통깨,천연조미료 해물육수,고추장,양조간장,식초,매실액,라면스프,다진마늘,썬파,후추,갈치속젓
냉면육수로 도토리묵사발 만들기,https://www.10000recipe.com/recipe/6955039
도토리묵,냉면육수,배추김치,김가루,통깨,설탕,참기름
물냉면-매운버전,https://www.10000recipe.com/recipe/6951782
졸면,매운양념
[3분완성] 새콤달콤매콤한 비빔냉면 : 초스피드 양념장 제조해서 드세요~ ,https://www.10000recipe.com/recipe/6950447
냉면사리,고추장,간장,설탕,식초,다진마늘,참기름,통깨,삶은달걀
무더운 여름철 더위를 날려줄 시원한 음식! 열무 김치말이국수! 마트표 냉면 육수로 간단하게 만들어요,https://www.10000recipe.com/recipe/6948964
열무김치국물,마트표 냉면육수,오이,열무김치 건더기,설탕,국수,소금
#시원한음식 #명태회냉면만들기 #명태회무침 #시원하게 동치미와 오이를 올려서 먹는 여름별미!! #명태회냉면,https://www.10000recipe.com/recipe/6948336
명태포,고추장,고춧가루,양조간장,매실액,설탕,맛술,다진마늘,명태회무침,오이,동치미무,달걀후라이,냉면사리,고추장,고춧가루,양조간장,라면스프,식초,다진마늘,썬파,매실액,후추,참기름,통깨
동치미 냉면 육수 수박 파스타 만들기 ,https://www.10000recipe.com/recipe/6943931
스파게티 면,달걀,수박,참외,양파,동치미육수,다진양파,설탕,매실청,간장 소스,고추장
[냉면무 만드는 법]맛집 물냉면 비빔냉면의 완성 냉면무절임 냉면무김치 레시피!!,https://www.10000recipe.com/recipe/6943829
무,굵은소금,신화당,식초,다진마늘,고춧가루
#말복요리 #평양냉면만들기 #동치미가 들어간 평양냉면 #평양냉면육수만들기,https://www.10000recipe.com/recipe/6943281
한우양지,사태,소주,대파,참치액젓,동치미국물,동치미무,겨자,식초,오이채
조금만 먹어도 배부른 곤약 비빔냉면,https://www.10000recipe.com/recipe/6941090
곤약면,양배추,양파,계란,코리엔더,육편,간장,고추장,설탕,참기름
말복에 먹은 냉면육수 활용하는 초계국수~ 다이어트 냉국수 초계탕 만들기,https://www.10000recipe.com/recipe/6940556
소면,오이,냉면육수,닭가슴살,겨자,달걀,쌈무
골뱅이냉면 : 맵달한 골뱅이무침과 시원한 냉면으로 집에서 여름휴가 만끽하기~! ,https://www.10000recipe.com/recipe/6940506
골뱅이,냉면사리,오이,냉면육수,고추장,간장,식초,설탕,다진마늘,참기름,통깨,골뱅이국물,달걀
냉면무김치 새콤달콤 맛있는 무절임 만들기,https://www.10000recipe.com/recipe/6940326
무,식초,굵은소금,설탕,고춧가루,물
오이지 비빔냉면,https://www.10000recipe.com/recipe/6940306
오이지,냉면 1뭉치,간장,설탕,고춧가루,다진 마늘,참기름,깨소금,다진 대파
중국냉면 만들기 ,https://www.10000recipe.com/recipe/6940092
생면,계란,당근채,오이채,삶은 새우,해파리,삶은 해삼 채,삶은 오징어채,오항징육,양상추,육수 또는 정수기물,식초,설탕,간장,치킨스톡,땅콩쨈
여름 보양식 초계국수 냉면육수로 쉽고 간단하게 만드는 법,https://www.10000recipe.com/recipe/6939716
닭다리살,야채샐러드,깻잎,냉면육수,식초,올리고당,겨자,치킨스톡
남은 냉면사리 맛있게 먹기,https://www.10000recipe.com/recipe/6939629
냉면사리,브로콜리,토마토,달걀,비빔장,양념간장
비빔 칡냉면 만드는법 . 사계절 밥상이 개발한 건강에 좋은 흑마늘 비빔 양념장.,https://www.10000recipe.com/recipe/6939497
칡 냉면,흑 마늘,사과,양파,오이,대파 흰부분만,맛술,매실청,간장,설탕,식초,고추장,고춧가루
더운날 시원하게 한 그릇,https://www.10000recipe.com/recipe/6938395
냉면,냉면육수,명태회무침,시판 양념장
물냉면,https://www.10000recipe.com/recipe/6937928
메밀면,쌈무,계란,식초
시판 냉면육수로 만드는 묵국수 한그릇 레시피 ,https://www.10000recipe.com/recipe/6937354
도토리묵,시판 냉면육수,당근,김치,계란,케일,김가루,통깨
여름별미 냉면육수로 묵사발 만들기,https://www.10000recipe.com/recipe/6936446
도토리묵,동치미 냉면육수,오이,청양고추,김가루,김치,양념장
냉면육수 집에서 만들어 먹기,https://www.10000recipe.com/recipe/6936069
소고기 국거리용,물,무,양파,잔파,다진마늘,마른표고버섯,계란,오이,사과,간장,소금,식초,물겨자
물냉면,https://www.10000recipe.com/recipe/6935637
냉면,오이채,시판용 냉면육수,물김치,소고기불고기
비빔냉면,https://www.10000recipe.com/recipe/6935366
냉면사리,양파 채,사과 채,오이채,양배추 채,간장,식초,매실,초장,깨,참기름
집에서도 맛있게 만드는 비빔냉면 만들기,https://www.10000recipe.com/recipe/6935263
냉면 사리,오이,쌈무,계란,깨,참기름,냉면육수,고추장,고추가루,설탕,다진마늘,진 간장,매실액,다진파,식초
메밀국수와 냉면육수로 만든 물막국수,https://www.10000recipe.com/recipe/6935130
메밀국수,냉면 육수,계란,열무김치,쌈무
톳페스토불고기:이처럼 고급진 맛의 육쌈냉면이라니!,https://www.10000recipe.com/recipe/6934804
소고기불고기감,톳페스토,올리브오일,맛술,다진마늘,소금,후추,통깨
#비빔국수 #쟁반막국수만들기 #어린이날 간식 #막국수양념 #냉면육수활용요리,https://www.10000recipe.com/recipe/6933788
메밀면,당근,부추,시금치나물,반숙란,구운란,양념장,참기름,통깨,시금치,소금,통깨,참기름,고추장,고춧가루,다진마늘,설탕,매실액,냉면육수
닭안심과 냉면 육수로 초계국수 만들기!,https://www.10000recipe.com/recipe/6933508
닭안심,냉면 육수,양파,대파,마늘,소면,후추,소금,연겨자,쌈무,설탕,식초,양배추
김치말이국수 레시피 냉면육수로 쉽게!,https://www.10000recipe.com/recipe/6933480
소면 or중면,김치,설탕,참기름,김칫국물,냉면육수
냉면무 만들기 ,https://www.10000recipe.com/recipe/6933479
무,설탕,고추가루,식초,꿀,천일염
채소가득 둥지비빔냉면,https://www.10000recipe.com/recipe/6932108
둥지비빔냉면,계란,오이,청상추,깻잎,식초,참기름,통깨
냉면육수 열무 김치국수 만드는법 여름철 별미 ,https://www.10000recipe.com/recipe/6932043
시판 냉면육수,열무김치,오이,열무김치국물,통깨,소면
쉽고 간단하게 비빔냉면 만드는법 ,https://www.10000recipe.com/recipe/6931924
냉면,소고기,토마토,배,달걀,무생채,초고추장,미향,허브솔트
냉면 육수로 시원한 김치말이국수 만들기!,https://www.10000recipe.com/recipe/6931435
소면,냉면 육수,신김치,참기름,통깨
핫!핫! 핵불닭비빔냉면 만들기!,https://www.10000recipe.com/recipe/6931200
고추장,고춧가루,설탕,다진마늘,참깨,식초,참기름,간장,핵불닭소스,사이다
깔끔한 별미 면요리 물냉면 만들기,https://www.10000recipe.com/recipe/6930640
시판냉면 패키지,양지머리,쪽파,양파,다시마,쌈무,청양고추,달걀,참기름,깨,물,간장,후추
시판 양념장으로 만든 불냉면,https://www.10000recipe.com/recipe/6929983
냉면사리,오이,설탕,파인애플 식초,무 슬라이스 2조각,설탕,파인애플 식초,대추 방울 토마토,계란,불냉면 양념장,참기름,통깨,각얼음
중국냉면 - 우리집이 중국냉면 맛집이네! 즈마장 하나면 쉽게 만들어요.,https://www.10000recipe.com/recipe/6929001
냉면육수,오이,양배추,편육,새우살,삶은달걀,생면,즈마장,사이다,식초,겨자
냉면용 동치미와 수박 냉면,https://www.10000recipe.com/recipe/6928602
무,꽃소금,통마늘,매실청,자일로스 설탕,2배 식초,요구르트,복 수박,냉면,동치미 국물,삶은 달걀,기호에 따라 김치국물
"무더위, 집에서 맛있게 즐기는 냉면 비법",https://www.10000recipe.com/recipe/6927324
▶ 재료 : 시판 냉면,냉면육수,대패 삼겹살,계란,삶은 계란,오이,물김치,소금,깨소금,참기름
여름엔 냉면 ? 놉~! 여름엔 냉파스타 지~! 오일 냉파스타 ★,https://www.10000recipe.com/recipe/6926231
스파게티면,방울토마토,빨간파프리카,노란파프리카,블랙올리브,양파,올리브유,바질페스토,레몬즙,설탕,발사믹식초,올리고당,다진마늘
만능비빔장과 만능냉육수만 있다면 ! 여름은 끄떡없어! 물냉면 & 비빔국수,https://www.10000recipe.com/recipe/6919747
냉면사리,만능 냉육수,물,쌈무,오이,삶은달걀,소면,비빔장,오이,삶은 달걀,깨
둥지냉면 맛있게 만들기,https://www.10000recipe.com/recipe/6918647
둥지냉면,고명용 고기,고명용 채소
전복 냉면 한그릇 해보세요~!,https://www.10000recipe.com/recipe/6918510
칠갑농산얼음찬 물냉면,칠갑농산얼음찬 비빔냉면,전복,배,오이,무순
만두와 냉면의 조화로운 만남!!,https://www.10000recipe.com/recipe/6918427
냉면면,물냉면 육수,김치만두,열무김치
냉면 무김치 만드는법~냉면무절임,https://www.10000recipe.com/recipe/6918114
무,소금,설탕,식초,고운고추가루
수박 냉면 만들기,https://www.10000recipe.com/recipe/6917470
수박,오이,냉면육수,냉면,삶은달걀,고운고춧가루,설탕,사이다,식초,간장,다진마늘,참기름,참깨
시원한 해산물 토마토 냉면,https://www.10000recipe.com/recipe/6917428
오징어,새우,주꾸미,냉면사리,양파,고추장,식초,설탕,다진 마늘,소금,삶은 달걀,오이
해산물 토마토 냉면,https://www.10000recipe.com/recipe/6916908
오징어,새우,주꾸미,냉면면,양파,고추장,식초,설탕,다진 마늘,소금,삶은 달걀,오이
냉면육수만들기,https://www.10000recipe.com/recipe/6915993
소고기,양파,다시마,파뿌리,버섯 꽁지,무,고추,소금,국간장,식초,설탕,매실액
더운 날에는 시원한 냉면으로 맛나게 먹어요~:),https://www.10000recipe.com/recipe/6915935
국수,냉면 육수,삶은계란,무초절임,돼지고기,고추장,고춧가루,진간장,요리당,다진마늘,참기름,통깨
혼밥으로 먹은 열무 냉면~,https://www.10000recipe.com/recipe/6915803
냉면면,시판용냉면육수,열무물김치,참기름,통깨,김가루
라면처럼 완전 간편하게 3분이면 조리 완료! 꼬불꼬불 물냉면 ★,https://www.10000recipe.com/recipe/6915002
꼬불꼬불 물냉면,오이,통깨,쌈무
비빔냉면,https://www.10000recipe.com/recipe/6914859
냉면 사리,달걀,소고기,양상추,빨강피망,초절임 무,비빔장,간장,설탕,미향 각,깨소금
집에서 냉면 만들기,https://www.10000recipe.com/recipe/6914837
칠갑농산 냉면,비빔장,약간의 야채,삶은 달걀
둥지냉면 맛있게 먹기,https://www.10000recipe.com/recipe/6914767
둥지물냉면,감동란,열무김치
홈메이드 초계냉면 만드는 방법~!,https://www.10000recipe.com/recipe/6914660
닭,쌈 무,냉면육수,냉면 사리,풋 사과,계란,레몬,양파,대파,무
매콤한 맛의 진수 : 비빔회냉면 만들기,https://www.10000recipe.com/recipe/6913575
횟감연어,쌈 채소,매운고추,마늘,아보카도,고춧가루,매실청,간장,청주,다진마늘,2배식초,참기름,고추장,식초,설탕
"열무물김치만드는방법, 열무물김치 냉면만들기~쉬운레시피",https://www.10000recipe.com/recipe/6912649
열무,다시마물,물,고춧가루,소금,다진마늘,멸치액젓,매실액,쪽파 흰대위주로,양파,적양배추,청양고추,홍고추,당근
"남자친구 도시락 추천메뉴 불닭볶음 대패삼겹살 김밥, 송주 불냉면 소스로 속따가운 매운맛 즐기기",https://www.10000recipe.com/recipe/6912487
공기밥,깻잎,청양고추,편마늘,대패삼겹살,김밥용 김,불닭볶음면소스,송주불냉면소스
비빔냉면,https://www.10000recipe.com/recipe/6912265
냉면사리,생수,고추가루,다진마늘,국간장,설탕,물열,식초,통깨
"묵밥, 묵사발 만들기. 냉면육수를 활용해 간단한 요리!",https://www.10000recipe.com/recipe/6912096
냉면육수,묵,양파,오이,양배추,김가루,깨,다진김치,설탕,참기름
늦여름 시판 냉면 집에서 맛있게 즐기는 법,https://www.10000recipe.com/recipe/6911064
냉면,계란,소불고기,물김치,깨소금,참기름
"시판 냉면육수로 살얼음동동 묵사발만들기,",https://www.10000recipe.com/recipe/6911032
도토리묵 또는 메밀묵,냉면육수,오이 작은거,잘게썬 익은김치,조미김,깨소금
더위와 다이어트 두마리 토끼 모두 잡는 초간단 곤약냉면 만들기,https://www.10000recipe.com/recipe/6909882
곤약면,냉면육수,오이,당근,삶은달걀,청양고추,홍고추,통깨
더위를 한 방에 날려 줄 시원한 노각무침 냉면,https://www.10000recipe.com/recipe/6903541
노각 ,냉면,냉면육수,게맛살,파,청양고추,식초,깨소금,고추장,고춧가루,설탕,다진 마늘,2배식초,깨소금,소금,설탕,식초
시판 냉면 육수를 이용해서 만드는 열무김치말이국수,https://www.10000recipe.com/recipe/6898907
열무김치,김장 배추김칫국물,냉면육수,소금,겨자,적양배추채
"김치말이국수 만드는 법, 시판 냉면육수로 간편하게 ~ ",https://www.10000recipe.com/recipe/6898614
국수,오이,삶은 계란,신 김치,통깨,얼음,올리고당,참기름,냉면육수,김치 국물,오미자청,식초,올리고당
초계국수 닭고기 없이 냉면육수로 만들기,https://www.10000recipe.com/recipe/6898521
소면,양배추,오이,당근,냉면육수,식초,올리고당,겨자,통깨
열무냉면 만들기,https://www.10000recipe.com/recipe/6897950
열무김치,김치국물,냉면,냉면육수,오이,삶은 달걀,깨소금
#에어프라이어요리 #양념목살구이만들기 #동치미물냉면 #양념목살구이 한점을 냉면과 함께 먹는 시원한 여름음식!!,https://www.10000recipe.com/recipe/6896979
목살,청주,액젓,굴소스,생강,다진마늘,허브가루,후추,냉면육수,냉면사리,동치미국물,참외,오이,굵은소금,삶은달걀
"[아빠투툼레시피]차가운 동치미 냉면육수로 시원한 냉국수 한그릇, 더위 탈출",https://www.10000recipe.com/recipe/6895768
소면,동치미육수
여름방학 맞이 간단한 점심 한끼 해결! 평양물냉면 & 대패삼겹살,https://www.10000recipe.com/recipe/6894637
cj평양물냉면,대패삼겹
아주맛난 냉면장,https://www.10000recipe.com/recipe/6894493
소고기간거,파,배,파인애풀,양파,고추장,간장,고추가루,설탕,매실액기스,다진마늘,레몬즙
#색다른냉면요리 #피꼬막무침 #피꼬막무침냉면만들기 #시원한살얼음육수를 올려서 먹는 피꼬막비빔냉면,https://www.10000recipe.com/recipe/6894070
자숙피꼬막,배,오이,당근,다진마늘,다진파,고춧가루,고추장,멸치액젓,설탕,청주,참기름,통깨,냉면사리,냉면육수
#평양냉면 #함흥냉면 #여름음식 #비빔냉면양념만들기,https://www.10000recipe.com/recipe/6893387
양파,배,고운고춧가루,굵은고춧가루,생강,대파,다진마늘,청주,꿀,액젓,참기름,통깨,오이,굵은소금,냉면사리,냉면육수,삶은달걀,비빔면,절임오이,배,통깨,겨자,식초
#코스트코황태초무침을 이용한 황태초무침비빔냉면만들기,https://www.10000recipe.com/recipe/6893214
황태초무침,오이,당근,달걀,냉면사리,냉면육수,통깨
비빔장 달콤하고 맛있는 냉면 비빔장,https://www.10000recipe.com/recipe/6893009
사과,오렌지,딸기,양파,고춧가루,고추장,간장,올리고당,참치 액,다진 마늘,맛술,매실청
꼬시래기냉면,https://www.10000recipe.com/recipe/6892765
꼬시래기,냉면육수,오이,삶은계란,냉면 무절임,무,설탕,식초,소금,고추가루
무더위 한방에 날려줄 시원한 비빔 물냉면 만들기,https://www.10000recipe.com/recipe/6892670
냉면용 면,계란,오이,청양고추,냉면육수,고추장,고춧가루,간장,설탕또는물엿,깨소금,참기름,연겨자
야식으로 간단한 육쌈냉면 만들기,https://www.10000recipe.com/recipe/6892544
시판용냉면,오이,달걀,쌈무,삼겹살,고추장,맛술,간장,올리고당
냉면 비빔양념장의 비법은 무엇일까요?,https://www.10000recipe.com/recipe/6892525
사과,양파,파인애플,마늘,탄산수,고춧가루,고추장,설탕,물엿,식초,소금,미림,간장,소주
냉면의 계절이 오고있다!♡냉면삶는법,https://www.10000recipe.com/recipe/6891878
냉면사리,물,식초
중화냉면스타일의 한국식 냉라면 만들기 ,https://www.10000recipe.com/recipe/6891805
라면,햄,계란,오이,양파,얼음
"가슴속까지 뻥뚤리는 시원한
전복복숭아물회냉면",https://www.10000recipe.com/recipe/6891676
전복,오이,복숭아,깻잎,청양고추,양파,사이다,고추장,고춧가루,매실청,마늘
냉면과 함께 먹을 수 있는 새콤달콤오이무침 황금레시피 ,https://www.10000recipe.com/recipe/6891397
오이,양파,식초,설탕,소금,깨소금
너두?나두! 맛있는 자두냉면,https://www.10000recipe.com/recipe/6890862
냉면,육수,자두
"회냉면에 빠지면 섭하죠
명태회무침",https://www.10000recipe.com/recipe/6890361
명태,물,식초,고추가루,식초,설탕,매실청,고추장
"입맛없을때 매콤함으로 입맛살리는
냉면비빔장&비빔냉면",https://www.10000recipe.com/recipe/6890204
사과,양파,바나나식초,매실청,설탕,식초,고춧가루,청양고춧가루,고추장,소금,통깨
집에서 즐기자! 물김치로 만든 시원한 냉면,https://www.10000recipe.com/recipe/6890107
냉면,멜론물김치,달걀,오이,깨소금,참기름
칡냉면 땡기는날~후룩 톡 쏘는 겨자 넣고!!,https://www.10000recipe.com/recipe/6889230
칡냉면,냉면육수,오이,달걀삶은것,얼음,깨소금,겨자,따뜻한 물
여름별미! 시원한 마 냉면,https://www.10000recipe.com/recipe/6889220
안동 마 ,냉면사리,오이,달걀,방울토마토,초절임 무,겨자소스,냉면육수
"콜라비 요리 도토리묵국 만드는 법, 냉면육수로 뚝딱",https://www.10000recipe.com/recipe/6887931
도토리묵,콜라비,냉면육수,잘게 썰은 배추김치,참기름,설탕,식초,김,깨,홍고추
비빔냉면 홈메이드 냉면 양념장과 냉면 무김치 만드는법,https://www.10000recipe.com/recipe/6878461
고춧가루,고추장,간장,멸치액젓,생강술이나 맛술,매실청,올리고당,마늘가루,양파,배,사과
"#3대천왕 냉우동을 따라한 냉국수만들기 #단무지와 멸치육수, 그리고 냉면육수를 섞어서 만드는 시원한 냉국수~~",https://www.10000recipe.com/recipe/6875372
중면,멸치육수/천연조미료육수,냉면육수,단무지,김가루,통깨
#혼밥 불없이 만드는 혼밥의 정석 #열무김치냉밥만들기 #김치와 냉면육수만 있다면 시원한 냉밥을 만들 수 있다~ 불없,https://www.10000recipe.com/recipe/6874781
찬밥,열무김치,냉면육수,김칫국물,오이,김가루,통깨,참기름
냉면 무 담가서 시원한 물냉면 해먹기~,https://www.10000recipe.com/recipe/6874133
무,식초,소금,설탕,식초,고춧가루,냉면 면,냉면육수,달걀,오이
더운날엔 시원하게 한 방에 딱! 물냉면,https://www.10000recipe.com/recipe/6873671
홈냉면,냉면육수,물,얼음,채 썬 오이,삶은 계란,채 썬 쌈무,떡갈비,식초
시판 냉면 육수로 만든 김치오이냉국,https://www.10000recipe.com/recipe/6873560
김치,오이,냉면육수,매실청,소금,식초
쫄깃하게 냉면면 삶는법! 열무냉면,https://www.10000recipe.com/recipe/6873232
냉면,열무김치,냉면육수,설탕,식초
"초간단 전자렌지 수란 ,, 인기메뉴 여름 냉면 레시피~!",https://www.10000recipe.com/recipe/6873204
계란,식초,물,냉면육수,쌀면,오이,소고기,김치
시원한 물냉면~,https://www.10000recipe.com/recipe/6872752
냉면,육수,오이,삶은달걀,삶은 햄,사과,초절임무
열무 물김치 담그기. 열무김치로 열무물냉면 해 먹기.,https://www.10000recipe.com/recipe/6872561
열무,소금,밀가루풀,밀가루,물,멸치액젓,설탕,고춧가루,다진마늘,물
8색냉면,https://www.10000recipe.com/recipe/6872056
냉면,새우,양배추,집에있는모든야채
[해외자취Cook.feel通]355. 토마토비빔냉면 레시피 ,https://www.10000recipe.com/recipe/6871452
시판비빔냉면,토마토,오이채
"김치 삼합 물냉면, 세가지 김치의 앙상블",https://www.10000recipe.com/recipe/6871383
둥지물냉면,익은 김치,익은 김치국물,냉수,익은 오이소박이,익은 무김치,깨소금
"닭무침 물냉면, 시원한 여름에 제격!",https://www.10000recipe.com/recipe/6871371
둥지물냉면,닭 가슴살,양파,오이,어린 비타민잎,닭육수,다진 마늘,소금,고춧가루,식초,설탕,간장,연겨자
콩없는 콩국수 맛 둥지냉면! 이런게 비법레시피!,https://www.10000recipe.com/recipe/6870517
둥지물냉면,두유,두부,참깨,오이
육쌈냉면 뭐있나? 둥지냉면이면 OK 삼겹 파채 비빔냉면,https://www.10000recipe.com/recipe/6870495
둥지비빔냉면,물,대패 삼겹살,대파,다진 마늘,간장,물엿,참기름,식초,설탕,고춧가루,참깨,후춧가루
