라면,추천순,199
굴소스마요라면 만들기,https://www.10000recipe.com/recipe/6833589
라면,파,청양고추,라면스프,굴소스,버터,마요네즈
신라면을 이용한 신라면투움바 파스타,https://www.10000recipe.com/recipe/6862912
신라면,마늘,양파,슬라이스 치즈,버터,우유,새우,올리브오일,파슬리
시원한 냉라면 간편하게 만들기,https://www.10000recipe.com/recipe/6913453
라면,양파,얼음,설탕,식초,참기름
누텔라쿠키 달다구리성애자라면 필수! ,https://www.10000recipe.com/recipe/6902870
누텔라,달걀,박력분,잼
소세지김치컵밥 자취생이라면 도전! ,https://www.10000recipe.com/recipe/6904503
밥,소시지 바,김치,스트링치즈,달걀,고추장,케찹,설탕,진간장
전자렌지 5분 OK! 치즈 라면볶이 만들기ㅣ초간단 자취요리ㅣ,https://www.10000recipe.com/recipe/6903729
라면사리,슬라이스치즈,고추장,고춧가루,간장,올리고당,설탕,물
토마토라면@ 권오중셰프의 이색방토라면레시피,https://www.10000recipe.com/recipe/6847969
라면,토마토,양파,청양고추,식초,다진마늘
"콘치즈 덕후라면 주목! 식빵 안에 쏘옥~달달,든든 콘치즈파이!",https://www.10000recipe.com/recipe/6883265
식빵,옥수수통조림,마요네즈,설탕,피자치즈,달걀
강식당.제주많은돼지라면 양념장,https://www.10000recipe.com/recipe/6881576
고추가루,기름,다진양파,다진파,다진마늘
"[간단 자취요리] 5분 컷, 라면보다 빠르다고..? 치즈쭉쭉 라볶이 만들기 ",https://www.10000recipe.com/recipe/6869548
물,라면사리,고추장,간장,올리고당,설탕
라면만큼 쉬운 백종원 라볶이,https://www.10000recipe.com/recipe/6942169
물,라면,고추장,설탕,어묵,삶은 달걀
간단한 간식 치즈일까 라면일까,https://www.10000recipe.com/recipe/6892541
라면,모짜렐라 치즈,파슬리가루,물
굴소스마요라면 l 치킨마요말고 이젠 마요라면! ★,https://www.10000recipe.com/recipe/6926969
라면,대파,버터,굴소스,마요네즈,청양고추
없던 입맛도 돌아오는 매콤칼칼 백종원 '비빔라면' 레시피,https://www.10000recipe.com/recipe/6894541
라면,콩나물,양파,고추장,고추가루,설탕,참기름,식용유
"""굴소스야채볶음라면""♪",https://www.10000recipe.com/recipe/6833634
라면,양배추,당근,양파,햄,청양고추,계란,다진마늘,굴소스,참기름,깨
[간단 자취요리] 쫄면이 땡길 때! 새콤 달콤 쫄라면 만들기,https://www.10000recipe.com/recipe/6875594
라면사리,오이,양배추,고추장,설탕,식초,간장,다진마늘,참기름
인스턴트짬뽕라면으로 크림짬뽕만들기,https://www.10000recipe.com/recipe/6878154
인스턴트 짬뽕라면,양파,당근,호박,우유 또는 생크람,물,슬라이스치즈
백종원의 고소한 우유라면,https://www.10000recipe.com/recipe/6904094
라면,우유
명란 라면 볶음(?)//명란 운동회,https://www.10000recipe.com/recipe/6883387
명란,마늘,청양고추,라면사리,버터
크림라파게티:우유와 라면으로 뚝딱!,https://www.10000recipe.com/recipe/6923015
라면,우유,달걀,양파,마늘,식용유,라면스프
"10분만에 뚝딱! 초간단 겉바속촉 ""라면치즈전"" 만들기 / 레미키친RemyKitchen",https://www.10000recipe.com/recipe/6917282
라면,대파,모짜렐라 치즈
라면겨자냉채 l 꼬불이 라면과 함께 먹는 가벼운 냉채!,https://www.10000recipe.com/recipe/6925365
오이,양파,빨간 파프리카,노란 파프리카,크래미,라면,슬라이스 햄,연겨자,설탕,식초,간장,참기름
"한국라면으로 일본라멘 만들기, 초간단 야매 미소라멘 레시피",https://www.10000recipe.com/recipe/6950311
라면,물,우유,다시마,된장,고춧가루,숙주
얼큰 칼칼한 해장라면 홍콩식 토마토라면 만들기,https://www.10000recipe.com/recipe/6923822
라면,방울토마토,양파,대파,다진마늘,고춧가루,식초,달걀
저렴하지만 고풍진 음식을 만들고 싶다면? 라면크림파스타♥,https://www.10000recipe.com/recipe/6881204
라면,우유,양파,체다치즈,파마산치즈가루,베이컨,소금,후추
떡없이 만두랑 라면사리로 만든 만두라볶이!,https://www.10000recipe.com/recipe/6951686
라면사리,냉동 찐만두,냉동 군만두,스팸,물,간장,고춧가루,올리고당,소금,후추
짜장라면으로 간짜장만들기! 유재석이 배운 이연복의 간짜장라면 ♥,https://www.10000recipe.com/recipe/6926152
라면,양파,스프,삼겹살,올리브유
신라면 투움바 파스타 초간단 라면요리 점심메뉴추천,https://www.10000recipe.com/recipe/6953155
신라면,우유,양파,통마늘,버터,체다치즈,칵테일 새우,후춧가루
햄김치 볶음라면,https://www.10000recipe.com/recipe/6905824
라면,스팸,김치
[간단 자취요리]라면 스프와 밥을 볶으면? 상상 이상의 맛! 라면밥 만들기,https://www.10000recipe.com/recipe/6876636
밥,라면스프,대파,햄,설탕,버터
매콤한 라면떡볶이 만드는 방법 ,https://www.10000recipe.com/recipe/4510631
다시마,건새우,멸치,라면사리,계란,떡,어묵,쪽파,당면,간장,올리고당,고추장,고춧가루
우삼겹라면 진짜 맛있게 끓여먹어보자,https://www.10000recipe.com/recipe/6929205
우삼겹,대파,꽈리고추or청양고추,마늘,고추가루,된장,안성탕면
라면레시피중 최고!정말 맛있는 투움바라면!,https://www.10000recipe.com/recipe/6951696
라면,양파,마늘,새우,버터,우유,체다치즈
"멸치 육수만 준비 되면 라면보다 끓이기 쉬워요~ 떡국, 떡국끓이기",https://www.10000recipe.com/recipe/6862543
떡국떡,멸치육수,대파,국간장,계란,깨가루,참기름,김가루
삼겹 된장 신라면,https://www.10000recipe.com/recipe/6866665
신라면,삼겹살,다진 마늘,된장,참기름,양파,물
신라면볶음밥 : 신라면을 볶음밥으로 2배 맛있게 만들기 ♥,https://www.10000recipe.com/recipe/6938659
신라면,밥,달걀,대파,식용유,뜨거운 물
초간단 라면 파스타 ~*,https://www.10000recipe.com/recipe/6872450
라면사리,체다치즈,우유,파마산치즈가루,햄,소금,후추
집밥백선생 백종원 게살냉라면 ,https://www.10000recipe.com/recipe/6892934
라면,게맛살 ,양파,청양고추,진간장 ,설탕,식초,미지근한 물,얼음,물 
보들보들 꼬소한 백종원 참기름달걀라면 만들기 :),https://www.10000recipe.com/recipe/6938923
라면,계란,물,대파,참기름,청양고추
베이컨숙주볶음라면 만들기!,https://www.10000recipe.com/recipe/6833904
라면,계란,숙주,베이컨,양파,새송이버섯,마늘,파,식용류,간장,굴소스,버터,소금,후춧가루
신라면 투움바 파스타 만들기 (w 해피콜 편수냄비),https://www.10000recipe.com/recipe/6912837
신라면,라면스프,손질 새우,버터,체다치즈,양파,마늘,양송이버섯,홍고추,청양고추,우유,물,후춧가루,쪽파
이색라면요리 김치볶음면,https://www.10000recipe.com/recipe/6829148
라면사리,신김치,마늘,대파,청양고추홍색,청양고추청색,햄,올리브유,참기름,통깨,간장,굴소스,김치국물,후춧가루
백종원 볶음라면 초간단 간식 레시피,https://www.10000recipe.com/recipe/6904189
라면,대파,식용유
백종원의 요리비책! 초간단 냉라면,https://www.10000recipe.com/recipe/6917636
▶ 재료 : 라면,콩나물,청양고추,양파,물,간장,식초,설탕,깨소금
초간단 야식 전자렌지로 바삭한 라면땅 만들기,https://www.10000recipe.com/recipe/6894563
라면,설탕,라면스프
집밥 백선생 고소한 우유라면,https://www.10000recipe.com/recipe/6897227
라면,물,우유,고춧가루,대파
만두소짜장라면 ☆ 만두소로 만드는 짜장라면,https://www.10000recipe.com/recipe/6903442
해동된 만두,짜장라면,대파,양파,식용유
별미피자~ 라면피자,https://www.10000recipe.com/recipe/5099467
라면,야채,피자치즈,스파게티소스,칵테일새우,콘옥수수
신라면 투움바 파스타 아웃백 흉내내기,https://www.10000recipe.com/recipe/6932371
신라면,양파,통마늘,베이컨,우유,라면스프,버터,슬라이드 치즈,후추
"백종원 홍게라면 레시피, 국물맛이 끝내주네요 ",https://www.10000recipe.com/recipe/6946506
익힌 홍게,라면,대파,불린미역,물,된장,고추가루,국간장
네모김밥이랑 찰떡궁합인 해장국같은 시원한 라면! 백종원의 무파라면 ,https://www.10000recipe.com/recipe/6936357
라면,무,청양고추,물,들기름,다진 마늘,새우젓
뽕! 탁! 이보다 쉬울수 없어! 초간단 자취요리! 카레치즈라면 ★ ,https://www.10000recipe.com/recipe/6926477
라면,라면스프,3분 카레,슬라이스치즈,물,파슬리가루
구수한 맛이 일품인 '백종원 된장라면' 초간단 레시피,https://www.10000recipe.com/recipe/6922697
라면,된장,계란,대파
추억 소환하러 가쟈!!!! 분식집 라면땅 ★,https://www.10000recipe.com/recipe/6913797
라면,고추장,케첩,간장,설탕,올리고당,물,설탕,통깨
야키소바 볶음라면,https://www.10000recipe.com/recipe/6833395
양배추,베이컨,양파,마늘,라면사리,계란,설탕,간장,우스터소스,다진 마늘,후춧가루
라면만큼 쉬운 [짜장떡볶이] 만들기,https://www.10000recipe.com/recipe/6948664
떡볶이 떡,어묵,양파,대파,짜장가루,설탕,다진마늘,깨소금
[간단 자취요리] 쿠지라이식 라면 업그레이드 버전! 쿠지라이식 매운 치즈라면 레시피,https://www.10000recipe.com/recipe/6877612
라면,달걀,체다치즈,청양고추,물
다이어터 혼밥족이라면♥닭가슴살카레볶음밥,https://www.10000recipe.com/recipe/6888952
닭가슴살캔,현미밥,양파,초록피망,당근,식용유,카레가루
수요미식회 일본 쿠지라이식라면 만들기!!,https://www.10000recipe.com/recipe/6896965
라면 ,계란
라면으로 할수있는 요리 또띠아 롤 불닭볶음면,https://www.10000recipe.com/recipe/6835939
불닭볶음면,또띠아,소세지,슬라이스치즈
황금 양념장으로 무친 야식추천 골뱅이무침 with 라면사리,https://www.10000recipe.com/recipe/6931859
라면사리,양배추,양파,오이,사과,깻잎,대파,진미채 또는 북어채,청양고추,홍고추,고춧가루,고추장,식초,설탕,간장,통조림 골뱅이국물,다진마늘
집밥 TV) 라끼남 강호동 짜장 라면 레시피 돼짜면(한끼줍쇼에 나온 짜장라면 맛있게 끓이는 법),https://www.10000recipe.com/recipe/6945105
파,양파,돼지고기,다진마늘,짜장라면,고춧가루
얼큰하고 담백하고 맛있는 마늘부추라면 레시피(마늘땡기면 by남성렬셰프),https://www.10000recipe.com/recipe/6838244
라면,마늘,부추,고추장,고춧가루
일본식 냉라면 '히야시츄카' 만들기,https://www.10000recipe.com/recipe/6871954
샌드위치햄,계란,오이,브런치크랩,토마토,중면,통깨,꿀,식초,물,간장,참기름,쪽파,통깨
우유와 함께라면 더 좋은 카스테라,https://www.10000recipe.com/recipe/4289196
달걀,우유,강력분,황설탕,꿀,바닐라빈
쿠지라이식 라면 국물 없는 라면 맛있게 끓이기,https://www.10000recipe.com/recipe/6909235
매운 라면,물,송송 썬 대파,김,체다슬라이스치즈,송송 썬 대파,후춧가루
#라면과 잘 어울리는 맛김치 만들기,https://www.10000recipe.com/recipe/6854921
알배기배추,굵은소금,무채,당근채,양파,대파,고추,고춧가루,멸치액젓,다진마늘,다진생강,다진파,매실액,설탕
[간단 자취요리] 케찹 + 라면으로 스파게티를..! / 자취버전 나폴리탄 스파게티 만들기,https://www.10000recipe.com/recipe/6861489
라면,계란,햄,케찹,굴소스,다진마늘
백종원 대패삼겹살 라면 레시피 ,https://www.10000recipe.com/recipe/6929163
라면,대패삼겹살,콩나물,대파,양파,고춧가루,간장,액젓
라면 치즈 핫도그,https://www.10000recipe.com/recipe/6863705
스트링치즈,뿌셔뿌셔,핫케이크가루,달걀,우유
일본식 챠슈라면(미소라면),https://www.10000recipe.com/recipe/6834228
삼겹살,홍고추,대파,라면사리,양파,숙주,팽이버섯,청양고추,설탕,다진마늘,맛술,간장,굴소스,일본 미소된장
"반숙계란 장조림 만들기, 라멘 계란, 아지츠케 타마고 (味付け玉子)",https://www.10000recipe.com/recipe/6829179
계란,간장,설탕,굴소스,물,마늘,생강,식초
투움바 라면 파스타 레시피. 진라면으로 도전!,https://www.10000recipe.com/recipe/6885088
라면,양파,마늘,베이컨,슬라이스치즈,우유,버터,파슬리,올리브유
올리브쇼 레시피 크림치즈라면,https://www.10000recipe.com/recipe/6829158
라면,물,크림치즈,라면스프
사리곰탕으로 만드는 진~하고 뽀얀 라멘!사리곰탕 돈코츠라멘,https://www.10000recipe.com/recipe/6883707
사리곰탕라면,삼겹살,채 썬 양파,물,식용유,진간장,올리고당,맛술,후추,삶은 달걀,숙주,송송 썬 쪽파
냉라면3,https://www.10000recipe.com/recipe/6892357
라면,청양고추,물,간장,식초,설탕,계란,깨
야끼소바라면,https://www.10000recipe.com/recipe/6920626
라면사리,양파,양배추,페퍼론치노,마요네즈,계란,대파,표고버섯,간장,굴소스,올리고당,후추
백종원의 맛있는 땅빠면~(땅콩빠다로 만든 라면),https://www.10000recipe.com/recipe/6868006
라면,파,기름,고추가루,땅콩버터
여름보양식 더울땐 초계국수가 최고지(이색라면요리),https://www.10000recipe.com/recipe/6917036
닭가슴살,라면,계란,오이채,설탕,연겨자,냉면 육수,소금,통깨,식초
라면의 반란! 뜨끈한 사리곰탕 순대국밥,https://www.10000recipe.com/recipe/6851895
사리가 들어있는 곰탕 맛 라면,콩나물,순대와 내장,썬 대파,썬 청양고추,밥, ,부추, ,고춧가루,국간장,액젓,다진마늘, ,다진마늘,후춧가루,들깨가루
우유 라면 보다 맛있는 : 가쓰오부시 라면 / Katsuobushi Ramen,https://www.10000recipe.com/recipe/6914735
다진마늘,신라면,물,우유,가쓰오부시
수요미식회도 인정한 쿠지라이식 라면 꼭 먹어봐야 해요,https://www.10000recipe.com/recipe/6913878
라면,라면 스프,물,계란,슬라이스 치즈,대파
사리곰탕면을 이용한 순대라면만들기,https://www.10000recipe.com/recipe/6835394
사리곰탕라면,순대,숙주,청양고추,대파,라면스프,들깨가루,새우젓
베이컨 라면 볶음,https://www.10000recipe.com/recipe/6897828
라면,물,베이컨,양파,홍 청양고추,식용유
카레라면,https://www.10000recipe.com/recipe/6834481
라면,양파,라면스프,카레가루
시간이 없어서 즉석밥으로 라면밥 만들어보겠다구요. 아시겠어요?,https://www.10000recipe.com/recipe/6914632
라면,즉석밥,달걀,대파,물
라면포트로 만든 와사비 마요라면(다이어트라면) ,https://www.10000recipe.com/recipe/6904195
라면사리,마요네즈,와사비,굴소스,볶은 참깨,검은깨,다진마늘,다진 파
[라면 맛있게 끓이는 방법] 쌀쌀한 날에 잘 어울리는 얼큰한 대파라면 :: 남성렬 쉐프 레시피,https://www.10000recipe.com/recipe/6834269
라면,대파,양파,마늘,고춧가루
TV요리)산골짜기의 추억 전참시 이승윤의 라면밥 ☆,https://www.10000recipe.com/recipe/6910415
라면,쌀,물
"백종원 요리비책, 냉라면 더 맛있게 먹는 법",https://www.10000recipe.com/recipe/6918192
라면,진간장,황설탕,식초,오이,청양고추,크래미,쪽파,단무지,정수 물,얼음
[간단 자취요리] 바삭달달! 추억의 라면땅 만들기,https://www.10000recipe.com/recipe/6856669
라면,설탕,올리고당
고수 요리 / 고수 라면,https://www.10000recipe.com/recipe/6925163
칵테일 새우,후춧가루,라임,고수,라면
백종원/ 백파더 마요라면땅 레시피♡,https://www.10000recipe.com/recipe/6941531
라면,마요네즈,설탕
돈까스김치나베 만들기 : 매일 메뉴가 고민이라면! ,https://www.10000recipe.com/recipe/6928927
돈까스,김치,대파,양파,깻잎,계란,참치액,간장,맛술
베이컨 볶음라면~*,https://www.10000recipe.com/recipe/6871268
라면,베이컨,숙주,땡초,홍고추,작은대파,굴소스,올리고당,다진마늘
[간단 자취요리] 불닭볶음면 요리! 바삭바삭 불닭라면땅 만들기,https://www.10000recipe.com/recipe/6857849
불닭볶음면소스,올리고당,설탕
마리텔 보다가 백선생 라면볶음 해보았어요! 초간단!!,https://www.10000recipe.com/recipe/6909314
라면,식용유,대파
백종원의 골목식당 된장라면 소주를 부르는 국물 안주로 굿,https://www.10000recipe.com/recipe/6897046
라면,달걀,청양고추,대파,홍고추 ,건새우가루,다진 마늘,물,식용유,된장,고춧가루
돼지고기강된장이랑 삶은양배추랑 함께라면...♥,https://www.10000recipe.com/recipe/6895708
돼지고기,양파,감자,대파,청양고추,팽이버섯,멸치다시마육수,맛술,고춧가루,된장,다진마늘,후추
치즈라면 보다 맛있는 쿠지라이식라면,https://www.10000recipe.com/recipe/6931799
라면,체다치즈,계란
기름 3숟가락으로 바삭하게 라면 튀기는 법ㅣ1분 30초 완성 라면땅 만들기ㅣ자취생 전자렌지 요리,https://www.10000recipe.com/recipe/6906303
라면,설탕,식용유
대파 양배추 신라면,https://www.10000recipe.com/recipe/6869109
신라면,대파,마늘,양배추,식용유,고춧가루
에어프라이어 라면땅 만들기,https://www.10000recipe.com/recipe/6916004
라면,스프,설탕
쏘야 볶음 라면,https://www.10000recipe.com/recipe/6912907
양파,파프리카,비엔나소시지,라면사리,라면스프,물,케찹
믿고 먹는 백종원표 볶음라면 레시피,https://www.10000recipe.com/recipe/6922492
라면,햄,대파,계란
새우 더한 백종원 볶음라면 ,https://www.10000recipe.com/recipe/6832512
라면,파,포도씨유,새우,라면스프,건더기스프
우유 라면 끓이기,https://www.10000recipe.com/recipe/6927655
라면,우유,파,양파,고춧가루,치즈
"어묵 비빔면 : 간단 레시피, 매콤한 라면, 집밥 백선생 레시피",https://www.10000recipe.com/recipe/6879129
라면,어묵,양파,깨,송송썬실파,참기름,식용유,라면 스프,굵은 고춧가루,설탕,고추장
"간단요리::요즘핫한 요리 ""신라면볶음밥""만들기 ",https://www.10000recipe.com/recipe/6933879
신라면,계란,대파,흰밥,식용유
라면요리 매콤짭짤 투움바파스타 만들기,https://www.10000recipe.com/recipe/6913892
라면,라면 분말스프,양파,마늘,칵테일새우,쪽파,버터,생크림,슬라이스치즈,소금,후추
라면 계란 볶음밥,https://www.10000recipe.com/recipe/6932474
컵라면,달걀,밥 먹고 싶은
대하볶음라면,https://www.10000recipe.com/recipe/6251936
라면사리,대하,애호박,양파,월남고추,유부,고추기름,굴소스,올리고당,참기름,핫소스,물
라면넣은 국물떡볶이 ,https://www.10000recipe.com/recipe/5637141
쌀떡,사각어묵,대파,라면사리,다시마,멸치,건표고버섯,물,다진마늘,간장,고추가루,고추장,올리고당,건표고버섯가루
불맛으로 화끈하게♥불맛짬뽕라면,https://www.10000recipe.com/recipe/6889275
라면,대패삼겹살,양파,양배추,대파,뜨거운 물,진간장,고춧가루
깍두기볶음라면,https://www.10000recipe.com/recipe/6883469
라면,버터,버터,깍두기
대파라면 만들기,https://www.10000recipe.com/recipe/6834602
대파,고추,양파,마늘,라면,고춧가루
" 볶음 신라면, 야끼소바 타입의 볶음면",https://www.10000recipe.com/recipe/6855262
신라면,물,식용유,베이컨,당근,양배추,굴소스,진간장,통마늘,달걀,참깨
색다른 라면 라면파스타 ~?,https://www.10000recipe.com/recipe/6929327
라면사리,통그릴 비엔나,우유,모짜렐라치즈,버터,다진마늘,청양초,후추,볶음 소금
라면을 이렇게 먹으면 쵝오라지? 베이컨김치볶음면 ★,https://www.10000recipe.com/recipe/6915275
라면,김치,양파,편마늘,베이컨,대파,간장,고춧가루,김치국물,참기름,후추
초간단 볶음라면~*,https://www.10000recipe.com/recipe/6930974
라면,대파,다진마늘,카놀라유,면수
(골목식당)거미새 라면 집에서 끓이기 ,https://www.10000recipe.com/recipe/6924625
미역,흑 새우,대파 큰거,라면,굵은고춧가루,고운고춧가루,식용류
완벽한 감칠맛!! 얼큰한 해장라면의 비밀공개!!,https://www.10000recipe.com/recipe/6841117
라면,파,양파,물,올리브유,고춧가루,식초,후추
라면땅 에어프라이어 활용하기,https://www.10000recipe.com/recipe/6903314
라면,물,올리고당,설탕
라면 레시피 중 최고 이슈! 신라면투움바,https://www.10000recipe.com/recipe/6867991
라면,물,칵테일새우,채 썬 양파,편 마늘,버터,슬라이스치즈,우유,소금,후추,파슬리가루
라면 짝꿍 국물이 자작한 편의점 꼬마 김치(볶음김치),https://www.10000recipe.com/recipe/6934619
잘 익은 김장김치,설탕,포도씨유,들기름,김치국물,멸치 다시마 육수,통깨
아기랑 함께라면 우유라면,https://www.10000recipe.com/recipe/6884567
베이컨,양파,대파,우유,라면,케찹
입맛 없을 때 간편하게 먹는 간식! 라면전,https://www.10000recipe.com/recipe/6869392
라면,대파 10cm,꿀
만두라면짬뽕,https://www.10000recipe.com/recipe/6903480
신라면,왕만두,계란,라면스프,식용유,고추가루,대파,다진마늘,물
집밥백선생 백종원 액젓라면! 감칠맛 폭발!!,https://www.10000recipe.com/recipe/6886296
라면,달걀,대파,액젓,물
대파라면 만들기,https://www.10000recipe.com/recipe/6835501
라면,양파,파,마늘,고춧가루
식빵 라면사리를 추가한 치즈떡볶이,https://www.10000recipe.com/recipe/6806379
떡볶이떡,어묵,양파,대파,모짜렐라치즈,라면,식빵,삶은 달걀,고추장,고춧가루,간장,올리고당,설탕,물
SNS에서 인기몰이중인 라면계의 강자 쿠지라이식라면,https://www.10000recipe.com/recipe/6877872
라면,계란,물
[자취요리] 비 오는 날에는 얼큰한 대파라면 만들기! 남상렬 대파라면 !,https://www.10000recipe.com/recipe/6847548
라면,대파,양파,고춧가루,다진마늘
간단라면요리 ! 닭가슴살냉채라면~~~,https://www.10000recipe.com/recipe/6870057
라면,닭가슴살,양파,당근,오이,파,마늘,된장,연겨자,허니머스터드소스,마요네즈,꿀,간장,식초,설탕,레몬즙,후추,다진 양파,다진 마늘,다진 파
놀면뭐하니 간짜장라면,https://www.10000recipe.com/recipe/6926160
자장라면,삼겹살,양파,계란
김치찌개와 라면사리,https://www.10000recipe.com/recipe/6946732
김장김치,돼지고기 뒷다릿살,물,청주,식초,국간장,고춧가루,두부,양파,대파,라면사리,라면스프
전복해물라면 ☆ 기운이 뿜뿜! ,https://www.10000recipe.com/recipe/6893616
전복,새우,콩나물,양파,대파,라면,물,고춧가루,청양고추
순두부 열라면 2인분같은 1인분 레시피(속 겁나풀림),https://www.10000recipe.com/recipe/6948974
열 라면,양파,대파,마늘,식용유,고춧가루,물,순두부
컵라면 볶음밥 간단하게 만들기,https://www.10000recipe.com/recipe/6943485
컵라면,계란,식용유,밥,대파,굴소스
윤은혜의 푸주 마라탕라면~해장국으로 완전 추천해요!,https://www.10000recipe.com/recipe/6951827
라면,콩나물,푸주,어묵,팽이버섯,대파,마라탕소스,라면스프,올리브유,물
야식으로 좋은 백종원 볶음라면,https://www.10000recipe.com/recipe/4124605
라면,대파,달걀
볶음라면 맛있게 먹는법☆,https://www.10000recipe.com/recipe/6834137
라면,파,라면스프,라면스프,오일,물
추억의 간식 쫀디기 구웠어요~~라면스프도 뿌려~,https://www.10000recipe.com/recipe/6832840
쫀드기,라면스프,기름
집에서 간편하게 만드는 일본 정통 라면 ,https://www.10000recipe.com/recipe/6932567
사리곰탕라면,안성탕면,베이컨,삶은달걀,숙주나물,청경채,파
"라면이란 라면은 모두 정복한 당신에게! 깻잎 한장으로 색다르고 시원~한, 깻잎라면!",https://www.10000recipe.com/recipe/6856010
라면,깻잎,대파,물,청양고추,고운 고춧가루,다진 마늘
"이연복 짜장라면 만들기, 간단한 주말메뉴 추천",https://www.10000recipe.com/recipe/6882494
짜장라면,양파,돼지고기,달걀프라이,고춧가루
냉동만두요리 야식으로 라면보다 맛나:),https://www.10000recipe.com/recipe/6918489
냉동만두,간장,식초,후추가루,고추가루
편의점 꿀조합은 바로 여기~! 부대찌개라면 ★ ,https://www.10000recipe.com/recipe/6892894
라면,스팸,핫바,두부,김치,물
강호동 라끼남 대파 삼겹살 라면 먹어보고서,https://www.10000recipe.com/recipe/6917473
대패삼겹살,라면,파채,고춧가루,후추
"백선생 냉라면 만들기, 간단한 야식",https://www.10000recipe.com/recipe/6924138
무파마라면,오이,게맛살,청양고추,있으면 대파 초록부분,라면스프,설탕,만능 맛간장,식초,물,얼음,깨
닭고기야채된장소스볶음라면,https://www.10000recipe.com/recipe/6875102
국내산닭가슴살,라면사리,각종야채,다진마늘,생강,된장,고추장,미림,올리고당,후춧가루,물,참기름
라면 요리 / 케찹라면,https://www.10000recipe.com/recipe/6846652
대파,라면,식용유,라면 스프,케찹
뜨끈한 국물 요리 - 들깨칼국수(라면 끓이듯 끓이기 쉬워요!),https://www.10000recipe.com/recipe/6924151
칼국수면,양파,애호박,바지락,대파,멸치다시육수,들깨가루,간장
라면 요리 / 숙주참치라면,https://www.10000recipe.com/recipe/6901867
라면,참치,숙주,양파,고춧가루,다진 마늘
떡볶이 튀김만두 라면사리 추가요~,https://www.10000recipe.com/recipe/6924152
쌀떡,어묵,양파,대파,물만두용 만두,라면,고추장,간장,매운 고춧가루,설탕,올리고당,물
"라끼남, 겨울밤 간식, 강호동의 오징어 라면 레시피",https://www.10000recipe.com/recipe/6860642
라면,오징어,총각김치,대파,마늘,수프
"대파라면 만들기, 국물이 시원합니다잉~",https://www.10000recipe.com/recipe/6924655
대파,고추가루,양파,라면,마늘,계란
강식당 탕수육라면 끓이기,https://www.10000recipe.com/recipe/6846614
라면,양배추,대파,달걀,돼지고기 등심,밀가루,물,다진 양파,다진 대파,고춧가루,액젓,설탕,다진 마늘,식용유
라면 오일 파스타,https://www.10000recipe.com/recipe/6881538
라면,베이컨,양파,청양고추,마늘,올리브유,파슬리가루,후추
라면땅 만들기 후라이팬에 굽는 초간단 간식이죠 :) ,https://www.10000recipe.com/recipe/6833953
라면사리,라면 스프,설탕,식용유
신라면 투움바,https://www.10000recipe.com/recipe/6942592
버터,깐 마늘,양파,쪽파,베이컨,소금,후추,우유,신라면,슬라이스 치즈
[간단 자취요리] 라면보다 쉽다! 뼛속까지 시원한 냉짬뽕 만들기,https://www.10000recipe.com/recipe/6883272
진짬뽕,냉면육수,대파,진짬뽕 액상소스,향미유
"토마토 달걀 신라면, 중국식 달걀탕을 라면으로 요리해봐요",https://www.10000recipe.com/recipe/6871771
신라면,물,달걀,숙성된 토마토,토마토 페이스트,대파,쪽파,식용유
간장비빔라면,https://www.10000recipe.com/recipe/6856142
라면,물,간장,멸치액젓,설탕,다진마늘,식초,볶은 깨,참기름
국물떡볶이 만들기 라면 넣어 호로록,https://www.10000recipe.com/recipe/6909913
밀떡,어묵,라면사리,대파,멸치다시 육수,고추장,고춧가루,국간장,설탕,물엿이나 올리고당
허니신 냉라면,https://www.10000recipe.com/recipe/6908142
신라면,양배추,양파,오이,꿀,간장,물,얼음`
라면요리/로제파스타 만드는법~~,https://www.10000recipe.com/recipe/6869969
라면,슬라이스치즈,우유
라면 레시피 끓일까? 볶을까? 아니 구워 구워!!~라면 스틱 만들기,https://www.10000recipe.com/recipe/6885115
라면,올리고당,시럽,호두,황 치즈가루
백종원 볶음라면 간단해서 좋아 ★,https://www.10000recipe.com/recipe/6860950
라면,대파,식용유,라면스프
[셜록] '라면전' 백종원 레시피,https://www.10000recipe.com/recipe/6831356
라면,대파,식용유,치즈
탕수육매니아라면 버섯탕수도 도전!!,https://www.10000recipe.com/recipe/6894697
느타리버섯,식용유,튀김가루,물,물,간장,식초,설탕,양파,튀김가루,물
추천! 야식별미 “라면골뱅이 무침” ,https://www.10000recipe.com/recipe/6899330
라면사리,골뱅이,양파,오이,오징어진미채,당근,풋고추,양배추,고춧가루,고추장,다진마늘,설탕,간장,식초,참기름,깨소금,후추,마요네즈
[토마토소스 라면]매콤 상큼라면 만들기 <개발자>,https://www.10000recipe.com/recipe/6838647
라면,토마토소스,대파,방울토마토,물
"간단한 한끼에 ""라면덮밥""",https://www.10000recipe.com/recipe/6910410
삼양라면,양파,당근,새송이버섯,잔파,매운고추,밥
TV요리) 팔X비빔면의 완벽재현~! 수요미식회 비빔라면 ★,https://www.10000recipe.com/recipe/6867957
라면사리,오이,달걀,우스터소스,간장,고추장,설탕,사이다,식초,통깨,참기름
남성렬셰프의 대파라면 만들어봤어요,https://www.10000recipe.com/recipe/6917454
라면,양파,대파,고춧가루,마늘
카레라면~*,https://www.10000recipe.com/recipe/6838181
라면사리,강황바몬드카레,감자,양파,당근,버터
"쿠지라이식 볶음라면(별미), 일반라면이 질릴때 도전!!",https://www.10000recipe.com/recipe/6928938
라면,치즈,김가루,참기름
짜장라면으로 간단히 간짜장 만드는 황금레시피,https://www.10000recipe.com/recipe/6903062
짜장라면,양파,대파,물,올리브유,짜장분말
역시 라면엔 파김치지!!! 만개표 파김치 ★,https://www.10000recipe.com/recipe/6857936
손질 쪽파,멸치액젓,다진 마늘,다진 생강,간 양파,새우젓,고춧가루,설탕,매실액,밀가루,물
라면 맛있게 끓이는 방법 라죽으로 색다르게 ~ ,https://www.10000recipe.com/recipe/6914525
참치 150g,라면,밥,김치,물,참기름
계란과 허브를 좋아하는 사람들이라면 다~ 좋아하는 맛있는 스크램블!!!!!,https://www.10000recipe.com/recipe/6845515
계란,허브솔트
진짬뽕라면으로 냉짬뽕만들기 ♥ 골뱅이추가는 필수!! ,https://www.10000recipe.com/recipe/6910889
진짬뽕,골뱅이,차가운 물,뜨거운 물,양배추샐러드,달걀
강정 만들기 - 견과류라면 강정,https://www.10000recipe.com/recipe/6939337
라면,견과류,멸치,물,설탕,올리고당
에어프라이어로 집에서 라면땅 만들어 드세요.,https://www.10000recipe.com/recipe/6912276
라면,설탕,스프
추억의 라면땅 만들기☆,https://www.10000recipe.com/recipe/6905560
라면사리,설탕,올리고당,버터
굴라면 & 어묵라면 l 라끼남과 여은파가 먹은 TV속 라면 따라잡기 ★ ,https://www.10000recipe.com/recipe/6911226
라면,물,굴,고춧가루,후추,사각어묵,라면,물,다진 마늘,대파,고추
바삭! 달콤! 인기 간식♥ 라면땅,https://www.10000recipe.com/recipe/6924794
라면,식용유,올리고당,설탕
라면 오코노미야키,https://www.10000recipe.com/recipe/6856667
해물믹스,양파,부추,파프리카,라면,부침가루,달걀,가츠오부시,물,마요네즈,데리야키소스,파슬리가루
얼큰달큰한 양파라면:D,https://www.10000recipe.com/recipe/6793497
라면스프,올리브유,대파,다진마늘,고춧가루,양파,후추
어묵잡탕라면,https://www.10000recipe.com/recipe/6901549
라면,어묵,비엔나소시지,계란,대파,콩나물,다진마늘
"간짜장라면:놀면뭐하니, 이연복셰프, 인생라면",https://www.10000recipe.com/recipe/6918493
짜장라면,짜장라면 스프,양파,대파,삼겹살,식용유,맛술,뜨거운물,어린잎채소,달걀프라이,짜장라면,짜장라면 스프,양파,삼겹살,식용유,면수,오이채,달걀프라이
간단하게 간짜장 만들기!! 오세득 셰프님의 짜장라면,https://www.10000recipe.com/recipe/6926635
짜장라면,양파 ,대파,냉동만두,뜨거운물,올리브유,청양고추,달걀,물
국물없는 비빔라면 맛있게 만드는 법,https://www.10000recipe.com/recipe/6857795
라면사리,오이,참기름,깨소금,다진마늘,설탕,간장,고추장,올리고당
대파라면 끓이기,https://www.10000recipe.com/recipe/5312995
라면,계란,양파,마늘,대파,고춧가루
"주말점심메뉴,즉석 라면짜장떡볶기",https://www.10000recipe.com/recipe/6830140
진짜장,양배추,양파,대파,사각어묵,떡볶이 떡,다진마늘,고추장,굴소스
집밥백선생3 백종원의 불맛짬뽕라면 만들기,https://www.10000recipe.com/recipe/6870073
라면,대패삼겹살,양파,대파,진간장,고춧가루,물,식용유
올리브쇼 대파라면,https://www.10000recipe.com/recipe/6870756
라면,달걀,마늘,대파,양파,깻잎,고춧가루,올리브유,청양고추
라면포트 활용레시피! 초급편! 놀고있는 라면포트 할 일 찾아주기!!,https://www.10000recipe.com/recipe/6661334
달걀,고구마,단호박,라면,떡볶이
