알리오올리오,추천순,195
참치 알리올리오 볶음밥 ,https://www.10000recipe.com/recipe/6733300
밥,마늘,참치,올리브유,달걀,소금
시금치(포항초)알리오올리오:시금치를 좋아하게 만드는 파스타,https://www.10000recipe.com/recipe/6865518
스파게티면,마늘,다진마늘,시금치,굴소스,올리브오일,소금,후추,굵은소금
알리오올리오 베이컨 파스타,https://www.10000recipe.com/recipe/6843005
파스타면,마늘,베이컨,레드페퍼,올리브오일,소금,파마산치즈가루,파슬리가루
알리오올리오떡볶이,https://www.10000recipe.com/recipe/6864041
떡볶이떡,햄,올리브오일,편 마늘,다진마늘,매운고추,맛간장,그라인드후추,파슬리가루
스팸을 넣어 만든 알리오올리오,https://www.10000recipe.com/recipe/6903115
스파게티면,스팸,마늘,올리브오일
베이컨 알리오올리오,https://www.10000recipe.com/recipe/6903097
올리브오일,베이컨,마늘,페퍼론치노,파스타면,소금
"왠만한 맛집 저리가랏! 사먹는거 보다 맛있는 알리오올리오, 봉골레 파스타 그 중간 어딘가...(알리오올리오 만들기,",https://www.10000recipe.com/recipe/6909506
파스타면,새우,바지락,마늘,청양고추,올리브오일,소금,파슬리가루,파마산치즈
간단하게 만드는 알리오올리오~~~,https://www.10000recipe.com/recipe/6872654
파스타면,마늘,양파,베이컨,올리브오일,소금,파슬리가루,후추
알리오올리오 올리브 파스타 가장 쉽고 맛있게 만들기 !,https://www.10000recipe.com/recipe/6840013
스파게티면,올리브오일,마늘,파마산치즈,페처론치노,소금,파슬리
맛집 안 부러운 베이컨 알리오올리오,https://www.10000recipe.com/recipe/6933622
스파게티면,베이컨,마늘,페페론치노,소금,올리브유
백종원 알리오올리오 만드는법 담백한 맛이 끝내줘용 ★,https://www.10000recipe.com/recipe/6837737
올리브유,스파게티면,통마늘,다진마늘,페페론치니 or배트남고추,소금,물 ,소금
채소면 알리오올리오,https://www.10000recipe.com/recipe/6831915
돼지호박,당근,마늘,청양고추 혹은 건고추,소금,후추,파마산치즈가루
집에서 만드는 알리오올리오 파스타,https://www.10000recipe.com/recipe/6854711
파스타면,청양고추,마늘,면수,소금,후추,올리브오일
알리오올리오 샐러드 파스타,https://www.10000recipe.com/recipe/6919066
마늘,파스타면,올리브오일,소금,후추,파마산치즈,샐러드,방울토마토,레몬즙,페퍼론치노
집밥 백선생표 알리오올리오 쉽게 만들기,https://www.10000recipe.com/recipe/6852838
스파게티면,올리브오일,마늘,태국고추,소금,후추
알리오올리오 (feat.소고기),https://www.10000recipe.com/recipe/6906795
소고기,마늘 다진것,통밀 파스타,소금,엑스트라버진 올리브오일,샐러리,페퍼론치노 ,버터
[알리오올리오 파스타 만드는 법]코리안스타일 스파게티 백종원 레시피,https://www.10000recipe.com/recipe/6953274
스파게티면,물,소금,올리브유,마늘,페퍼론치노,간마늘,면수,파마산치즈가루,쪽파
초간단 알리오올리오 파스타,https://www.10000recipe.com/recipe/6949213
스파게티면,마늘,새우,바지락,올리브유,페퍼론치노,소금,후추,파슬리
알리오올리오(세상에서 가장 쉬운 ~~),https://www.10000recipe.com/recipe/6903071
스파게티면 삶은것,햄 채 썬것,양파,굴소스,허브솔트,마늘,올리브유
"갈릭버섯오일파스타, 버섯알리오올리오 만들기 ^-^ ",https://www.10000recipe.com/recipe/6837096
스파게티,송이버섯,마늘 한,청양고추,올리브오일,간장,소금
알리오올리오 레시피 치킨스톡으로 만들어 감칠맛이 good!,https://www.10000recipe.com/recipe/6865251
파스타면,치킨스톡,마늘,페페론치노,올리브유,후추,파슬리,파르메산치즈,면수
알리오올리오파스타,https://www.10000recipe.com/recipe/6921677
스파게티,익스트라 버진 올리브오일,마늘,페페론치노,이탈리안파슬리,물,소금
집에서 알리오올리오 파스타 간단하면서 맛있게 만들기,https://www.10000recipe.com/recipe/6890390
스파게티면,베이컨,마늘,다진마늘,소금
 새우 알리오올리오 파스타 만들기 페페론치노를 넣어서 매콤하고 맛있게 만들어봤어요,https://www.10000recipe.com/recipe/6915928
파스타,마늘,올리브오일,페페론치노,새우,파마산치즈가루,파슬리가루
베이컨 알리오올리오 파스타,https://www.10000recipe.com/recipe/6546671
월남고추,베이컨,마늘,파스타면,소금,후추,올리브오일,파슬리가루
코코넛 알리오 올리오,https://www.10000recipe.com/recipe/6885382
뷰코 코코넛 엑스트라버진 코코넛 오일,스파게티면,마늘,페페론치노,소금,후추,파슬리가루
봉골레파스타 게찜국물활용 해산물파스타 알리오올리오 깨쟁이요리,https://www.10000recipe.com/recipe/6907571
면,면수,바지락,양파 작은것,마늘 슬라이스,청양고추,베트남고추,소금,후추,치킨스톡
한국스타일로 매콤하게♥청양고추 알리오올리오,https://www.10000recipe.com/recipe/6885583
마늘,청양고추,스파게티면,소금,후추,올리브유
(대하요리)왕새우알리오올리오:파스타가 없어도 좋다,https://www.10000recipe.com/recipe/6858729
대하,적파프리카,황파프리카,브로콜리,양파,마늘,올리브오일,소금,후추,잣
"알리오 올리오 : 초간단 파스타, 스파게티",https://www.10000recipe.com/recipe/6880788
스파게티면,마늘,청양 고추,베트남 건고추,올리브오일,소금,후추,파슬리
매콤짭쪼롬하고 탱탱한 파스타! 알리오 올리오!!,https://www.10000recipe.com/recipe/6884472
스파게티면,마늘,페퍼론치노,올리브오일,소금,후추
"알리오올리오 마늘 파스타 만들기, 좋은 올리브오일 고르는 방법!",https://www.10000recipe.com/recipe/6770905
스파게티면,올리브오일,통마늘,말린 페페론치노고추,파슬리가루,소금,후춧가루
소시지알리오올리오 ♥ 콕콕꼽아주세요,https://www.10000recipe.com/recipe/6893480
소시지,스파게티면,방울토마토,통마늘,소금,후추,올리브유,다진마늘,통마늘,파슬리가루
알리오올리오 ,https://www.10000recipe.com/recipe/6835801
파스타면,올리브유,파슬리가루,소금,다진마늘,마늘,페페론치노
심플해서 더 맛있는 파스타~ [알리오올리오 페페론치노],https://www.10000recipe.com/recipe/6836975
스파게티면,통마늘,페페론치노,그라나파다노 치즈,올리브오일,천일염,통후추,파슬리
모시조개찜 & 알리오올리오 만들기,https://www.10000recipe.com/recipe/6858272
모시조개,마늘,홍고추,청양고추,대파,올리브오일,청주,물,후춧가루,소금,먹물파스타
"간단 파스타, 오일파스타~알리오올리오 만들기",https://www.10000recipe.com/recipe/6896082
파스타 면,마늘,청양고추,팽이버섯,새우,베이컨,파슬리,미림,소금,후추,올리브유,식용류
알리오올리오 파스타로 저녁을 고급지게,https://www.10000recipe.com/recipe/6891363
파스타면,통마늘,올리브오일,청양고추,소금
알리올리오파스타,https://www.10000recipe.com/recipe/6887974
파스타 면,햄스테이크or베이컨,편썬 마늘,베트남산 작은매운고추,올리브유,면삶은 육수 한 국자,굵은 소금 1T,소금
초스피드 알리오올리오파스타,https://www.10000recipe.com/recipe/6850814
파스타면,베이컨,마늘,표고버섯,청양고추,굵은소금,올리브오일,바질페스토 ,바질가루,파스타삶은물,소금,후추
초간단 감바스 & 알리오올리오 파스타,https://www.10000recipe.com/recipe/6910493
올리브 기름,편마늘,새우,페페론치노,월계수입,소금,후추
"딸입맛도 사로잡은
해물알리오올리오파스타",https://www.10000recipe.com/recipe/6883907
굴,자숙홍합,갑오징어,파스타면,청양고추,양파,마늘,청경채,알리오올리오소스,올리브오일,파슬리가루,후추,소금
알리오올리오 만드는법 ,https://www.10000recipe.com/recipe/6830450
파스타면,통마늘,살라미햄,베이컨,아스파라거스,올리브유,화이트와인,바질,면 삶기용 물,소금,올리브유,소금,후춧가루
알리오올리오파스타 만들기,https://www.10000recipe.com/recipe/6879080
링귀니,마늘,소금,올리브오일,굴소스
알리오올리오,https://www.10000recipe.com/recipe/6883339
파스타면,페페론치노,마늘,소금,후추,파마산치즈가루,치킨스톡,화이트와인
봉골레 알리올리오 파스타 만들기,https://www.10000recipe.com/recipe/6867836
파스타면,올리브오일,소금,멸치액젓,마늘,바지락,페퍼론치노,방울토마도,월계수잎,파슬리가루
알리오올리오 파스타 만들기 ,https://www.10000recipe.com/recipe/6196940
스파게티,마늘,파마산치즈가루,올리브오일,페페로치노 홀,소금,후춧가루,물,소금,오일
알리오올리오,https://www.10000recipe.com/recipe/6849301
스파게티,물,소금,파르메산치즈,백설안달루시아산올리브유,마늘,페페론치노,파슬리
#오늘뭐먹지 이현우의 라면스프파스타만들기 #알리오올리오파스타에 라면스프를 넣고 만들면 무슨 맛일까요!!,https://www.10000recipe.com/recipe/6872469
스파게티,가지,마늘,숙주,컵라면,올리브오일,파마산치즈가루
파스타를 처음 만들어 본다면!? 이 파스타로! 알리오올리오,https://www.10000recipe.com/recipe/6856219
스파게티면,소금,올리브유,마늘,페페론치노,올리브유,소금,후추,파슬리가루,파마산치즈 가루,면수
라면사리 알리오올리오 ,https://www.10000recipe.com/recipe/6842781
라면사리,느타리버섯,마늘,엑스트라버진 올리브유,소금,후추
트러플오일 파스타 알리오올리오 만들기,https://www.10000recipe.com/recipe/6860369
푸실리,마늘,양파,소금,후추,바질,레드페퍼,퓨어올리브오일,트러플오일,이탈리안파슬리
"[알리오올리오 만드는법] 깔끔하고 심플해서 더 맛있는, 알리오올리오 파스타 만들기.",https://www.10000recipe.com/recipe/6831939
파스타면,올리브오일,마늘,양파,페퍼론치노홀,소금,후추,파마산치즈가루,파슬리가루,올리브오일,파마산치즈가루,후추,소금
낭만의 밤과 함께하는 알리오올리오 파스타 만들기 알리오 올리오 파스타 레시피,https://www.10000recipe.com/recipe/6940412
파스타 면,소금,통마늘,페퍼론치노,다진 마늘,해물믹스,후추,파슬리
고소하고 담백한 알리오올리오♡,https://www.10000recipe.com/recipe/5249098
파스타면,마늘,올리브오일,소금
두부면 알리오올리오 다이어트요리,https://www.10000recipe.com/recipe/6956272
면 두부,새우,양파,통마늘,페퍼론치노,올리브오일,소금,후추
굴 넣은 오일파스타! 굴알리오올리오,https://www.10000recipe.com/recipe/6955692
생굴,마늘,페페로치노,다진마늘,굴소스,후추,올리브오일,소금,스파게티면,파슬리가루
애호박듬뿍 스파게티 알리오올리오,https://www.10000recipe.com/recipe/6955618
애호박,양파,마늘,스파게티,페페론치노,소금,후추,올리브오일,굵은소금
초간단 알리오올리오 파스타 만들기(1인메뉴),https://www.10000recipe.com/recipe/6955509
스파게티면,통마늘,페페론치노,올리브오일,소금 면수용,다시다 면수용,후추,파마산치즈가루,파슬리가루
베이컨오일파스타*실패없는 알리오올리오,https://www.10000recipe.com/recipe/6953647
파스타면,마늘,양파,할라피뇨,땡초,베이컨,청양고추,올리브유,소금,후추,파마산치즈가루
마늘쫑 알리오올리오,https://www.10000recipe.com/recipe/6953076
마늘,마늘쫑,비엔나소세지,페페로치노,스파게티면,다진마늘,올리브오일,치킨스톡,꽃소금,후춧가루,파슬리,면수
알리오올리오,https://www.10000recipe.com/recipe/6951765
면,새우,기름,마늘,베이컨,후추
"점심메뉴추천, 알리오올리오 파스타 만들기",https://www.10000recipe.com/recipe/6950909
파스타 면,마늘,청양고추,베이컨
[친환경자연쿡]닭안심살 알리오올리오파스타 만들기,https://www.10000recipe.com/recipe/6950604
현미국수,닭안심살 60g 마늘,브로콜리,버섯,죽염,올리브오일
[알리오 올리오 파스타 만드는 법]크리스마스 연말 홈파티 스파게티 요리,https://www.10000recipe.com/recipe/6950587
스파게티면,마늘,페퍼론치노,소금,소금,후춧가루,올리브유,파슬리
기본에 충실한 백종원 '알리오 올리오',https://www.10000recipe.com/recipe/6949316
면,올리브유,다진마늘,마늘,페퍼론치노,소금,후추
청정원 치킨스톡이 들어간 알리오 올리오 레시피,https://www.10000recipe.com/recipe/6949167
올리브오일,파스타면,통마늘,편마늘,소시지,치킨스톡,페퍼론치노,소금,통후추,허브솔트
"가게보다 맛있는 알리오 올리오 만들기 (파스타, 자취)",https://www.10000recipe.com/recipe/6948931
바지락,화이트와인,마늘,버터,올리브오일,페페론치노
알리오 올리오 파스타,https://www.10000recipe.com/recipe/6948454
삽겹살,마늘,페퍼론치노,파스타면,청양고추,소금,후추,치킨스톡,파슬리 가루
<아메리칸 셰프>와 넷플릭스에 등장한 파슬리듬뿍 알리오올리오? 아메리칸 셰프 파스타!,https://www.10000recipe.com/recipe/6945938
마늘,파슬리 한 단,페페론치노 기호에,버터,레몬즙 레몬,소금,후추,스파게티면
알리고올리고싶어서 올리는 알리오올리오 ㅣ Alio e Olio,https://www.10000recipe.com/recipe/6942200
스파게티면 500원짜리 동전,마늘,페페론치노,이태리파슬리,올리브오일,소금,후추,파마산치즈
집밥 TV) 알리오 올리오 | 집밥 백선생의 기본에 충실한 오일 파스타,https://www.10000recipe.com/recipe/6942024
파스타면,소금,올리브유,통마늘,다진 마늘,쪽파,파마산치즈,페퍼론치노
[오일 파스타] 알리오 올리오 Ver.1 ,https://www.10000recipe.com/recipe/6941510
스파게티,마늘,다진 마늘,페페론치노,올리브유,소금,후추
꽃송이버섯 알리오올리오 만들기,https://www.10000recipe.com/recipe/6940907
스팸,꽃송이버섯,고추,파스타면,마늘,소금
밥솥 알리오올리오 떡볶이 ,https://www.10000recipe.com/recipe/6940882
떡,홍새우가루,올리브유,소금,설탕,마늘가루,편마늘
알리오올리오,https://www.10000recipe.com/recipe/6939622
스파게티면,마늘,엑스트라버진올리브오일,소금,후추,바질
"고사리알리오올리오 만들기, 말린고사리 삶는법",https://www.10000recipe.com/recipe/6939364
고사리,스파게티면,마늘,블랙올리브,베이컨,굵은소금,물,허브소금,페퍼론치노,파마산치즈가루,후추가루,올리브오일
알리오 올리오 파스타 레시피,https://www.10000recipe.com/recipe/6939013
올리브오일,파스타면,통마늘,페퍼론치노,새우,생이태리 파슬리,소금,통후추,허브솔트,바게트
오일파스타 / 알리오올리오 ,https://www.10000recipe.com/recipe/6938843
스파게티 면,마늘,양송이버섯,양파,매운고추,베이컨,칵테일 새우,올리브유,후추,파슬리가루,소금
간단하게 한그릇 알리오올리오 파스타~,https://www.10000recipe.com/recipe/6937956
스파게티면,깐마늘,페페론치노,소금,후추,올리브유
"핫그릇으로 끝내는 등심 알리오올리오 파스타, 소고기 오일파스타 만들기",https://www.10000recipe.com/recipe/6937699
소금,후추,올리브유,등심,청양고추,통마늘,파스타면
집에서 만드는 푸짐한 쉬림프알리오올리오,https://www.10000recipe.com/recipe/6936562
통마늘,양파,그린빈,꽃소금,스파게티면,면수,베트남고추,꽃소금,혼다시,후추,새우,오일,엑스트라버진오일,버터
" 레스토랑 가지마세요 집에서 ""알리오올리오 스파게티"" 제대로 맛있게만들기 유튜브 채널에서 만드는방법이 자세히 나와있",https://www.10000recipe.com/recipe/6935212
스파게티면,새우,마늘,베트남고추,브로콜리,버섯,올리브유,소금 티스푼,후추가루 티스푼
알리오올리오(Feat.베이컨+장아찌),https://www.10000recipe.com/recipe/6935025
스파게티면,편마늘,베이컨,깻잎 장아찌,청양고추,소금,올리브오일,바질가루,후추,파마산치즈가루,파슬리가루
베이컨 알리오올리오 <오일파스타>,https://www.10000recipe.com/recipe/6934700
파스타면,마늘,베이컨,페퍼론치노,올리브유,후추,소금
대파버터파스타:알리오올리오 나와!!,https://www.10000recipe.com/recipe/6933808
훈제오리,버터,대파,데친브로콜리,스파게티면,소금,후추,파마산치즈
루꼴라알리오올리오:크리미한 오일파스타를 만나다,https://www.10000recipe.com/recipe/6933562
스파게티면,굵은소금,올리브오일,다진마늘,통마늘,페퍼론치노,그라인드후추,면수,파마산치즈,루꼴라,토마토,목심구이
원팬 브런치 만들기(시금치알리오올리오),https://www.10000recipe.com/recipe/6933404
마늘,시금치,오징어,소금,후추가루,올리브오일
땡초알리올리오 ,https://www.10000recipe.com/recipe/6932012
파스타면,마늘,땡초,콜비치즈,소금,올리브,후추
"초간단 깔끔한 ""알리 올리오""",https://www.10000recipe.com/recipe/6931339
새우,파스타면 500원동전,올리브오일,마늘,페페론치노,그라나 파다노 치즈,치킨스톡,후추,파슬리,소금
오일파스타(알리오올리오),https://www.10000recipe.com/recipe/6930652
파스타,마늘,페페론치노,어린잎채소,토마토,올리브오일,후추,새우
"알리오올리오파스타 삼겹살베이컨스파게티
봉골레파스타 만개의레시피
깨쟁이쉐프 깨쟁이요리",https://www.10000recipe.com/recipe/6930603
스파게티면,면수,마늘,베트남고추,베이컨,치킨스톡,소금,후추
스테이크파스타:알리오올리오 품에 안긴 스테이크,https://www.10000recipe.com/recipe/6929785
구이용 소고기,올리브오일,스테이크시즈닝,소금,스파게티면,굵은소금,마늘,양파,파,현미유,양송이버섯,방울토마토,데친브로콜리,굴소스,그라인드후추,올리브오일
햄알리오올리오:아이들이 좋아하는 스파게티,https://www.10000recipe.com/recipe/6929319
스파게티면,마늘,슬라이스햄,호두,방울토마토,바질가루,파마산치즈,허브소금,후추가루,굵은소금
밥솥 풋고추 알리오올리오 파스타 ,https://www.10000recipe.com/recipe/6928951
마카로니,물,올리브유,액젓,새우,올리브유,다진마늘,편마늘,페퍼론치노,풋고추,파슬리
버섯알리오올리오파스타,https://www.10000recipe.com/recipe/6927764
파스타면,표고버섯,새송이,양파,올리브유,마늘,베트남고추 또는 페퍼론치노,블랙올리브,맛술,올리고당,바질가루,소금,파마산치즈가루,파슬리,설탕
알리오올리오 파스타 만들기,https://www.10000recipe.com/recipe/6925997
엑스트라버진 올리브오일,마늘,페퍼론치노,소금,버섯
누구나 쉽게 만드는 알리오 올리오,https://www.10000recipe.com/recipe/6925335
마늘,파스타면 건조파스타면,소금,후추,페퍼론치노 or 청양고추,올리브오일,파슬리가루 본인이,파마산치즈 본인이
[알리오올리오] 베이컨넣어 깔끔하고 고소한 오일스파게티만들기/초간단요리,https://www.10000recipe.com/recipe/6921825
스파게티면 2인분,마늘,베이컨,올리브유,태국고추,파마산치즈가루
마늘듬뿍 알리오올리오,https://www.10000recipe.com/recipe/6920555
스파게티,마늘,양파,애호박,페페론치노,새우,송이버섯,소금,후추
도삭면으로 만들어본 알리오올리오파스타!,https://www.10000recipe.com/recipe/6920496
칠갑농산 도삭면 국수,통마늘,다진마늘,페페론치노,올리브유,소금,후추
혼밥도 폼나게 새우 알리오올리오 ,https://www.10000recipe.com/recipe/6920373
스파게티,자숙새우,양파,새송이버섯,청경채,페페론치노,소금,후추
프로자취러의알리오올리삼,https://www.10000recipe.com/recipe/6918499
인삼,마늘,올리브유,스파게티면,물 종이컵,페페론치노
밥솥으로 알리오올리오 파스타 만들기,https://www.10000recipe.com/recipe/6916209
마카로니,물,소금,마카로니용 올리브유,올리브유,다진마늘,페퍼론치노,파슬리
간단 점심 알리오올리오 파스타 레시피 ,https://www.10000recipe.com/recipe/6915003
스파게티,마늘,페페론치노,올리브유,파슬리 가루,레몬,소금,후추
실한천 알리오올리오,https://www.10000recipe.com/recipe/6914696
실 한천,오징어 몸통,마늘,올리브유,월남고추 다진 것,월남고추 온 것,조개,소금,물
알리오올리오 만들기 :: 대파새우 오일파스타,https://www.10000recipe.com/recipe/6914084
새우,파채,파스타면,굴소스,마늘,페퍼론치노,화이트와인,바질가루,소금,맛술,후추
"레스토랑 못지않은 삼겹살 오일 파스타 집에서 직접 만들기(삼겹살 알리오올리오, 삼겹살파스타,삼겹파스타)",https://www.10000recipe.com/recipe/6911565
​돼지고기 삼겹살,파스타면,마늘,청양고추,달걀노른자,올리브유,파마산치즈가루,파슬리,소금
마늘향이 그윽한 ! 알리오올리오스파게티(파스타),https://www.10000recipe.com/recipe/6910777
스파게티면,칵테일새우,모시조개,마늘,파슬리,소금,후추,올리브오일,화이트와인
어깨 너머로 배운 알리올리오 파스타 가르쳐드릴게요,https://www.10000recipe.com/recipe/6910646
파스타,올리브,마늘,마늘종,페퍼론치노,후춧가루,올리브오일,소금
매콤한 파스타 '애호박&시금치 알리오올리오',https://www.10000recipe.com/recipe/6910554
파스타 면 동전500원,다진마늘,편마늘,청양고추,시금치,애호박 반달썰기,면수,올리브오일,굴소스 또는 간장
크리스마스에 있는 재료로 준비하는 매콤 알리오올리오 파스타,https://www.10000recipe.com/recipe/6910344
스파게티 면,햄 새끼손가락 반 마디 두께,양파,다진마늘,버터,올리브유,파마산 치즈가루,파슬리,면수,고춧가루,소금,고춧가루,올리브유
알리오 에 올리오(초간단!!!럭셔리),https://www.10000recipe.com/recipe/6905460
스파게티면,마늘,페페로치노,엑스트라버진 올리브오일,베이컨
알리오올리오 파스타 만들기,https://www.10000recipe.com/recipe/6904469
파스타면,마늘,새송이버섯,양파,페페론치노,후추,소금,아보카도 오일
자취생도 만들수있는 간단한 알리오 올리오!,https://www.10000recipe.com/recipe/6903498
마늘,페퍼론치노 or 청양고추,올리브유,면수,파스타면
 할라피뇨 알리오올리오 맛있오,https://www.10000recipe.com/recipe/6903248
마늘,할라피뇨,스파게티면,소금,후추,올리브유,블랙올리브
"새우 알리오올리오, 쉬운 새우 오일파스타 만들기",https://www.10000recipe.com/recipe/6903202
스파게티면 500원 크기,새우,마늘,허브솔트,후추,청양고추,올리브유,버섯
해물야채 알리오올리오 파스타♡,https://www.10000recipe.com/recipe/6901589
파스타면,해물믹스,다진마늘,마늘,청경채,버섯,양배추,애호박,올리브유,당근,올리브유,소금
소세지알리오올리오:어른들을 위한 동화같은...,https://www.10000recipe.com/recipe/6900417
스파게티면,소세지,마늘,매운건고추,소금,후추,올리브오일,,파마산치즈가루,바질가루
새우와 부추를 곁들인 알리오올리오,https://www.10000recipe.com/recipe/6899127
칵테일새우 약,파스타면,부추,마늘,다진마늘,페퍼론치노,양파,올리브,올리브유,버터
<여름제철요리>총알오징어알리오올리오(w.오징어손질법),https://www.10000recipe.com/recipe/6898708
총알오징어,굵은소금+소주,스파게티,굵은소금,다진마늘,양파,,갈릭솔트,그라인드후추,바질
"<차돌박이구이얹은, 알리오올리오 스파게티> ",https://www.10000recipe.com/recipe/6897834
스파게티면,편마늘,페페론치노,올리브유,액젓,양파,버터,후추,소금,면수,차돌박이,설탕,간장,맛술,다진마늘,생강즙,소금,후추,루꼴라or바질등
바지락 알리오올리오 파스타 만들기,https://www.10000recipe.com/recipe/6896427
바지락,스파게티면,올리브오일,호박,당근,양파,편마늘,후추,물,소금
감칠맛 갑!! 액젓 알리오올리오!!~,https://www.10000recipe.com/recipe/6894885
스파게티면,마늘,느타리버섯,애호박,페페론치노,파마산치즈,올리브유,파슬리,후추,소금,액젓
청량고추 알리올리오,https://www.10000recipe.com/recipe/6894233
스파게티면,베이컨,청량고추,마늘,양파,소금,올리브유
알리오올리오 만들기-방울토마토 넣고 상큼하게 만들어요!,https://www.10000recipe.com/recipe/6893848
스파게티면,마늘,양파,냉동새우살,방울토마토,올리브유,소금,후추,페퍼론치노,바질가루
간편 뚝딱 해산물라리오올리오,https://www.10000recipe.com/recipe/6893648
라면,냉동생새우,바지락,양파,소금,후추
백종원 알리오올리오 파스타 이렇게 쉬울수가 !,https://www.10000recipe.com/recipe/6893445
파스타,올리브유,통마늘,다진마늘,페페론치노,소금,면수
[ 심야레시피 ] 당뇨에 좋은 미나리 알리오올리오 / 오늘도 고생한 나에게#5,https://www.10000recipe.com/recipe/6890978
파스타면,페퍼론치노,면수,마늘,올리브오일,파마산치즈가루,소금,후추,미나리
어묵볶음:마치 알리오올리오처럼,https://www.10000recipe.com/recipe/6890201
네모어묵,올리브오일,대파,양파,마늘가루 또는 마늘,소금,후추,통깨
"굴향과 바질페스토향이 잘어울려진
굴파스타 알리오올리오파",https://www.10000recipe.com/recipe/6889546
굴,파스타면,청양고추,양파,마늘,청경채,바질페스토,올리브오일,파스타면 삶은물,후추,파슬리가루,소금
[이탈리아] 돼지고기대파알리올리오,https://www.10000recipe.com/recipe/6889388
슬라이스돼지고기,대파,통마늘,올리브유,후춧가루,스파게티면,말린고추,소금,치즈,파마산치즈가루
[무드앤쿡 #12] 세상에서 가장 맛있는 알리오 올리오 만들기,https://www.10000recipe.com/recipe/6885769
스파게티면,치킨육수,마늘,건새우,페퍼론치노,올리브유,소금,후추
우동면으로 만드는 간단야식/알리오올리오 볶음우동,https://www.10000recipe.com/recipe/6881824
우동면,바지락,마늘,청양고추,대파,올리브유,맛술,허브솔트,물
알리오 올리오 만들기<냉동만두 요리>,https://www.10000recipe.com/recipe/6881744
만두,통마늘,다진마늘,올리브,홍고추,올리브오일
쉬림프 알리오올리오 파스타 만드는법,https://www.10000recipe.com/recipe/6880359
,칵테일새우,마늘,엑스트라버진 올리브오일,소금,후추,건바질,레드페퍼,파슬리
알리오 올리오,https://www.10000recipe.com/recipe/6878612
탈리아텔레,마늘,청양고추,닭육수,올리브오일,치킨스톡,파마산 치즈가루,소금
올리브오일로 만든 알리오올리오,https://www.10000recipe.com/recipe/6876064
스파게티면,마늘,페퍼론치노,소금,후추,파르메산치즈가루,올리브오일
초간단 요리 알리오올리오 파스타 만들기 Aglio olio,https://www.10000recipe.com/recipe/6875116
파스타 면,통마늘,마른 건고추,생 새우살,후추,파슬리,소금
집밥백선생 백종원 '알리오올리오 떡볶이' ,https://www.10000recipe.com/recipe/6872968
밀떡,건새우 1주먹+,통마늘,송송 썬 쪽파,올리브오일,설탕,소금
마늘향 솔솔~ 감칠맛 쑥쑥! 알리오올리오떡볶이,https://www.10000recipe.com/recipe/6871744
떡볶이떡,건새우,건새우 간것,올리브유,쪽파,통마늘,소금,설탕
알리오올리오 파스타 간단한 레시피,https://www.10000recipe.com/recipe/6871721
스파게티면,마늘,당근,호박,피망,소금,후추,파슬리가루,올리브오일,페페론치노
알리오올리오떡볶이 ,https://www.10000recipe.com/recipe/6871484
밀가루 떡,다진마늘,편마늘,다진파,소금,설탕,올리브유,새우
"백종원 알리오올리오 떡볶이, 색다른 떡요리",https://www.10000recipe.com/recipe/6871033
떡,중간 사이즈 건새우,마늘,쪽파,올리브유,굵게 다진 마늘,새우가루,소금,설탕
세발나물앤초비파스타/세발나물오일파스타/세발나물알리오올리오,https://www.10000recipe.com/recipe/6870771
스파게티면,굵은소금,올리브오일,양파,통마늘,다진마늘,앤초비,세발나물,액젓,매실액,치즈가루
알리오올리오,https://www.10000recipe.com/recipe/6870445
올리브유,마늘,베이컨,청양고추,라면사리
#알리오올리오 가지파스타만들기 #향긋한 엑스트라버진 올리브오일로 만드는 가지파스타!!,https://www.10000recipe.com/recipe/6870040
가지,양파,마늘,훈제닭가슴살,페페론치노,바질가루,후추,마늘소금,면수,엑스트라버진올리브오일,화이트와인,로티니파스타,소금
"봄동알리오올리오떡볶이:식사,간식,술안주로 두루 어울리는...",https://www.10000recipe.com/recipe/6869783
떡국떡,봄동잎,굵은소금,올리브오일,다진마늘,양파,다진파,홍고추,앤초비,고춧가루,소금,후추
참나물알리오올리오:잔치국수 대신 먹어 볼까요?;;,https://www.10000recipe.com/recipe/6868539
파스타,참나물,다진마늘,마늘,올리브오일,굴소스,소금,후추,굵은소금,파마산치즈가루
햄시금치알리올리오파스타,https://www.10000recipe.com/recipe/6867362
스파게티면,햄,시금치,통마늘,양파,시판소스
알리 오 올리오 스파게티,https://www.10000recipe.com/recipe/6867327
스파게티,올리브오일 적당량 약,슬라이스한 마늘,다진 마늘,페페론치노,소금,후추
고사리나물이 파스타로 변신! 남은 명절음식 활용요리 [고사리 알리오올리오],https://www.10000recipe.com/recipe/6866699
고사리나물,스파게티면,페페론치노,올리브오일,통후추,천일염,파슬리,파마산치즈
명란 알리오올리오 스파게티....,https://www.10000recipe.com/recipe/6866679
명란젓,마늘,마른베트남고추,스파게티시즈닝믹스,올리브오일,양파,파슬리,후추,스파게티면,백합,무,다시마
엔쵸비파스타/엔쵸비알리오올리오,https://www.10000recipe.com/recipe/6865720
스파게티면,굵은소금,엔쵸비,마늘,매운건고추,올리브오일,파슬리
알리오 올리오 만들기,https://www.10000recipe.com/recipe/6865472
스파게티면,마늘,올리브유,소금,페페로치노,파슬리,바질,후추,파마산치즈가루
오늘 뭐 먹지 청양고추 알리오올리오 만드는 법,https://www.10000recipe.com/recipe/6864491
스파게티면,마늘,청양고추,블랙올리브,올리브유,소금,후추,치킨스톡,파슬리,파마산치즈
#해산물볶음을 이용한 알리오올리오 파스타 만들기 #문어와 관자볶음을 이용한 펜네파스타 만들기,https://www.10000recipe.com/recipe/6864085
해산물볶음,팬네파스타,소금,후추,올리브오일,레몬즙,당근,양파,바질가루,키조개관자,자숙문어,알리오올리오소스,편마늘,화이트와인,소금,후추,올리브오일
#이탈리아해산물요리 문어와 관자볶음 만들기 #알리오올리오소스를 이용해서 매콤하면서도 고소한 베네치아해산물요리~~,https://www.10000recipe.com/recipe/6862879
키조개관자,자숙문어,알리오올리오소스,편마늘,화이트와인,소금,후추,레몬즙,어린잎,발사믹글레이즈,올리브오일
가지를 넣은 파스타 [가지 알리오올리오],https://www.10000recipe.com/recipe/6861996
가지,펜네,푸실리,통마늘,페페론치노,파마산치즈,파슬리,올리브오일,천일염,통후추,파스타 삶은 물
튤립햄 알리오올리오,https://www.10000recipe.com/recipe/6858507
바릴라 스파게티,방울토마토,튤립햄,마늘,올리브오일,소금,후춧가루
알리오 올리오 파스타 만들기-백선생의 만능 오일,https://www.10000recipe.com/recipe/6858149
파스타,만능 오일
너무 쉬운 알리오 올리오 만들기! (갈릭 오일 파스타!),https://www.10000recipe.com/recipe/6858112
스파게티면,올리브오일,마늘,베이컨,깻잎
새우버터구이 새우를 곁들인 알리오올리오,https://www.10000recipe.com/recipe/6856731
​새우,스파게티,방울토마토,방울양배추,마늘,양파,버터,올리브오일,소금,후추,레드페퍼,바질
명란오일파스타:백명란알리오올리오,https://www.10000recipe.com/recipe/6855811
스파게티면,굵은 소금,백명란,마늘,양파,매운건고추,올리브오일
그릴 샐러드와 알리오 올리오 파스타 ^^,https://www.10000recipe.com/recipe/6855099
통마늘,이탈리아 고추,올리브유,통후추,소금,파마산치즈,파슬리,스파게티,양파,파프리카,애호박,새송이,토마토,통마늘,소금,통후추,레몬청,올리브유,소금,통후추,발사믹소스
건마늘 이용 간단 알리오올리오 ,https://www.10000recipe.com/recipe/6854926
건마늘,파스타면,청양고추,올르브유,통후추,육수 다시티백,건양파
깨쟁이요리☆너무나 쉬운 알리오올리오스파게티,https://www.10000recipe.com/recipe/6854739
스파게티면,마늘,베트남고추,청양고추,맛살,새우,블랙올리브,베이컨,바질페스토,식용류
파프리카로 영양을 더 높인 알리오올리오 만들기,https://www.10000recipe.com/recipe/6853602
파프리카,펜네,다진 파슬리,마늘,마른고추,올리브오일,파르메산 치즈,소금,후추
실패없는 알리오올리오를 위한 그리고 팔방미인 마늘 콩피!!,https://www.10000recipe.com/recipe/6852002
마늘 약,타임,로즈마리,올리브오일 약
알리오 올리오,https://www.10000recipe.com/recipe/6851354
다시다요리수치킨스톡,물,올리브유,마늘,파스타면,소금,후추,실파
담백함이 일품! 알리오올리오 소스로 만든 서양식 해산물요리!,https://www.10000recipe.com/recipe/6850535
파프리카,아스파라거스,샬롯,호박,방울토마토,깔라마리 올리브,다진마늘,레드와인,바게트,로메인,전복,새우,홍합
새우가 들어간 새우알리오올리오♥,https://www.10000recipe.com/recipe/6850213
칵테일새우,푸실리면,마늘,페퍼치노,굵은소금
"소시지 파스타 - 백종원 만능오일로 간단하게.[주말요리,소시지요리,알리오올리오]",https://www.10000recipe.com/recipe/6849732
소시지,파스타면,브로콜리,다진마늘,올리브오일,소금,월계수잎,허브솔트,페페로치노
레스토랑 부럽지않은 명란 알리오올리오,https://www.10000recipe.com/recipe/6849527
링귀니,명란,마늘,양파,올리브유,소금
알리오올리오 파스타 ,https://www.10000recipe.com/recipe/6844857
스파게티면,마늘,배추,부추,햄,당근,올리브유,파슬리가루,치즈가루,후추,새우젓
굴 알리올리오 파스타,https://www.10000recipe.com/recipe/6844750
파스타면,굴,마늘,청양고추,양파,면수,물,소금,올리브유,파르메산치즈가루,김가루
초간단 1인용 알리오올리오,https://www.10000recipe.com/recipe/6844255
스파게티,마늘,페페론치노,올리브오일,파마산 치즈가루,소금
알리오올리오 오징어파스타 만들기,https://www.10000recipe.com/recipe/6843939
파스타면,오징어,올리브오일,다진마늘,페페론치노
시금치 알리오올리오 파스타,https://www.10000recipe.com/recipe/6841713
파스타면,시금치,썬드라이토마토,통마늘,올리브오일,소금,후추,파마산치즈
연두로 맛을 낸 새우알리오올리오파스타 만들기,https://www.10000recipe.com/recipe/6841046
파스타,양파,쥬키니호박,햄,그린빈,새우,다진마늘,대파,후추,요리수,허브가루,올리브오일,레몬즙
백선생 만능오일로 만든 알리오올리오파스타,https://www.10000recipe.com/recipe/6838497
양파,베이컨,비엔나소시지,청양고추,파스타면,올리브오일,다진마늘,소금,페페론치노,월계수잎
알리오올리오 파스타 ,https://www.10000recipe.com/recipe/6838360
스파게티면,마늘,바질잎,페페론치노,파마산치즈가루,엑스트라 버진 올리브오일,소금,후추,면 삶은 물,면 삶는 물,소금
비스트로 부럽지 않은 베이컨칩 알리오올리오 레시피 :),https://www.10000recipe.com/recipe/6837632
스파게티면,마늘,레드페퍼,베이컨,올리브오일,소금,후추,샐러드용채소
알리오올리오라면 만들기~,https://www.10000recipe.com/recipe/6836840
라면,베이컨,아스파라거스,어린잎새삭,편마늘,올리브오일,소금,후추,파슬리가루,발사믹식초
소면으로 알리오올리오 만들기,https://www.10000recipe.com/recipe/6835955
소면,올리브유,슬라이스마늘,토마토,오이,소금
알리올리오 파스타 만들기 스파게티 삶는법,https://www.10000recipe.com/recipe/6834408
스파게티면,마늘,양파,양송이버섯,올리브오일,소금,파슬리가루,파머산치즈
알리오올리오 ,https://www.10000recipe.com/recipe/6833997
마늘,청경채,방울토마토,파스타,물,올리브오일,파마산치즈
라따뚜이 알리오올리오,https://www.10000recipe.com/recipe/6833479
라따뚜이 - 토마토,가지,호박,빨간파프리카,마늘,올리브오일,월계수잎,소금,후추,알리오올리오 - 스파게티면,마늘,알리오올리오 - 올리브오일,소금,후추,이탈리안시즈닝,갈릭파마산치즈가루or파마산치즈
알리오올리오 파스타 ,https://www.10000recipe.com/recipe/6833025
파스타면,마늘,매운고추,베이컨,조개,올리브오일
초간단 알리올리오파스타만드는법 ,https://www.10000recipe.com/recipe/6831370
동원 구운 골뱅이,올리브오일,골뱅이 육수,국간장,파마산치즈가루,통마늘,양파,청양고추,대파,파스타
알리오올리오 파스타,https://www.10000recipe.com/recipe/6830801
링귀네면,마늘,소금,후추,파슬리가루,페페로치니,올리브오일
알리오올리오 만드는법,https://www.10000recipe.com/recipe/6830494
파스타면,통마늘,살라미,베이컨,아스파라거스,올리브유,화이트와인,바질,소금,후추,면삶기용물,소금,올리브유
연어가 듬뿍 들어간 알리오올리오 파스타,https://www.10000recipe.com/recipe/6830022
연어캔,양파,양송이버섯,통마늘,올리브오일,소금,후추
베이컨 알리오올리오 만들기,https://www.10000recipe.com/recipe/6829096
스파게티,베이컨,마늘,양파,페페론치노,허브믹스,소금,후추,올리브유
해피투게더 야간매점메뉴 알리오올리오밥 만들기,https://www.10000recipe.com/recipe/6759393
밥,닭가슴살캔,달걀,마늘,올리브,올리브유
