안심스테이크,추천순,74
집에서 즐기는 레스토랑급 안심스테이크 레시피! ,https://www.10000recipe.com/recipe/6873002
안심,그린빈,양파,통마늘,로즈마리,오레가노,소금,후추,파프리카,올리브유,버터
"부드러운 안심으로 만든 찹스테이크, 맛이 굿~!!",https://www.10000recipe.com/recipe/6840615
안심스테이크용,양파,파프리카 노랑색,파프리카 빨강,브로콜리,마늘,표고버섯,올리브유,간장,굴소스,고추장,맛술,매실액,올리고당
돼지고기 안심 찹스테이크 ,https://www.10000recipe.com/recipe/6829286
돼지고기안심,양파,파프리카,허브솔트,통깨,올리브유,스테이크소스,간장,후추가루,다진마늘,매실액,소주,소금,발사믹식초
안심 스테이크 볶음밥 ,https://www.10000recipe.com/recipe/6894216
스테이크 안심,시판스테이크소스,마늘 큰 것,대파,삼색피망 각 색,양파,양송이버섯,계란 큰,밥,굴소스,식용유,소금,깨
69레시피 집에서 안심스테이크 맛있게 굽는법,https://www.10000recipe.com/recipe/6933674
소고기안심,소금,후추,올리브유
레드와인발사믹 소스를 곁들인 안심스테이크,https://www.10000recipe.com/recipe/3878220
한우안심,엑스트라버진올리브오일,소금,후춧가루,허브가루,가지,브로콜리,양송이버섯,삶은감자,동물성생크림,우유,소금,후춧가루,단호박,올리브오일,토마토페이스트,드라이레드와인,발사믹식초,비정제황설탕,소금,동물성생크림,디종머스터드
"맘에 쏙 들었어! 버터소스를 얹은 안심스테이크,,",https://www.10000recipe.com/recipe/6839760
안심,소금,후춧가루,올리브오일,버터,가지,토마토,양파,페페론치노,올리브오일,레드와인,발사믹식초,토마토소스,물,치킨스톡,비정제황설탕,무염버터,그린올리브,블랙올리브,건크랜베리,케이퍼,건바질,오레가노,건파슬리가루,소금,후춧가루,대추토마토,브로콜리,포도씨유
안심스테이크굽는법 / 소스 만드는법,https://www.10000recipe.com/recipe/6132762
소고기 안심,올리브오일,소금,후추,버터,간장,레몬즙,식초,설탕,매실청,다진 마늘,올리브유,다진 양파,다진 사과,부순 깨
한우로 만든 안심스테이크,https://www.10000recipe.com/recipe/6871862
쇠고기 안심,청파프리카,홍파프리카,양송이,스테이크시즈닝,소금,후추가루,스테이크소스,케찹,물,버터,설탕,레드와인
불고기 소스 안심 스테이크 ,https://www.10000recipe.com/recipe/1655633
안심,감자,간장,와인,꿀,흑설탕,다진 마늘,홀그레인 머스터드,후추
"등심, 안심스테이크 만들어서 손님접대하기♬",https://www.10000recipe.com/recipe/2694106
등심 스테이크,안심 스테이크,대파,통마늘,양파,당근,다진마늘,버터,스테이크소스
안심 스테이크 굽는법 육즙 가득 소고기안심요리,https://www.10000recipe.com/recipe/6833200
안심 스테이크,적포도주,버터,건로즈마리,소금,후추,방울토마토,통마늘,양송이,아스파라거스,감자
#값싼 돼지안심으로 만드는 돼지안심스테이크 만들기 ,https://www.10000recipe.com/recipe/6884433
돼지안심,스모크햄,소금,후추,올리브유,버터,통마늘,대파,발사믹글레이즈,케찹
안심스테이크덮밥 엄지척!!,https://www.10000recipe.com/recipe/6857422
소고기안심,양파,애호박,청경채,토마토소스,스테이크소스,물
"소고기안심요리, 매콤달콤한 큐브스테이크덮밥 만들기",https://www.10000recipe.com/recipe/1092243
소고기 안심,그린빈,양파,버터,맛술,소금,후추,간장,다진 마늘,고추장,올리고당,참기름,후추
안심스테이크 w.기(GHEE)버터,https://www.10000recipe.com/recipe/6955002
스테이크용 소고기,기 버터,소금,후추,올리브오일,생로즈마리
소소한 홈파티를 위한 홈파티음식! 안심롤스테이크와 에그볼을 만들어요! ,https://www.10000recipe.com/recipe/6950075
안심,베이컨,소금,후추,올리브유,버터,양파,양송이버섯,돈가스소스,토마토소스,우스터소스,다진마늘,물,삶은 달걀,다진돼지고기,다진대파,파마산치즈가루,후추,마요네즈,쪽파,케찹,돈가스소스
한국인 입맛에 딱 좋은 안심스테이크 매콤갈릭오일파스타 간편레시피,https://www.10000recipe.com/recipe/6949684
소고기 안심,파스타면,양파,애호박,양배추,다진마늘,바질가루,페퍼론치노,소금,후추
집밥 TV) 한우 안심 소고기파티! 집밥 백선생의 가르침대로 스테이크 굽기,https://www.10000recipe.com/recipe/6949576
소고기,소금,후추,올리브오일,버터,사이드야채
숙성육으로 만드는 안심스테이크 ,https://www.10000recipe.com/recipe/6946003
안심스테이크용,새송이버섯,감자,마늘,허브소금,올리브오일
홈메이드 안심스테이크 만들기,https://www.10000recipe.com/recipe/6942096
소고기안심,아스파라거스,양파,양송이,마늘,버터,식빵,올리브유,후추,허브솔트,와인,발사믹,굴소스,양송이,귤,양상추,방울토마토,다진견과,시판샐러드소스
#채끝스테이크 #안심스테이크 #스테이크만들기 #스테이크굽기 #생일밥상 #한우갈비살구이,https://www.10000recipe.com/recipe/6940380
채끝 등심 스테이크용,안심 스테이크용,한우 갈비살,냉동 채소,마늘,후추 각각,바질가루 각각,올리브오일,통마늘,버터,로즈마리,발사믹글레이즈,허브소금
프라이팬으로 만드는 (안심)스테이크와 매쉬드 포테이토 꿀팁 / 스테이크 굽기 체크법,https://www.10000recipe.com/recipe/6939066
소고기안심,기름,버터,마늘,소금,후추,버섯,와인,발사믹식초,소금,설탕,버터,감자,넛맥,버터,크림/우유
한그릇 안심찹스테이크 깨쟁이요리 주말요리 술안주만들기,https://www.10000recipe.com/recipe/6939032
안심 소고기,할라피뇨슬라이스,찐감자,양파작은것,돈까스소스,굴소스,소금,후추
집에서 두툼한 소고기 안심 스테이크 만들기!,https://www.10000recipe.com/recipe/6937238
호주청정우 안심,올리브 오일,굵은 소금,후춧가루,버터,식용유,로즈마리,스테이크 소스,설탕
안심스테이크♡인생 고기서 고기~^^,https://www.10000recipe.com/recipe/6937062
소고기 안심,소금,후추가루,올리브오일,허브
안심스테이크 부드럽고 맛나네,https://www.10000recipe.com/recipe/6934738
안심 스테이크용,애호박,새송이버섯,통마늘,올리브오일,스테이크용씨즈닝
유자청 소고기 안심스테이크만드는법,https://www.10000recipe.com/recipe/6933490
고기,유자청,버터,소금,후추,데코용 야채
당귀 향을 낸 소 안심 스테이크,https://www.10000recipe.com/recipe/6933209
소 안심,당귀,감초,인삼,소금,후추,올리브오일,돼지감자,감자,우유,생크림,소금,후추,데미그라스,물,남은 고기,애호박,느타리버섯,마,무,연근,간장,설탕,참깨,다진마늘,다진 양파,우둔살,들깻잎,무,생강,마늘,소금,물,깻잎,밥,간장,참기름
"[경민대학교] 관자, 마늘종, 파프리카, 표고버섯을 넣은 삼합소고기말이와 안심스테이크",https://www.10000recipe.com/recipe/6931639
소고기 등심,소고기안심,관자,마늘종,표고버섯,빨간색 파프리카,세발나물,샬롯,컬리플라워,앤다이브,육쪽마늘,감자,생크림,고추장,들깨가루,영양부추,식초,설탕,물,구운 잣,그라나파다노,메추리알,와사비,국간장,참기름,다진마늘,올리브오일,간장,파프리카파우더,레몬즙,강황가루
[계명문화대학교] 레드와인 소스를 곁들인 육우 안심 스테이크,https://www.10000recipe.com/recipe/6905221
육우 안심,허브 시즈닝,로즈마리,버터,아스파라거스,미니양배추,쳐빌,감자,빵가루,사과,호박 고구마,당근,생크림,소금,후추,데미글라스,레드와인,설탕
[계명문화대학교] 버섯그라탕을 올린안심스테이크,https://www.10000recipe.com/recipe/6898881
안심,양송이,베이컨,마늘,그라파다노치즈,양파,생크림,노른자,소금,올리브오일,후추,미니양배추,아스파라거스,버터,자색고구마,감자,당근,오렌지,체리,사과,레드와인,설탕
소고기 안심 스테이크,https://www.10000recipe.com/recipe/6898843
소고기 안심 손가락 한마디 두께로,양파,애호박,소금,간 굵은 후추,식용유,로즈마리,버터,돈카츠 소스,복분자 발효액
자취생 간단요리<닭안심찹스테이크>,https://www.10000recipe.com/recipe/6898752
닭안심,빨간 파프리카,노란 파프리카,양파,다진마늘,굴소스,케첩,물엿
부드러운 안심 한우 찹스테이크 ,https://www.10000recipe.com/recipe/6898749
소고기 안심,파프리카 2가지색,양파,브로콜리,고추,통마늘,표고버섯,굴 소스,케첩,발사믹 식초,화이트 와인,올리고 당,올리브유,후추
소고기 안심스테이크 굽는 법,https://www.10000recipe.com/recipe/6895155
소고기 안심,올리브오일,소금,후춧가루,버터,간장,레몬즙,식초,설탕,매실청,다진 마늘,올리브유,다진 마늘,다진 사과,부순 깨
"누구나 손쉽게 안심스테이크, 관자 새우버터구이 만들기",https://www.10000recipe.com/recipe/6895146
소고기 안심 1조각,관자,왕새우,아스파라거스,당근,양송이버섯,올리브유,버터,소금,후추
안심스테이크 맛있게 만들기:마리네이드&레스팅!,https://www.10000recipe.com/recipe/6894220
안심,양파,대파,버터,올리브유,소금,로즈마리,후추,화이트페퍼,그린페퍼,올스파이스
고든램지식 안심 스테이크 굽기,https://www.10000recipe.com/recipe/6891188
소고기,양송이버섯,감자,로즈마리,타임,마늘,후추,소금,버터,치폴레
안심 스테이크 굽는법 그리고 그레몰라타,https://www.10000recipe.com/recipe/6887348
소고기안심,소금,후추,올리브유,레몬,이탈리안파슬리,케이퍼,로즈마리,타임,말린양송이버섯육수,말린양송이버섯
부드러운 안심스테이크 만들기! ,https://www.10000recipe.com/recipe/6885992
스테이크용 안심,양파,가지,껍질콩,올리브오일,소금,후춧가루,버터,다진양파,우스터소스,시판 스테이크소스,케찹,레드와인,설탕
완벽한 소고기 안심 스테이크 만들기!,https://www.10000recipe.com/recipe/6880392
안심채/센터컷,오일/시어링용,버터2등분,타임/줄기,로즈마리/줄기
초콜렛 안심 스테이크,https://www.10000recipe.com/recipe/6873221
돼지안심,버터,플레인 요플레,쵸코렛,우스타,파마산,올리브유,소금,후추,파인애플즙
그릴리아 안심 스테이크,https://www.10000recipe.com/recipe/6872560
안심스테이크,양송이,아스파라거스,가지,파프리카,양파,고구마,감자
한돈안심커리스테이크,https://www.10000recipe.com/recipe/6862675
한돈안심 50g씩,고구마,양파,양배추,방울토마토,커리가루
샬로우 포칭한 한돈 안심 스테이크와 샤프론 대파 크림소스,https://www.10000recipe.com/recipe/6860031
한돈 등심,화이트 와인,옥수수유,고춧가루,감자,화이트와인,베이컨,우유,소금
된장에 절인 안심 스테이크와 바베큐 오렌지 소스,https://www.10000recipe.com/recipe/6858797
돼지 안심,베이컨,소금,후추,믹스 스파이스,로즈메리,마늘,양파,올리브 오일
찹스테이크?....안심스테이크& 모둠야채볶음,https://www.10000recipe.com/recipe/6857450
스테이크용 고기,올리브오일,소금,후추,파슬리,버터,파프리카,호박,양배추,당근,양파,마늘,스테이크소스,발사믹드레싱
포크 텐더로인 (스페인 돼지고기 안심 스테이크) Pork Tenderloin,https://www.10000recipe.com/recipe/6856991
돼지고기 안심,홍피망,양파,파란 애호박,노란 애호박,스페인 파프리카,로즈메리,타임,파슬리,마늘,겨자소스 ,소금,후추,올리브오일,Crushed red pepper
안심 스테이크,https://www.10000recipe.com/recipe/6856604
안심,빨간파프리카,주키니,가지,아스파라거스,방울토마토,셜롯,올리브유,케이퍼,발사믹식초,카놀라유,소금,후추
안심 스테이크 샌드위치,https://www.10000recipe.com/recipe/6854463
소고기 안심,양파小,미니버섯,어린잎채소,양상추,까망베르슬라이스치즈,고다치즈,머스타드,치아바타,올리브유,청주,소금,후추,스테이크소스
집에서 채끝 안심스테이크 만들기 도전!,https://www.10000recipe.com/recipe/6853604
소고기채끝,안심,야채,양파,베이비채소,버터,허브솔트,A1소스,캐찹,굴소스,파슬리가루
안심스테이크 만들기~미디움으로 굽는요령~,https://www.10000recipe.com/recipe/6848530
소고기,아스파라거스,미니파프리카,소금,후추,올리브오일,로즈마리,파슬리가루
건자두로 속을 채운 돼지안심스테이크,https://www.10000recipe.com/recipe/6839864
돼지고기안심,건자두,사과,양파,로즈마리,어린잎,통후추,다시물,올리브유,스테이크소스,머스타드
블루베리 안심스테이크,https://www.10000recipe.com/recipe/6834432
안심,베이컨,대하,아스파라거스,방울토마토,허브소금,후추,블루베리,블루베리진액,발사믹식초,연잎효소,A1소스
집에서 간단하게 굽는 안심 스테이크~,https://www.10000recipe.com/recipe/6832478
한우 안심 1인당 작은 것,양파,샐러드용야채,당근,브로콜리,허브솔트 ,올리브유,A1소스,우스터 소스,적포도주,올리고당
크림소스 안심스테이크,https://www.10000recipe.com/recipe/6829700
안심,양파,파프리카,새송이버섯,양송이버섯,브로콜리,허브솔트,올리브유,월계수잎,생크림,우유,버터,슬라이스치즈
홈메이드 안심스테이크와 진피가루 넣은 스테이크소스,https://www.10000recipe.com/recipe/6791770
쇠고기안심,양상추,토마토,샐러리,파인애플,사과,진피,시판 우스터소스,시판 스테이크소스,양파
안심 스테이크 만들기,https://www.10000recipe.com/recipe/6638461
소고기안심,마늘,파프리카,버섯,마늘,소금,로즈마리,밀가루,버터,우유,올리브유
안심 스테이크 만들기,https://www.10000recipe.com/recipe/6340835
소고기 등심,양파,당근,발사믹글레이즈,소금,후추,올리브오일
고르곤졸라소스의 안심스테이크 ,https://www.10000recipe.com/recipe/6284057
안심,소금,후춧가루,엑스트라버진올리브오일,로즈마리잎,마늘,느타리버섯,양송이버섯,버터,다진양파,우리밀중력분,우유,고르곤졸라치즈,홀그레인머스터드,소금,후춧가루
채소토마토볶음을 얹은 안심 스테이크 ,https://www.10000recipe.com/recipe/5774856
소고기 안심,엑스트라버진올리브오일,굵은소금,후춧가루,양송이버섯,채소토마토볶음 - 마늘,양파,애호박,가지,빨강 파프리카,노랑파프리카,초록피망,버터,토마토소스,우스터소스,발사믹식초,소금,후춧가루,허브가루
안심스테이크 까나페,https://www.10000recipe.com/recipe/5732538
쇠고기안심스테이크용,소금,후춧가루,엑스트라버진올리브오일,양송이버섯,파마산치즈가루,새싹채소,곁들일매쉬드포테이토,쇠고기잔살,당근,양파,마늘,완숙토마토,월계수잎,로즈마리,버터,화이트와인,쇠고기육수,스테이크소스,소금,후춧가루
안심스테이크 만들기,https://www.10000recipe.com/recipe/5719201
스테이크용 소고기,브로콜리,양송이,고구마,계란,버터,파슬리,허브솔트
안심 스테이크,https://www.10000recipe.com/recipe/5577231
소고기안심,올리브유,소금,후추,A1소스,레드와인,설탕,후추
집에서 안심 스테이크 만들기,https://www.10000recipe.com/recipe/4077660
스테이크용안심,호박,자색고구마,마늘,소금,후추,머스타드소스
양파소스 안심 스테이크,https://www.10000recipe.com/recipe/3477768
안심,올리브오일,소금,후추,허브,감자,버터,우유,양파,마늘,월계수잎,버터,오일,밀가루,우스터소스,와인,발사믹식초,육수치킨육수),후추가루
쇠고기안심 스테이크,https://www.10000recipe.com/recipe/3341901
쇠고기 안심 스테이크용,양파,올리브유,소금,후춧가루,버터,간장,우스터소스,케찹,레드와인,시판스테이크소스,황설탕,양송이버섯,물
집에서 드세요.간단 안심스테이크,https://www.10000recipe.com/recipe/3101155
안심,양파,브로콜리,당근,양파, ,버터,스테이크소스,토마토케찹,맛술,크림스프가루,물,소금,후추
베이컨 두른 안심 스테이크 만들기,https://www.10000recipe.com/recipe/2461347
스테이크 안심,베이컨,감자,파프리카,파인애플,양송이버섯,가지,단호박,소금,후추,드라이허브,올리브오일,우스터 소스,레드와인,파마산 치즈가루,소금,드라이허브
돼지고기 안심 스테이크,https://www.10000recipe.com/recipe/2416839
돼지고기 안심,베이컨,양송이,모짜렐라 치즈,허브 소금,적포도주,후추,토마토,양파,마늘 슬라이스,월계수잎,소금,후추,올리브유
닭안심 마늘스테이크와 웨지감자,https://www.10000recipe.com/recipe/1984729
닭안심,마늘,가지,아스파라거스,크림스프가루,케찹,우스터소스,양파즙,설탕,물,월계수잎,감자,버터,파슬리,소금,후추,청주,맛술,파슬리가루,소금,후추
입에서 살살 녹아요 홈메이드 한우 안심 스테이크,https://www.10000recipe.com/recipe/1937206
소고기안심,브로콜리,스위트콘,당근,양파,애호박,버터,소금,시즈닝솔트,올리브오일,로즈마리,레드와인,육수 또는 물,버터,우스터소스,불스BBQ소스,올리고당,양송이버섯,A1소스
일급레스토랑 부럽지않은 안심스테이크 ,https://www.10000recipe.com/recipe/1827861
소고기안심,애느타리버섯,발사믹식초,올리브유,소금,후추,소금,후추,올리브유,적와인,케찹,올리고당,우스터소스,설탕,월계수잎
