닭가슴살스테이크,추천순,52
닭가슴살두부스테이크 한끼식사로 든든해요,https://www.10000recipe.com/recipe/6833227
닭가슴살,두부,양파,당근,대파,계란,부침가루,후추,소금
닭가슴살 스테이크 만들기,https://www.10000recipe.com/recipe/6904225
닭가슴살,애호박,양파,양송이버섯,스테이크소스,물,케챱,올리고당,다진마늘,다진양파
닭가슴살 스테이크와 토마토 스튜,https://www.10000recipe.com/recipe/3889578
닭가슴살,방울토마토,양파,소금,요플래,후추,파슬리,바질가루
닭가슴살요리법 갈릭버터 닭가슴살스테이크,https://www.10000recipe.com/recipe/6830243
닭가슴살,버터,간마늘,양파,방울토마토/토마토,간장,후추
갈릭 닭가슴살 스테이크 만들기! 하림 자연실록 수비드 닭가슴살 요리~,https://www.10000recipe.com/recipe/6865618
하림수비드닭가슴살,만가닥버섯,호박,레몬,청양고추,마늘,대파,소금,후추,올리브유,참나물,새싹채소,진간장,설탕,맛술,올리고당,대파,레몬즙,설탕,올리브유
닭가슴살스테이크 - 향긋한 카레가 더해진 부드러운 '닭가슴살스테이크',https://www.10000recipe.com/recipe/6875375
닭가슴살,감자,당근,양파,카레
초간단 데리야끼닭가슴살스테이크 만들기,https://www.10000recipe.com/recipe/5252909
닭가슴살,양파,대파,데리야끼소스,후추,소금,맛술
닭가슴살 치즈 두부스테이크,https://www.10000recipe.com/recipe/6835482
부침용 두부,작은 파프리카,부추,닭가슴살 통조림,치즈,달걀노른자,옥수수전분,빵가루,포도씨유,애호박,파프리카
닭가슴살두부스테이크 만들기,https://www.10000recipe.com/recipe/5321056
냉동닭가슴살,당근,양파,부추,두부,계란,부침가루or밀가루,전분가루,다진마늘,돈까스소스,스테이크소스,매실청,물엿,로제파스타소스
닭가슴살 스테이크,https://www.10000recipe.com/recipe/6898347
닭가슴살,방울 토마토,어린잎,간장,맛술,양파즙,매실액,올리브오일,양파즙,식초,소금
닭가슴살 스테이크,https://www.10000recipe.com/recipe/5474658
닭가슴살,오이,당근,달걀,발사믹소스,레몬즙
닭가슴살 치킨스테이크 (매직반죽),https://www.10000recipe.com/recipe/6835005
닭가슴살매직반죽
맛있고 건강하게 즐기는 닭가슴살 스테이크,https://www.10000recipe.com/recipe/6888203
닭 가슴살,아스파라거스,올리브유,소금,후추,올리브유,바질가루,후추,소금,갈릭 파우더,맛술,바비큐 소스,닭 가슴살 육즙,칠리소스
크림소스 닭가슴살 스테이크 만들기,https://www.10000recipe.com/recipe/6899010
수비드 닭가슴살,단호박,새싹채소,버터,다진양파,버터,밀가루,우유,생크림,월계수잎,소금,후춧가루
닭가슴살로 만든 부드러운 스테이크,https://www.10000recipe.com/recipe/6898260
닭가슴살,양파 작은크기로,식용유,청주,허브솔트,후추,계란,우스터소스,식용유,다진양파,빵가루,파슬리가루,물,케찹,우스터소스,꿀,치킨스톡
닭가슴살스테이크,https://www.10000recipe.com/recipe/6837014
닭가슴살,양파,소금,후추
대파소스 닭가슴살스테이크,https://www.10000recipe.com/recipe/923966
닭가슴살,소금,후춧가루,올리브오일이나 포도씨오일,대파,버터,돈가스소스,간장,아가베시럽이나 꿀,흑설탕,발사믹식초,물,닭가슴살 육수
닭가슴살 스테이크 만들기,https://www.10000recipe.com/recipe/6887822
닭가슴살,애호박,버섯,새싹채소,올리브유,소금,후추,파마산치즈가루,파슬리가루
육즙 팡팡 닭가슴살 스테이크 만들기 (feat. 발사믹 글레이즈),https://www.10000recipe.com/recipe/1612574
닭가슴살,발사믹글레이즈,빨강파프리카,주황파프리카,노랑파프리카,표고버섯,모짜렐라치즈,올리브유,올리브유,소금,다진마늘,후추
 근사한 닭가슴살 스테이크로 다이어트 성공예감! #다이어트 레시피,https://www.10000recipe.com/recipe/6719230
닭가슴살,시금치,피자치즈,브로콜리,버섯,감자,방울토마토,소금,후추,식용유 또는 올리브유
맛있는데 저칼로리! 닭가슴살두부 스테이크 레시피,https://www.10000recipe.com/recipe/6956576
두부 200g,계란,양파,대파,당근 작은것,청양고추,팽이버섯,부침가루,시판 닭가슴살,돈가스소스,우스터소스,물
"퍽퍽한 닭가슴살 이제 안녕~~~ㅎ
겉바속촉!!! 닭가슴살 스테이크 만들기",https://www.10000recipe.com/recipe/6955955
닭가슴살,양파,파프리카,마늘,방울토마토,소금,후추,올리브유,진간장,캐첩,버터,물
닭가슴살 요리 / 발사믹식초 닭가슴살 스테이크,https://www.10000recipe.com/recipe/6953705
양파,컬리플라워,닭 가슴살,올리브오일,버터,소금,발사믹식초,설탕,오레가노,후춧가루
닭가슴살스테이크 만들기,https://www.10000recipe.com/recipe/6950454
닭가슴살,양파,피클,햄,계란,버섯,밥,올리고당,물,다진마늘,계절과일,스테이크소스,케찹
닭가슴살 샌드위치 만들기 바르닭 스테이크로 푸짐하게 만들었어요 :) ,https://www.10000recipe.com/recipe/6947610
식빵,로메인 큰 거,큰 토마토,달걀,버터,바르닭 닭가슴살 스테이크,치즈,고구마,갈릭&갈비맛,사우전아일랜드드레싱
닭가슴살 시금치 스테이크,https://www.10000recipe.com/recipe/6941390
인스턴트 닭가슴살 스테이크,폰타나 오리엔탈 드레싱,시금치,버터,X
♥[신혼밥상] 생강*파채 닭가슴살스테이크,https://www.10000recipe.com/recipe/6938706
대파,닭가슴살 스테이크,생강,꿀,버터,유자청,간장,식초,설탕,물,다진마늘
 닭가슴살 스테이크 만드는법,https://www.10000recipe.com/recipe/6933292
시판 닭가슴살 스테이크,식용류,소스,데코용 과일
맛있게 즐기는 고추장양념 닭가슴살 스테이크,https://www.10000recipe.com/recipe/6924531
닭가슴살,가지,양파,올리브유,후추,소금,고추장,꿀,맛술,다진마늘즙
버터시금치 닭가슴살 스테이크 ,https://www.10000recipe.com/recipe/6922164
닭가슴살,시금치,버터,소금,후추
로제닭가슴살스테이크♡,https://www.10000recipe.com/recipe/6909226
옥수수콘,해물믹스,새송이버섯,애호박,파프리카,양배추,브로콜리,양파,통마늘,올리브유,다진마늘,로제파스타소스,닭가슴살,계란
굴소스 복분자를 넣은 닭가슴살스테이크 구이 레시피,https://www.10000recipe.com/recipe/6907512
어묵,대파,만두,닭가슴살,후추,허브솔트,올리브유,복분자차,굴소스
"닭가슴살의 맛있는 변신, 닭가슴살스테이크와 모닝글로리볶음",https://www.10000recipe.com/recipe/6900293
닭가슴살,미트에이징,모닝글로리,통마늘,베트남 건고추,직화굴소스,올리브유
짭쪼름 달달~~ 자꾸만 생각나! 닭가슴살 스테이크!,https://www.10000recipe.com/recipe/6899761
닭가슴살,버터,채썬 당근,옥수수,밥,우유,후추,데리야끼,칠리소스,올리고당
"모듬 스테이크(소고기, 닭가슴살스테이크)",https://www.10000recipe.com/recipe/6898764
채끝등심,닭가슴살,소시지,샐러드용채소,올리브,작은 사이즈의 빵,양파,당근,물,식초,설탕
다이어트 엔 닭가슴살 스테이크 / 닭아 미안해 앞으로 너 자주 먹을꺼야.,https://www.10000recipe.com/recipe/6895157
춘장,케쳡,간장,요리당,다진마늘,맛술대용소주,청양고추,양파,통마늘,닭가슴살
#수비드닭가슴살을 이용한 닭가슴살스테이크만들기 #엄청간단하고 별거 한것도 없지만 맛은 최고인 닭가슴살스테이크!!,https://www.10000recipe.com/recipe/6893980
수비드닭가슴살,양송이버섯,청피망,브로콜리,소금,후추,올리브오일,버터
퍽퍽하지 않은 닭가슴살요리 [치킨롤 스테이크],https://www.10000recipe.com/recipe/6893703
닭가슴살,파프리카,깻잎,슬라이스치즈,새송이버섯,맛술,통후추,천일염,오일
"연말 기분, 집에서 즐기는 닭가슴살 스테이크",https://www.10000recipe.com/recipe/6892337
닭가슴살,표고버섯,채소,돈가스소스,토마토케첩,청주,소금,후추,진간장
닭가슴살스테이크,https://www.10000recipe.com/recipe/6876363
닭가슴살,파프리카,마늘,허브소금
치즈 품은 닭가슴살 스테이크,https://www.10000recipe.com/recipe/6863473
닭가슴살,모짜렐라치즈,다진마늘,캐찹,발사믹식초
요즘 핫한 요리 '에그인헬'+ 닭가슴살 스테이크까지!,https://www.10000recipe.com/recipe/6863064
닭가슴살,양파,마늘,베이컨 ,파,생바질,청양고추,당근,브로콜리,리본파스타,버터,파마산 가루,토마토소스,휘핑크림,계피가루,강황가루,바질가루,퀴멜 ,토마토페이스트,야채가루,올리브 오일,후추,소금
닭가슴살요리로 닭가슴살 스테이크 만드는 방법 알려드릴께요 ♬,https://www.10000recipe.com/recipe/6850567
닭가슴살,당근,양파,미니새송이버섯,브로콜리 데친것,어묵,물,청주,다진파,다진마늘,굴소스,간장,물엿,참기름,전분,물
데리야끼치킨 닭가슴살 스테이크 만들기,https://www.10000recipe.com/recipe/6849671
닭가슴살,새송이버섯,양파,마늘,소금,후추,간장,설탕,식초,버터
닭가슴살 스테이크,https://www.10000recipe.com/recipe/6844123
닭가슴살,시금치,파인애플 슬라이스,모자렐라치즈,올리브유,토마토페이스트,소금,후추,다진마늘,다진파,참기름
닭가슴살 스테이크,https://www.10000recipe.com/recipe/6842487
닭가슴살,어린잎채소,양배추,올리브오일,양파즙,매실액,식초,소금,간장,양파즙,미림,설탕,마늘,생강가루,월계수잎
닭가슴살 스테이크,https://www.10000recipe.com/recipe/6834626
닭가슴살,청양고추,대파,새송이버섯,양파,두부,빵가루,전분,소금,후춧가루,다진마늘,참기름,스테이크소스,케첩,물
닭가슴살 스테이크,https://www.10000recipe.com/recipe/6832814
닭가슴살,야채,과일,머스타드소스,샐러드소스,포도씨유,된장,마늘,생강,청주,후추
자몽소스 닭가슴살 스테이크와 웨지감자,https://www.10000recipe.com/recipe/6768283
닭가슴살,감자,자몽,물,설탕,우유,화이트와인,오레가노,허브솔트,자몽설탕조림,올리브유,소금,파마산치즈가루,바질,자몽,오렌지주스,설탕
그릴로 닭가슴살 스테이크,https://www.10000recipe.com/recipe/5997538
닭가슴살,양파,마늘,호박,양파,당근,호박,파프리카,간장,물,설탕
닭가슴살 스테이크 덮밥,https://www.10000recipe.com/recipe/3868741
닭가슴살,호두,마늘,우유,냉장고속야채,피자치즈,양조간장,청주,설탕,배,양조간장,설탕,참기름,후추가루
엄마표 닭가슴살 스테이크,https://www.10000recipe.com/recipe/2386680
닭가슴살,청피망,빨강파프리카,노랑파프리카,옥수수캔,마늘,부침가루,계란,빵가루,파프리카,옥수수,치즈,소금,버터,청주,소금,후춧가루,버터,채썬 양파,케찹,우스터소스,육수
