롤케이크,추천순,148
부드럽고 폭신한 롤케이크(도지마롤)만들기,https://www.10000recipe.com/recipe/6901073
박력분,계란,식용유,설탕 1번,설탕 2번,우유,생크림,설탕
《향기 좋은》 밀크티 롤케이크,https://www.10000recipe.com/recipe/6892853
달걀,가루 설탕,샐러드 오일,물,박력분,얼 그레이,생크림*,얼 그레이*,가루설탕
딸기 비스퀴 롤케이크,https://www.10000recipe.com/recipe/1899806
달걀,옥수수전분,박력분,생크림,딸기,설탕
집에서도 쉽게 즐길 수 있는 예쁜 카페 디저트: 오렌지 생크림 롤케이크,https://www.10000recipe.com/recipe/6936040
계란,설탕,박력분,생크림,설탕,귤,슈가파우더
"<진한 커피향의 매력, 모카 롤케이크> ",https://www.10000recipe.com/recipe/6896233
계란,설탕,물엿,박력분,우유,인스턴트커피,물,설탕,인스턴트커피,시럽,생크림,설탕,커피리큐르,인스턴트커피,미지근한 물
화이트 롤케이크,https://www.10000recipe.com/recipe/2019368
박력분,달걀,뜨거운 물,설탕,생크림,설탕,설탕,물
"<한여름의 크리스마스, 초콜릿 롤케이크> ",https://www.10000recipe.com/recipe/6896269
계란,설탕,박력분,코코아,우유,용해버터,생크림,분당,다크커버춰,생크림
딸기 롤케이크,https://www.10000recipe.com/recipe/1816135
박력분,달걀,베이킹 파우더,뜨거운 물,설탕,생크림,설탕,딸기
생크림이 가득 들어간 바닐라롤케이크 l Vanilla roll cake ,https://www.10000recipe.com/recipe/6927359
달걀노른자,설탕,꿀,달걀흰자,설탕,박력분,무염버터,우유,생크림,연유,설탕,바닐라빈
녹차 롤케이크,https://www.10000recipe.com/recipe/6870416
직사각형 팬,우유,버터,박력분,녹차가루,노른자,달걀,흰자,설탕,생크림,설탕,팥배기
크림치즈 롤케이크,https://www.10000recipe.com/recipe/6867431
1/2빵팬,노른자,설탕 A,흰자,설탕 B,바닐라 익스트랙,박력분,전분,위에 뿌릴 슈가파우더,크림치즈,슈가파우더,생크림
편의점의 재료로 만들어보는 크리스마스 통나무케이크 ★ 부쉬드노엘 ! ,https://www.10000recipe.com/recipe/6923598
롤케이크,누텔라,초콜릿,초코송이
"도지마롤,생크림 롤케이크",https://www.10000recipe.com/recipe/6833791
계란,설탕 a,바닐라,박력분,우유,카놀라유,생크림,설탕 b,연유
아몬드 프랄리네 롤케이크,https://www.10000recipe.com/recipe/6864492
달걀,설탕,박력분,우유,무염버터,아몬드 프랄리네,커스터드 크림
딸기롤 케이크 ,https://www.10000recipe.com/recipe/912220
달걀노른자,설탕,달걀흰자,박력분,전분,바닐라오일,생크림,설탕,딸기
미니 롤케이크,https://www.10000recipe.com/recipe/4633898
달걀,비정제황설탕,아가베시럽,바닐라엑스트렉,우리밀 중력분,우유,딸기잼,잔트커런트
생크림 롤케이크 만들기,https://www.10000recipe.com/recipe/6829616
계란,밀가루박력분,설탕,바닐라 익스트렉,휘핑기계,가당 휘핑크림,오븐용 팬 
오렌지 롤케이크 ,https://www.10000recipe.com/recipe/6868746
1/2빵 팬,달걀,노른자,설탕,꿀,박력분,제스트 오렌지,우유,오렌지잼,화이트 커버춰 초콜릿,화이트 코팅 초콜릿,데코용 오렌지 필
초코롤케이크 만들기 ,https://www.10000recipe.com/recipe/6842670
계란,설탕,박력분,코코아 파우더,생크림,생크림,설탕
 미니롤케이크,https://www.10000recipe.com/recipe/6759697
계란,설탕,소금,물엿,우유,바닐라에센스,박력분,생크림,후르츠칵테일
딸기롤케이크만들기,https://www.10000recipe.com/recipe/6723821
휘핑크림,설탕,계란,설탕,밀가루박력분,설탕,물엿,베이킹파우더,포도씨유,바닐라에센스,딸기
딸기 롤케이크 만들기,https://www.10000recipe.com/recipe/6846907
계란,설탕,박력분,우유,바닐라 엑스트렉,설탕,물,생크림,설탕,꿀 혹은 메이플 시럽,딸기
소프트 롤케이크,https://www.10000recipe.com/recipe/6836223
박력분,물,바닐라 익스트랙,계란,베이킹 파우더,카놀라유,설탕a,물엿,소금,설탕b
팥앙금 생크림 롤케이크,https://www.10000recipe.com/recipe/338476
밀가루박력분,달걀,설탕,물엿,우유,카놀라유,바닐라오일,생크림,팥앙금
은은한 커피향은 좋은 티라미수롤케이크 만들기 ♥,https://www.10000recipe.com/recipe/3118232
달걀,설탕,박력분,코코아파우더,따뜻한 우유,크림치즈,생크림,설탕,인스턴트 커피,뜨거운 물,설탕
세상에 단 하나뿐인 꽃무늬 롤케이크 만들기!,https://www.10000recipe.com/recipe/6956867
달걀노른자,설탕,소금,물엿,바닐라오일,물,달걀흰자,설탕,박력분,베이킹파우더,식용유,코코아파우더,다크초콜릿,생크림,물엿,애플민트
떨어지는 벚꽃이 롤케이크에 떨어졌나♣ 벛꽃롤케이크 ,https://www.10000recipe.com/recipe/6956630
무염버터,슈가파우더,달걀흰자,박력분,식용색소,달걀노른자,설탕a,달걀흰자,설탕b,박력분,우유,생크림,설탕,라즈베리 퓨레
돼지 롤케이크,https://www.10000recipe.com/recipe/6956297
롤케이크,마시멜로,초코렛,젤리
산타모자 롤케이크(힐링영상)ㅣ딸기콕콕!! 삼각 롤케이크 만들기 //*How to make Strawberry Tri,https://www.10000recipe.com/recipe/6950992
노른자,설탕,우유,포도씨유,박력분,흰자,설탕,홉라 생크림,설탕,싱싱한 딸기,데코용 슈가파우더
초콜릿롤케이크:아이들이 가장 좋아하는케이크,https://www.10000recipe.com/recipe/6949237
박력분,베이킹파우더,달걀노른자,꿀,설탕,소금,달걀흰자,설탕,포도씨유,우유,레몬,코코아가루,버터,슈가파우더,우유,레몬 착즙한것
소프트롤케이크(생크림롤케이크) 녹아녹아!!!,https://www.10000recipe.com/recipe/6948233
박력분,베이킹파우더,달걀노른자,물엿,설탕,소금,달걀흰자,설탕,포도씨유,우유,레몬,생크림,설탕,레몬 착즙한것
프라이팬에 굽는 시나몬롤 케이크 (+동영상) 노오븐 시나몬롤,https://www.10000recipe.com/recipe/6946722
박력분,베이킹파우더,소금,계란,식용유,바닐라,우유,버터,황설탕,시나몬가루,전분,슈가파우더,우유,바닐라 엑스트랙
오레오 초코 롤케이크 ,https://www.10000recipe.com/recipe/6946190
박력분,코코아 가루,설탕,무염버터,달걀,바닐라 익스트랙,베이킹 파우더,생크림,설탕,오레오 분태,초콜릿,생크림
네모네모 메로나 롤케이크 만들기//*How to make MELONA ROLL CAKE !!,https://www.10000recipe.com/recipe/6940097
달걀,설탕,바닐라오일,박력분,우유,식용유,메론시럽,﻿식용색소 Blue,﻿식용색소 Red,식물성 생크림,설탕,메론시럽
젤리 롤 케이크 만드는법~!!,https://www.10000recipe.com/recipe/6939906
박력분,설탕,계란,소금,물엿,베이킹파우더,우유,바닐라향
[어버이날] 5만원 크레이프 롤케이크 만들기~!!//*How to make Crape Roll Cake!!,https://www.10000recipe.com/recipe/6934443
핫케이크 믹스,달걀,우유,옐로우식용색소,식물성 생크림,백설탕,바닐라 오일,오만원 그림
"초코생크림이 가득, 초보자용 미니 초코 롤케잌",https://www.10000recipe.com/recipe/6934376
박력분,코코아분말,계란,설탕,꿀,우유,꿀,모카엑기스,물,생크림 A,다크커버춰 초콜렛,생크림 B,설탕,카카오닢스,초코칩
초보자도 만드는 미니롤케잌,https://www.10000recipe.com/recipe/6932351
박력분,계란,설탕,꿀,바닐라엑스트렉,우유,사과쨈,건포도
♥[설날 선물] 딸기 롤케이크,https://www.10000recipe.com/recipe/6929016
박력분,무염버터,우유,달걀,설탕,바닐라익스트랙,크림치즈,생크림,설탕
TV요리) 맛있는 녀석들 편의점편~! 달콤하지롤 & 레몬너한테피치나 ★,https://www.10000recipe.com/recipe/6929015
롤케이크,각종 과일,얼음컵,크랜베리주스,복숭아스파클링음료,레몬나
머핀믹스 이용한 복숭아롤케이크,https://www.10000recipe.com/recipe/6925537
머핀믹스,계란,물,식용유,복숭아 통조림,커스타드크림 또는 생크림
마법사처럼 뾰로롱 ★ 트루비용케이크 ★,https://www.10000recipe.com/recipe/6921045
롤케이크,빵,라즈베리잼,딸기잼,물,설탕,레몬즙,젤라틴,휘핑크림,크림치즈,라즈베리잼,설탕,녹인 젤라틴,물,라즈베리잼,설탕,레몬즙,젤라틴
한장씩 겹쳐 돌돌말아줘요! 초코크레이프롤케이크 ★,https://www.10000recipe.com/recipe/6916608
박력쌀가루,아몬드 우유,달걀,버터,설탕,코코아파우더,생크림,설탕,코코아파우더
상큼함이 팡팡 터지는 비타민 듬뿍 오렌지 롤케이크 만들기,https://www.10000recipe.com/recipe/6915022
박력분,계란,우유,설탕 A,설탕 B,설탕 C,오렌지,생크림,설탕,오렌지마멀레이드
홈파티 디저트에 좋은 롤케이크(크리스마스 케이크),https://www.10000recipe.com/recipe/6912273
박력분,설탕,달걀,물엿,우유,B.P,바닐라 에센스,무가당 생크림,설탕,딸기잼
"<알록달록 달콤무지개 맛,무지개 롤케이크만들기> ",https://www.10000recipe.com/recipe/6903104
계란,설탕,물엿,박력분,우유,설탕,물,생크림A,생크림B
<예쁜 구름과 하트모양 롤케이크> ,https://www.10000recipe.com/recipe/6901365
달걀,설탕,박력분,식물성오일,모양낼색소,달걀,설탕A,설탕B,박력분,데운 우유,녹인버터,생크림,설탕
얼그레이 롤케이크,https://www.10000recipe.com/recipe/6899537
36 cm * 26cm 롤케이크 팬,달걀,노른자,설탕,메이플시럽,박력분,얼그레이티,무염버터,우유,물,얼그레이티,생크림,설탕
"<비스퀴 시트 구워서, 라즈베리 롤케이크> ",https://www.10000recipe.com/recipe/6899534
노른자,설탕A,흰자,설탕B,박력분,바닐라향,산딸기퓨레,설탕,판젤라틴5g,생크림,오렌지리퀴르,설탕,요구르트
"<글리사쥬의 쫀득함, 캐러멜 롤케이크>",https://www.10000recipe.com/recipe/6897775
박력분,계란,설탕,물엿,커피엑기스,우유,설탕,물,생크림A,생크림B,젤라틴,설탕,물,생크림
<프로마주 롤케이크> ,https://www.10000recipe.com/recipe/6894882
계란,설탕,물엿,박력분,우유,크림치즈,설탕,우유,생크림
강아지 케이크와 요거트 딸기 롤케이크,https://www.10000recipe.com/recipe/6894879
달걀흰자,설탕,달걀노른자,박력분,생크림,설탕,플레인 요구르트,물,설탕,럼주
클래식 생크림 롤케이크,https://www.10000recipe.com/recipe/6894039
달걀,설탕,박력,우유,생크림,설탕
생크림 롤케이크,https://www.10000recipe.com/recipe/6888457
달걀,설탕,박력,우유,생크림,설탕
쇼콜라 딸기 생크림 롤케이크,https://www.10000recipe.com/recipe/6888447
달걀,설탕,박력,코코아,우유,생크림,설탕
상큼한~ 오렌지 롤케이크 만들기,https://www.10000recipe.com/recipe/6888443
계란,노른자,설탕,박력분,오렌지 한 개분의,우유,꿀,오렌지 마말레이드,오렌지필,버터크림,오렌지 익스트랙,물,설탕
촉촉하고 달콤한 딸기 비스퀴 롤케이크,https://www.10000recipe.com/recipe/6888428
계란,박력분,전분,설탕,설탕,슈가파우더,딸기,무가당 생크림,설탕,딸기잼,도구
요거트 롤케이크 ,https://www.10000recipe.com/recipe/6885842
36 * 26 * 4cm 롤케이크,노른자,설탕 A,흰자,설탕 B,박력분,전분,슈가파우더,생크림,설탕,플레인 요거트,사워크림,후르츠 칵테일 통조림
스트라이프 초코 롤케이크,https://www.10000recipe.com/recipe/6884089
35*27*2cm 롤케이크 팬,노른자,설탕 A,흰자,설탕 B,박력분 A,바닐라 익스트랙,박력분 B,코코아 파우더,생크림,밀크 초콜릿,무염버터
쉽게 배우는 홈베이킹~~생크림롤케이크,https://www.10000recipe.com/recipe/6879435
박력분,베이킹파우다,바닐라향,계란,설탕,물엿,소금,우유,우유생크림,연유
간단한 레드벨벳 롤케이크 만들어보아요,https://www.10000recipe.com/recipe/6878304
중력분,코코아가루,베이킹파우더,소금,달걀,설탕,갈색설탕,식물성 오일,우유,식초,레드컬러링,바닐라 익스트랙,롤링용 슈가파우더,크림치즈,무염버터,설탕,바닐라익스트랙,베이킹팬
아몬드 프랄리네 초콜릿 롤케이크 ,https://www.10000recipe.com/recipe/6877357
35 * 27 * 2cm 롤케이크 팬,노른자,설탕,박력분,코코아 파우더,버터,흰자,머랭 설탕,버터,아몬드 프랄리네,다크 초콜릿,커스터드 크림 ,찬우유,구운 아몬드
커피크림 롤케이크,https://www.10000recipe.com/recipe/6876937
베이킹 팬,박력분,달걀노른자,달걀 흰자,설탕,버터,우유,커피믹스,바닐라에센스,생크림,녹인 믹스커피,산딸기
치즈 롤케이크 ,https://www.10000recipe.com/recipe/6872786
1/ 2빵팬,노른자,설탕 A,흰자,설탕 B,박력분,황치즈 분말,파마산 치즈 가루,녹인 버터,크림치즈,실온 무염버터,커스터드 크림,딸기잼
코코넛 롤케이크 ,https://www.10000recipe.com/recipe/6871790
흰자,설탕,노른자,박력분,코코넛 분말,위에 뿌릴 코코넛 슬라이스,위에 뿌릴 슈가파우더,생크림,설탕,코코넛 분말,럼주,파인애플
레드벨벳 롤케이크 ,https://www.10000recipe.com/recipe/6863821
1/2빵팬,노른자,설탕 A,흰자,설탕 B,박력분,옥수수 전분,바닐라 익스트랙,카놀라 오일,우유,식용색소빨강,마스카포네 치즈,슈가파우더,생크림
7가지색깔 무지개 롤케이크 만들기,https://www.10000recipe.com/recipe/6863262
흰자,설탕,노른자,박력분,바닐라익스트랙,생크림,설탕,식용색소
무반죽 시나몬롤케이크:가을끝...흐린 수요일에 시나몬롤을 구워요,https://www.10000recipe.com/recipe/6862964
강력분,우유,오일,꿀,소금,드라이이스트,견과류,우유
바나나 롤케이크 ,https://www.10000recipe.com/recipe/6862103
1/2빵팬 1개,노른자,설탕 A,흰자,설탕 B,박력분,옥수수 전분,바닐라 익스트랙,카놀라오일,우유,마스카포네 치즈,크림치즈,설탕,생크림,바나나
허니 롤케이크 ,https://www.10000recipe.com/recipe/6861902
달걀,설탕,꿀,우유,박력분,옥수수전분,바닐라 익스트랙,생크림,꿀,통조림 포도
초코 롤케이크,https://www.10000recipe.com/recipe/6861286
1/2 빵팬,달걀,설탕,박력분,무가당 코코아,우유,생크림 A,다크 초콜릿,생크림 B
녹차 팥 롤케이크 ,https://www.10000recipe.com/recipe/6858501
계란,설탕,박력분,옥수수전분,녹차가루,버터,우유,팥배기,팥앙금,생크림,팥배기
딸기우유맛이!?[딸기우유롤케이크],https://www.10000recipe.com/recipe/6858326
계란,설탕A,설탕B,생크림,식물성오일,박력분,딸기레진,소금,가당생크림
복분자잼 롤케이크 ,https://www.10000recipe.com/recipe/6857335
달걀,설탕,박력분,옥수수전분,버터,저지방 우유,바닐라 익스트랙,인스턴트 커피,뜨거운 물,복분자잼
마스카포네 티라미수 롤케이크 ,https://www.10000recipe.com/recipe/6854824
1/2빵팬,달걀,흰자,설탕,박력분,옥수수전분,무가당 코코아 파우더,버터,우유,커피술,인스턴트 커피,물,설탕,마스카포네 치즈,생크림,설탕
 모카롤케이크 ,https://www.10000recipe.com/recipe/6853216
1/2 빵팬,달걀,설탕,박력분,옥수수전분,버터,우유,인스턴트 커피,커피술,인스턴트 커피,따뜻한 물,설탕,생크림,설탕,커피술
프루츠 롤케이크 (easy),https://www.10000recipe.com/recipe/6852462
백설카스테라믹스,계란,우유,생크림,설탕,딸기,키위,통조림귤,통조림복숭아
프루츠 롤케이크,https://www.10000recipe.com/recipe/6851624
달걀,설탕,꿀,우유,버터,쌀가루,생크림,설탕,딸기,키위,통조림귤,통조림복숭아
"단호박비스퀴롤케이크, 단호박롤케익만들기",https://www.10000recipe.com/recipe/6849502
흰자,노른자,설탕,박력분,바닐라익스트랙,슈가파우더,생크림,설탕,찐 단호박,데코 단호박
망고 롤케이크 ,https://www.10000recipe.com/recipe/6848962
계란,백설탕,올리고당,소금,박력분,우유,바닐라익스트랙,흰자,백설탕,필링 생크림,suger,냉동 망고
어린이날 / 노오븐 롤케이크 만들기,https://www.10000recipe.com/recipe/6848129
핫케이크가루,달걀,우유,포도씨유,딸기쨈,아몬드가루
롤케이크 '도지마롤',https://www.10000recipe.com/recipe/6848080
달걀,설탕,박력분,우유,식용유,생크림,크림치즈,연유
딸기 롤케이크 만들기 ,https://www.10000recipe.com/recipe/6847637
1/2쿠키팬,노른자,꿀,흰자,설탕,박력분,바닐라익스트랙,딸기,생크림,코엥트로,설탕
딸기비스퀴롤케이크,https://www.10000recipe.com/recipe/6845175
계란,설탕,박력분,베이킹파우더,메이플시럽,슈거파우더,딸기,생크림,설탕
롤치즈 쉬폰케이크 ,https://www.10000recipe.com/recipe/6844992
달걀노른자,설탕,박력분,파마산치즈가루,소금,포도씨유,물,흰자,설탕,롤치즈
간식으로 먹는 롤케이크 같은 베이컨 계란말이~!~~,https://www.10000recipe.com/recipe/6843032
실키란,베이컨,치커리,마요네즈
 메세지 롤케이크 만들기도 함께해봐요.,https://www.10000recipe.com/recipe/6841368
젤라틴가루,물,화이트초콜렛,딸기초콜렛,딸기레진,생크림,설탕,달걀 노른자,버터,슈가파우더,박력분,달걀 흰자
메세지 롤케이크,https://www.10000recipe.com/recipe/6841045
젤라틴가루,물,화이트초콜렛,딸기초콜렛,딸기레진,생크림,달걀 노른자,버터,슈가파우더,밀가루박력분,계란 흰자,밀가루박력분,계란,우유,카놀라유,생크림,설탕,설탕,연유,물엿
빼빼로 롤케이크로 더 달콤한 빼빼로데이,https://www.10000recipe.com/recipe/6838737
계란,설탕,박력분,코코아파우더,우유,식용유,베이킹파우더,바닐라향,크림치즈,휘핑크림,설탕,사과쨈
얼그레이 롤케이크,https://www.10000recipe.com/recipe/6838051
달걀,설탕,메이플시럽,박력분,홍차분말,우유,버터,생크림,설탕,물,얼그레이티,호두
노오븐)전자렌지로 롤케이크 만들기,https://www.10000recipe.com/recipe/6837896
두꺼운도화지,계란,백설 컵케이크 ,휘핑크림,설탕 A,설탕 B,설탕 C
미니롤케이크,https://www.10000recipe.com/recipe/6837265
핫케익믹스,복숭아,우유,계란,휘핑크림,설탕,아몬드슬라이스,오일,슈가파우더
젤리롤케이크 만드는 법,https://www.10000recipe.com/recipe/6835511
박력분밀가루,설탕,계란,소금,물엿,베이킹파우더,우유,바닐라향,잼
말차 롤케이크,https://www.10000recipe.com/recipe/6833859
달걀,설탕,박력분,옥수수전분,말차가루,바닐라오일,슈가파우더,피스타치오,블루베리잼,생크림,건살구
무화과 비스퀴 롤케이크,https://www.10000recipe.com/recipe/6830372
달걀,설탕,박력분,옥수수전분,바닐라오일,슈가파우더,피스타치오,블루베리잼,생크림,무화과
마론롤 케이크,https://www.10000recipe.com/recipe/6802979
박력분,설탕a,설탕b,물엿,소금,우유,바닐라향,계란,버터, ,마론페이스트,생크림,슈가파우더,코코아가루
딸기비스퀴롤케이크 만들기,https://www.10000recipe.com/recipe/6701391
달걀,설탕,박력 쌀가루,옥수수전분,바닐라오일,슈가파우더,피스타치오,생크림,딸기
티라미수 롤케이크,https://www.10000recipe.com/recipe/6670061
달걀,설탕,박력쌀가루,코코아가루,옥수수전분,크림치즈,생크림,설탕,크림파티쉐,우유,딸기생크림
체리 생크림롤케이크,https://www.10000recipe.com/recipe/6603166
박력분,설탕,물엿,달걀,버터,우유,베이킹파우더,소금,바닐라오일,생크림,버터,기름,슈가파우더,박력분,달걀흰자,식용색소빨강,초록색소
딸기 일러스트 롤케이크,https://www.10000recipe.com/recipe/6568725
박력분,설탕,물 엿,달걀,버터,우유,베이킹파우더,소금,바닐라오일,생크림,딸기,버터,기름,슈가파우더,박력분,달걀흰자,식용색소빨강,초록색소
통나무 롤케이크,https://www.10000recipe.com/recipe/6509608
박력분,설탕,물엿,달걀,버터,우유,베이킹파우더,소금,바닐라오일,귤잼,다크초콜릿,생크림
트리 초코롤케이크,https://www.10000recipe.com/recipe/6324180
버터,기름,슈가파우더,박력분,달걀흰자,빨강/망고 레진,박력분,코코아가루,설탕,물엿,달걀,버터,우유,베이킹파우더,소금,바닐라오일,무화과잼
산타모자&양말롤케이크,https://www.10000recipe.com/recipe/5802876
버터,기름,슈가파우더,밀가루박력분,달걀 흰자,딸기레진,식용색소,밀가루박력분,설탕,물엿,달걀,버터,우유,베이킹파우더,소금,바닐라오일
큰하트 귤잼쌀롤케이크,https://www.10000recipe.com/recipe/5760803
박력쌀가루,설탕,물엿,달걀,버터,우유,베이킹파우더,소금,바닐라오일,귤잼,버터,딸기레진,달걀흰자,박력분,슈가파우더,기름,커피가루
빼빼로 롤케이크,https://www.10000recipe.com/recipe/4714264
버터,기름,슈가파우더,박력분,달걀흰자,딸기레진,코코아가루,박력쌀가루,설탕,물엿,달걀,버터,우유,베이킹파우더,소금,바닐라오일,생크림,설탕,냉동딸기,버터,기름,슈가파우더,박력분,달걀흰자,딸기레진,코코아가루
할로윈 생강 쌀 롤케이크,https://www.10000recipe.com/recipe/4642033
박력쌀가루,생강,설탕,물엿,달걀,버터,우유,베이킹파우더,소금,바닐라오일,무화잼,버터,식용유,슈가파우더,밀가루박력분,달걀 흰자,식용색소검정
쌀롤 케이크 만들기,https://www.10000recipe.com/recipe/4429125
박력쌀가루,코코아가루,설탕,물엿,달걀,버터,우유,베이킹파우더,소금,바닐라오일,블루베리잼,버터,기름,슈가파우더,박력분,달걀흰자,망고레진
하트 들깨 쌀롤케이크,https://www.10000recipe.com/recipe/4416436
박력쌀가루,들깨,설탕,물엿,달걀,버터,우유,베이킹파우더,소금,바닐라오일,버터,기름,박력분,슈가파우더,달걀흰자,딸기레진
해골 쌀 롤케이크,https://www.10000recipe.com/recipe/4391214
박력쌀가루,검은깨,설탕,물엿,달걀,버터,우유,베이킹파우더,소금,바닐라오일,버터,기름,슈가파우더,박력분,달걀흰자,딸기레진,식용색소검정
검은깨 롤케이크,https://www.10000recipe.com/recipe/4322453
버터,기름,슈가파우더,박력분,달걀흰자,망고레진,메론레진,식용색소검정,박력쌀가루,검은깨,설탕,물엿,달걀,버터,우유,베이킹파우더,소금,바닐라오일
백련초 고구마 현미쌀 롤케이크,https://www.10000recipe.com/recipe/4309973
현미쌀가루,백련초가루,설탕 a,물엿,설탕 b,소금,달걀,식용유,베이킹파우더,바닐라향,물,고구마,우유,꿀,블루베리 잼
블루베리 젤리롤케이크,https://www.10000recipe.com/recipe/4289726
박력분,설탕,달걀,물엿,베이킹파우더,소금,우유,바닐라향
울금 소프트 롤 케이크,https://www.10000recipe.com/recipe/4277429
중력분,울금가루,설탕 a,설탕 b,물엿,소금,울금즙,바닐라향,계란 5개~,베이킹파우더,식용유,오디잼
소프트 오디롤케이크,https://www.10000recipe.com/recipe/4275436
박력분,설탕a,설탕b,물엿,소금,물,바닐라향,계란,베이킹파우더,식용유,오디잼
골드키위 그린롤 쌀케이크,https://www.10000recipe.com/recipe/4270683
박력쌀가루,말차가루,달걀,황설탕,골드키위,생크림,설탕
청포도롤 쌀케이크,https://www.10000recipe.com/recipe/4268313
박력쌀가루,설탕,달걀,물엿,버터,생크림,설탕,청포도
더블 초콜릿 롤리팝(더블 초콜릿 미니 케이크),https://www.10000recipe.com/recipe/4146649
다크초콜릿,버터,설탕,박력쌀가루,달걀,우유,베이킹파우더,다크초콜릿,버터,크런치
티라미수 롤케이크,https://www.10000recipe.com/recipe/4088980
계란,노른자,설탕,물엿,박력분,코코아,버터,우유,크림치즈,커스터드크림,생크림,설탕,물,깔루아
무늬를 새긴 초코 롤케이크,https://www.10000recipe.com/recipe/4045085
박력분,코코아가루,설탕,달걀,버터,우유,꿀 ,소금,박력분,휘핑한 달걀,다크커버춰,생크림,가나슈,생크림
벌꿀 롤케이크,https://www.10000recipe.com/recipe/3923495
우리밀 중력분,설탕,달걀흰자,달걀노른자,벌꿀,우유,포도씨유,생크림,다크럼 1ts 벌꿀
생크림롤케이크 ,https://www.10000recipe.com/recipe/3764011
달걀노른자,설탕,달걀흰자,설탕,박력분,꿀,생크림,슈가파우더
시나몬 애플 롤케이크,https://www.10000recipe.com/recipe/3595943
달걀,박력쌀가루,슈가파우더또는설탕,바닐라오일,포도씨유,생크림,사과,흑설탕,시나몬가루,귤잼,우박설탕
초콜릿롤케이크,https://www.10000recipe.com/recipe/3373297
달걀노른자,달걀흰자,설탕,바닐라설탕,박력분,코코아파우더,우유,버터,생크림,다크초콜릿,슈가파우더,물,설탕
팥앙금 녹차 롤케이크,https://www.10000recipe.com/recipe/3145420
박력분,달걀,녹차가루,설탕,박력분,코코아가루,휘핑한 달걀 노른자,머랭,팥앙금,생크림,설탕
캐러멜 롤케이크,https://www.10000recipe.com/recipe/2776813
박력분,달걀,설탕,설탕,물,생크림,캐러멜크림,생크림,설탕
바나나롤케이크,https://www.10000recipe.com/recipe/2693608
달걀노른자,+설탕,달걀흰자,+설탕,박력분,전분,바닐라향가루,생크림,+설탕,슈가파우더,바나나
치즈초콜릿롤케이크,https://www.10000recipe.com/recipe/2621885
박력분,전분,무가당코코아가루,달걀,버터,우유,물엿,설탕,크림치즈,생크림,설탕,바닐라오일
모카 크림치즈 롤케이크,https://www.10000recipe.com/recipe/2559883
박력분,설탕,왕란,뜨거운 물,인스턴트 커피,물,설탕,인스턴트 커피,치즈,크림치즈,생크림,설탕
생크림 모카 롤케이크,https://www.10000recipe.com/recipe/2443097
박력분,설탕A,설탕B,물엿,BP,달걀,우유,인스턴트커피,식물성오일,아몬드 슬라이스,생크림,설탕,럼
초코바나나롤케이크,https://www.10000recipe.com/recipe/2415182
박력분,달걀,설탕,코코아파우더,버터,바나나, ,다크초콜렛,생크림
산딸기 롤케이크,https://www.10000recipe.com/recipe/2405700
박력분,달걀,베이킹 파우더,뜨거운 물,설탕,생크림,딸기쨈,산딸기,설탕,설탕,물
크림치즈미니롤케이크,https://www.10000recipe.com/recipe/2362084
계란흰자,설탕,계란노른자,박력분,옥수수전분,물,설탕,오렌지술,크림치즈,설탕,꿀,플레인요거트,생크림,쿠키팬,원형 비스퀴
완두요쿠르트롤케이크,https://www.10000recipe.com/recipe/2355797
박력쌀가루,달걀,포도씨유,설탕,복분자잼,플레인요플레,생크림
키위 롤케이크 - 키위와 생크림의 어우러짐이 너무 맛나욤 ㅎㅎㅎ,https://www.10000recipe.com/recipe/2310418
달걀 노른자,흰자,설탕,박력분,카놀라유,생크림,설탕,키위
생크림 가득 쇼콜라 롤케이크,https://www.10000recipe.com/recipe/1961112
포도시유,코코아가루,달걀흰자,설탕,노른자,생크림,설탕,슈가파우더
딸기초코 롤케이크,https://www.10000recipe.com/recipe/1959502
박력분,통통한 딸기,딸기,다크,화이트 초콜릿,달걀,노른자,설탕,물엿,발로나코코아가루,옥수수전분,버터,생크림,물,설탕,생크림,설탕,생크림,설탕
"쌀베이킹, 쌀가루로 만든 고구마 쌀롤케이크 ",https://www.10000recipe.com/recipe/1956938
쌀가루,식용유,달걀,바닐라에센스,고구마 큰거,버터,설탕,메이플시럽,단호박가루,물엿
 고소하고 달콤한 검은깨 바닐라 롤케이크,https://www.10000recipe.com/recipe/1913026
박력분,바닐라향가루,달걀,포도씨유,우유,바닐라엣센스,검은깨,슈가파우더,생크림,설탕,소금,물엿
달콤하고 부드러운 아몬드 초코롤케이크,https://www.10000recipe.com/recipe/1876065
박력분,달걀노른자,설탕,코코아가루,전분,아몬드분태,바닐라 오일,생크림,통아몬드 장식용,슈가파우더,달걀흰자,설탕
후르츠 롤케이크 ,https://www.10000recipe.com/recipe/1859845
달걀 노른자,설탕,달걀 흰자,설탕,박력,전분,버미셀리,생크림,설탕,럼,후르츠칵테일,키위,딸기
고구마 롤 케이크,https://www.10000recipe.com/recipe/1815631
고구마,생크림,흰자,노른자,박력분,전분,설탕,조린밤,적고구마 파우더
키위 비스퀴 롤케이크,https://www.10000recipe.com/recipe/1780403
달걀흰자,+설탕,노른자,+설탕,박력분,키위,슈가파우더,바닐라액,생크림,설탕
딸기 비스퀴 롤케이크,https://www.10000recipe.com/recipe/1746395
계란 노른자,설탕,박력분,바닐라에센스,생크림,설탕,후르츠믹스,슈가파우더,딸기, ,달걀 흰자,설탕
마롱 몽블랑 롤케이크,https://www.10000recipe.com/recipe/1679022
박력분,계란전란,계란노른자,설탕,우유,꿀,버터,마롱크림,생크림,설탕,럼주,설탕,밤조림,맛밤
롤케이크와 파운드 케이크의 만남,https://www.10000recipe.com/recipe/1630397
박력분,계란,설탕,우유,꿀,버터,녹차가루,버터,설탕,박력분,계란,베이킹파우더,소금,건과일,오렌지술,레몬액기스,꿀,설탕,접착용꿀or살구쨈,슈가파우더,아몬드슬라이스
녹차 팥롤케이크,https://www.10000recipe.com/recipe/1627877
계란,설탕,버터,우유,밀가루박력분,녹차가루,생크림,설탕,팥앙금,팥배기
슈크림이 들어있는 녹차롤케이크,https://www.10000recipe.com/recipe/1585892
박력분,계란,설탕,우유,꿀,버터,녹차가루,생크림,설탕,물,버터,소금,설탕,박력분,계란,우유,바닐라에센스,계란노른자,설탕,옥수수전분
벚꽃 롤케이크,https://www.10000recipe.com/recipe/1580379
박력분,계란,설탕,우유,벌꿀,버터,딸기시럽,딸기파우더,생크림,설탕,딸기시럽
