프렌치토스트,추천순,195
폭신폭신 살살 녹는 일본식 프렌치토스트 만들어서 먹어봤어요,https://www.10000recipe.com/recipe/6893407
식빵,계란,우유,설탕,버터,소금
간단간식 햄치즈 프렌치토스트 만들기,https://www.10000recipe.com/recipe/6883245
식빵,계란,햄,슬라이스치즈,마요네즈
촉촉하고 부드러운 오상진의 프렌치토스트,https://www.10000recipe.com/recipe/6879201
식빵,달걀,우유,소금,설탕
초간단 간식 연유프렌치토스트 만들기 부드럽고 달달한 매력!,https://www.10000recipe.com/recipe/6905409
식빵,계란,연유,버터,소금,곁들일 과일 ,슈가파우더
구황작물 소프트스윗 고구마 프렌치토스트♡,https://www.10000recipe.com/recipe/6921496
고구마,식빵,달걀,치즈,우유,버터
달걀이 주르륵 흐르는 감자치즈프렌치토스트,https://www.10000recipe.com/recipe/4171772
달걀,식빵,감자큰것,슬라이스치즈,우유,소금,설탕,후추
후레이크 시리얼 프렌치 토스트 ,https://www.10000recipe.com/recipe/6841287
식빵,달걀,우유,설탕,콘후레이크
계란품은 프렌치 토스트,https://www.10000recipe.com/recipe/6830237
식빵,계란,치즈,딸기잼,식용유
남은 식빵 처리는 역시 프렌치토스트,https://www.10000recipe.com/recipe/6904190
식빵,계란,우유,설탕
컵 하나로 뚝딱! 머그컵 프렌치토스트♥,https://www.10000recipe.com/recipe/6863470
식빵,달걀,우유,소금,설탕,버터,꿀 or 메이플 시럽
진한 커피 프렌치토스트,https://www.10000recipe.com/recipe/3897231
식빵,달걀,우유,설탕,시나몬 가루,소금,커피 믹스
바나나 버터구이 프렌치토스트,https://www.10000recipe.com/recipe/6878380
국내산 바나나,식빵,달걀,우유,설탕,버터
딸기롤 프렌치토스트,https://www.10000recipe.com/recipe/6843491
식빵,딸기,크림치즈,누텔라,버터,슈가파우더or설탕+계피가루,달걀,우유,설탕,계피가루,소금
프렌치 토스트와 소시지 브런치,https://www.10000recipe.com/recipe/6844659
소시지,계란,식빵,쌈채소,견과류,설탕,우유,발사믹 식초,올리고당
든든한 브런치 [햄치즈 프렌치토스트],https://www.10000recipe.com/recipe/6871273
식빵,달걀,우유,슬라이스햄,슬라이스치즈,딸기잼,오일
막대사탕 토스트 - 돌돌 말아 더욱 귀여운 롤 프렌치토스트,https://www.10000recipe.com/recipe/6857715
식빵,토스트햄,체다치즈,계란,부추,소금,잼
치즈 프렌치토스트 / 간식 만들기,https://www.10000recipe.com/recipe/6903239
식빵,슬라이스치즈,달걀,크림치즈,설탕,소금,생치즈,잼,시럽
햄 치즈 롤 프렌치 토스트~*,https://www.10000recipe.com/recipe/6866369
식빵,크림치즈,햄,달걀,버터
프렌치 토스트,https://www.10000recipe.com/recipe/4317540
식빵,달걀,우유,빵가루,허브가루,설탕
연유를 넣고 만든 프렌치 토스트! 부드러움의 끝판왕,https://www.10000recipe.com/recipe/6865833
연유,계란,버터,우유식빵,소금,설탕,바나나,딸기
초코 롤프렌치 토스트,https://www.10000recipe.com/recipe/6829231
식빵,산딸기,체리,누텔라,달걀,우유,소금,설탕
원팬 초간단 브런치 단짠단짠 치즈 프렌치토스트,https://www.10000recipe.com/recipe/6930651
식빵,계란,슬라이스치즈,양배추,우유,설탕,소금,버터
햄치즈 프렌치토스트 만들기 ,https://www.10000recipe.com/recipe/6910356
식빵,햄,치즈,달걀,우유,소금,쨈,버터
"프렌치토스트 만드는법, 아이간식, 간단한토스트",https://www.10000recipe.com/recipe/6882323
식빵,달걀,버터,소금,설탕
고구마 치즈 프랜치토스트,https://www.10000recipe.com/recipe/6841735
찐고구마,피클,크래미,달걀,우유,브로콜리,식빵,체다치즈
푸딩같이 부들부들한 '프렌치 토스트',https://www.10000recipe.com/recipe/6926364
달걀,설탕,소금,우유,버터,블루베리잼,메이플시럽,슈가파우더
[무화과 레시피] 꿀이 흐르는 프렌치 토스트,https://www.10000recipe.com/recipe/6919073
식빵,계란,우유,꿀,계피가루,무화과,생크림,설탕
간단한데 정말 맛있는 연유 프렌치 토스트,https://www.10000recipe.com/recipe/6934653
식빵,연유,버터,소금,계란
간단요리 계란 프렌치토스트 자취요리 레시피,https://www.10000recipe.com/recipe/6919849
식빵,계란,설탕,버터
초간단 롤 치즈 프렌치 토스트~*,https://www.10000recipe.com/recipe/6862044
식빵,체다치즈,계란,버터
[정식품 진한 콩국물 검은콩 공모전] 콩국물 프렌치토스트,https://www.10000recipe.com/recipe/6940340
정식품 진한 콩국물 검은콩,식빵,계란,설탕,버터
바게트 프렌치 토스트,https://www.10000recipe.com/recipe/6829903
바게트빵,계란,우유,소금,파슬리가루,슈가파우더,버터
프렌치토스트 부드럽게 만들기,https://www.10000recipe.com/recipe/6829351
식빵,우유,계란,버터,아가베시럽 or
"프렌치토스트 만들기, 기본레시피 : )",https://www.10000recipe.com/recipe/6906488
식빵,계란,우유,설탕,소금,버터,슈가파우더,생과일,꿀
브런치 메뉴 원탑! 촉촉하고 달콤한 프렌치토스트,https://www.10000recipe.com/recipe/6945045
식빵,달걀,우유,소금,버터,연유,슈가파우더
"프렌치토스트 만들기, 달콤하고 부드럽게 먹는 아침식사",https://www.10000recipe.com/recipe/6880311
식빵,바나나,우유,치즈,달걀,버터,설탕,계피가루
롤프렌치토스트 간단하고 맛있는 간식만들기,https://www.10000recipe.com/recipe/6841704
식빵,수제소세지,계란,케찹,맛소금,식용유
미니 미니 프렌치 토스트 ~*,https://www.10000recipe.com/recipe/6857602
식빵,치즈,슬라이스햄,계란,버터
5분 완성 프렌치토스트 : 촉촉하고 달콤한 추억의 맛,https://www.10000recipe.com/recipe/6920924
식빵,달걀,우유,설탕,소금,식용유
프렌치토스트 간식 만들기,https://www.10000recipe.com/recipe/6904725
식빵,달걀,체더치즈,베이컨,우유,버터,식용유
프렌치토스트는 최고의 브런치,https://www.10000recipe.com/recipe/6844786
계란,식빵,설탕,무염버터,소금
데리야끼프렌치토스트,https://www.10000recipe.com/recipe/6860294
토스트,달걀,우유,데리야끼소스,파마산치즈가루,꿀,카레가루,버터
프렌치 토스트 레시피,https://www.10000recipe.com/recipe/6905837
식빵,버터,계란,우유,설탕
#식빵간식 #식빵야식 #프렌치토스트만들기 #간단하게 달걀옷을 입히고 구워 준 후 설탕 팍팍!!! 옛날식 토스트!!,https://www.10000recipe.com/recipe/6920171
식빵,달걀,소금,설탕
초간단 프렌치토스트 ,https://www.10000recipe.com/recipe/6830323
식빵,우유,계란,버터,아가베시럽,연유,슈가파우더,잼
간단한 아침메뉴 프렌치토스트,https://www.10000recipe.com/recipe/6909185
식빵,체다 슬라이스치즈,식용유,달걀,우유,소금,연유
프렌치토스트,https://www.10000recipe.com/recipe/6879810
식빵,계란,우유,버터
"계피설탕 솔솔~
프렌치토스트",https://www.10000recipe.com/recipe/6895455
식빵,흰우유,설탕,계피가루,달걀,카놀라유 약
아주바삭한 프렌치토스트,https://www.10000recipe.com/recipe/6903469
달걀,식빵,소금,슈가파우더,딸기잼
아침을 부탁해♥햄치즈프렌치토스트,https://www.10000recipe.com/recipe/6885511
식빵,슬라이스치즈,프랑크소시지,버터,달걀,케첩,설탕
[고상한 꼴통의 간단한 간식 만들기]프렌치토스트 만들기,https://www.10000recipe.com/recipe/6831875
식빵,달걀,버터,설탕
프렌치 토스트,https://www.10000recipe.com/recipe/6836504
계란,마요네즈,설탕,휘핑크림,자르지 않은,슈가,팬케익
브로콜리 프렌치토스트,https://www.10000recipe.com/recipe/6843288
식빵,달걀,브로콜리,우유,버터,설탕
"15분만에 뚝딱 계란, 치즈프렌치토스트",https://www.10000recipe.com/recipe/2775557
슬라이스치즈,식빵,달걀,슬라이스햄,우유,소금,식초
햄프렌치 토스트,https://www.10000recipe.com/recipe/6830693
식빵,계란,우유,햄,소금,후추,설탕
프렌치 토스트 업그레이드 버전! 매력있는 계란막대토스트,https://www.10000recipe.com/recipe/6852312
식빵,슬라이스치즈,달걀,베이컨,딸기잼,파슬리가루
커피향 은은한 프렌치토스트로 멋진 브런치 즐기기!,https://www.10000recipe.com/recipe/6830420
식빵,달걀,커피음료,버터,설탕,소금
프렌치토스트 만드는법 간단한 간식 식빵요리 만들어요.,https://www.10000recipe.com/recipe/6895023
식빵,달걀,버터,파슬리가루,설탕
간단한 브런치~프렌치 토스트!!,https://www.10000recipe.com/recipe/6538236
우유,달걀,식빵,과일,데친브로콜리,버터,슈거파우더,파슬리가루
 프렌치토스트 식빵요리,https://www.10000recipe.com/recipe/6897435
식빵,달걀,파,당근,소금,연유,식용유,과일
프렌치토스트 만들기,https://www.10000recipe.com/recipe/6912207
프렌치토스트,달걀,우유,시나몬 파우더,비정제 설탕,소금
프렌치토스트&스크램블에그,https://www.10000recipe.com/recipe/6878783
식빵,달걀,설탕,소금,생크림,식용유
세상에서 제일 맛있는 토스트♥홍콩식 프렌치토스트,https://www.10000recipe.com/recipe/6889080
식빵,달걀,소금,버터,연유
TV요리) 삼시세끼에 브런치까지~! 프렌치토스트 ★,https://www.10000recipe.com/recipe/6919380
식빵,달걀,소금,마가린,딸기잼,설탕
백종원프렌치토스트로 간단 아침식사,https://www.10000recipe.com/recipe/6911793
식빵,달걀,우유,버터,계피가루
초간단 프렌치 토스트,https://www.10000recipe.com/recipe/6830198
식빵,계란,딸기잼,땅콩잼,식용유
백선생표 프렌치토스트,https://www.10000recipe.com/recipe/6847783
식빵,달걀,우유,버터,소금
프렌치토스트 만들기 # 간단한 브런치,https://www.10000recipe.com/recipe/6843250
식빵,달걀,소금,버터,설탕,그 외
달걀 프렌치 토스트,https://www.10000recipe.com/recipe/6856848
버터,식빵,달걀,사과,흑설탕,계핏가루
프렌치토스트 수분 날아간 빵 브런치로 재탄생 바게트프렌치토스트만들기,https://www.10000recipe.com/recipe/6880186
바게트,버터,슈거파우더,계란,우유,꿀,소금,과일
달콤한 아이스 바나나와 함께 시나몬 프렌치토스트. ,https://www.10000recipe.com/recipe/2009930
식빵,달걀,우유,얼린 바나나,흑설탕,시나몬가루
프렌치토스트,https://www.10000recipe.com/recipe/6908331
식빵,우유,달걀,설탕,소금,시나몬,버터
계란 프렌치 토스트,https://www.10000recipe.com/recipe/6694909
식빵,계란,우유,설탕
맛있을 수 밖에 없는 꿀조합!바나나프렌치토스트★,https://www.10000recipe.com/recipe/6865049
바나나,식빵,우유,달걀,설탕,버터,슈가파우더,꿀
겉은 바삭하고 속은 촉촉한 초간단 프렌치 토스트,https://www.10000recipe.com/recipe/6910894
식빵,우유,계란,소금,설탕,버터
"프렌치토스트만들기, 설탕으로 달콤하게즐기기",https://www.10000recipe.com/recipe/6847846
토스트빵,계란,소금
간단 브런치/대추 프렌치 토스트,https://www.10000recipe.com/recipe/6841593
단호박 검은깨식빵,대추,청양고추,우유,계란,황설탕,부침유,슈가파우더
든든한 감자 프렌치 토스트,https://www.10000recipe.com/recipe/711076
감자,식빵,적양파,빨간 파프라카,노란 파프리카,오이피클,기름,마요네즈,허니머스타드,우유,달걀,설탕,소금,후추
프렌치토스트,https://www.10000recipe.com/recipe/2843204
식빵,계란,어린잎채소,과일,베이컨,단호박,우유,소금,설탕
간단한 식빵요리 프렌치 토스트 만들기,https://www.10000recipe.com/recipe/3272349
식빵,계란,소금,설탕
초초초간단 프랜치토스트,https://www.10000recipe.com/recipe/6668626
식빵,계란,설탕
프렌치토스트 만드는 법 간단한 아침식사로 good!,https://www.10000recipe.com/recipe/6866392
식빵,달걀,계핏가루,코코넛오일 또는 버터,슈가파우더,소금,설탕,우유
달달한 맛이 예술 -☆ 프렌치토스트 !,https://www.10000recipe.com/recipe/6874032
식빵,달걀,소금,우유,버터,설탕,슈가파우더
프렌치토스트 만드는 법 ,https://www.10000recipe.com/recipe/6866297
식빵,계란,버터,우유,소금,설탕
간단하지만 고급져보이는 비주얼&맛! 프렌치 토스트!!,https://www.10000recipe.com/recipe/6908623
식빵,달걀,우유,소금,설탕,버터,슈가파우더
백종원 프렌치토스트 만들기 ,https://www.10000recipe.com/recipe/6707256
달걀,올리브유,버터,연유
바나나 프렌치 토스트 만들기,https://www.10000recipe.com/recipe/6863038
브리오슈슬라이스,바나나,계란,우유,버터,베이컨,좋아하는,소금,시럽,슈거파우더
프렌치 토스트(계란식빵) ,https://www.10000recipe.com/recipe/6833743
식빵,계란,우유 또는 생크림,시나몬파우더,소금,딸기쨈 등 원하는쨈,버터
간단하고 맛있는 몽실몽실 프렌치토스트(with 스트램블에그),https://www.10000recipe.com/recipe/380934
식빵,계란,우유,소금,메이플시럽,계란,우유,소금,설탕,후추,페퍼론치노
롤프렌치토스트~토마토잼과 코코넛설탕이 신의한수?,https://www.10000recipe.com/recipe/6956566
식빵,토마토 잼,계란,파슬리가루,코코넛설탕,해바라기유
시리얼 프렌치토스트 아침식사로 굿♡,https://www.10000recipe.com/recipe/6956518
식빵,계란,우유,설탕,시리얼
프렌치토스트 만들기 ,https://www.10000recipe.com/recipe/6955644
식빵,계란,딸기,브로콜리,시나몬가루,우유,설탕,슈거파우더,파슬리가루,버터
프렌치토스트 친구 모닝빵에 우유품은 계란물 ,https://www.10000recipe.com/recipe/6955559
모닝빵,계란,우유,버터,소금,설탕
프렌치토스트,https://www.10000recipe.com/recipe/6954953
식빵,딸기잼,계란,식용유
"프렌치토스트 ,방학한 아이들간식으로 간단하게 만들어요.",https://www.10000recipe.com/recipe/6954818
식빵,계란,연유,우유,소금,후추,버터
"프렌치토스트, 모닝빵으로 만들어 폭신합니다.",https://www.10000recipe.com/recipe/6954632
모닝빵,계란,우유,소금,쪽파,당근,버터,설탕,허브솔트,핫소스
[프렌치토스트 만드는 법] 간식 주말 브런치로 좋은 프렌치토스트,https://www.10000recipe.com/recipe/6953158
식빵,계란,설탕,마가린
바게트프렌치토스트,https://www.10000recipe.com/recipe/6951848
바게트빵,계란,우유,바닐라에센스,딸기,블루베리,샤인머스캣,메이플시럽,슈가파우더,버터
"달콤한 프렌치토스트, 딸기잼 연유토스트 만들기",https://www.10000recipe.com/recipe/6951176
식빵,딸기잼,버터,우유,계란,소금,연유
촉촉함이 살아있는 계란 프렌치토스트,https://www.10000recipe.com/recipe/6950433
식빵,계란,슬라이스치즈,딸기잼,식용유
감귤프렌치토스트,https://www.10000recipe.com/recipe/6949085
통식빵,달걀,우유,바닐라에센스,버터,감귤,감귤청,슈가파우더,로즈마리
"홈브런치, 스폰지처럼 부드러운 프렌치토스트 만들기 (feat. 스크램블 에그)",https://www.10000recipe.com/recipe/6948665
두께5cm 식빵,계란,우유,설탕,맛소금,버터,슈가파우더,파슬리가루,그라파다노치즈가루,계란,맛소금,버터,생크림,메이플시럽
프렌치토스트 :: 초간단 홈카페 메뉴,https://www.10000recipe.com/recipe/6948587
식빵,계란,우유,설탕,소금
햄치즈프렌치토스트,https://www.10000recipe.com/recipe/6948427
식빵,샌드위치용햄,치즈,계란
촉촉한 프렌치 토스트 만들기,https://www.10000recipe.com/recipe/6948117
식빵,우유,설탕,계란,버터,소금
바나나프렌치토스트,https://www.10000recipe.com/recipe/6947791
통식빵,달걀,우유,바닐라에센스,버터,메이플시럽,슈가파우더,바나나,샤인머스켓
프렌치 토스트 만들기(냉동실에 오래된 식빵 부드럽게 먹는방법),https://www.10000recipe.com/recipe/6946984
식빵,계란,우유 계란양,마가린 or버터,설탕,소금
부드럽고 촉촉한 베이컨 더블에그 프렌치 토스트 만들기 :),https://www.10000recipe.com/recipe/6946813
식빵,베이컨,카놀라유,계란,맛소금,설탕,버터,계란,우유,설탕,맛소금,사과쨈,마요네즈,레몬즙,설탕,바질가루,메이플시럽,파슬리가루
호두 바나나 프렌치토스트 ,https://www.10000recipe.com/recipe/6946791
호두,건크랜베리,바나나,달걀,식빵,딸기쨈,슬라이스 치즈,버터
블루베리 프렌치토스트 ,https://www.10000recipe.com/recipe/6946309
블루베리,달걀,빵,버터,올리브유,어린잎채소,오이,피넛버터,슬라이스치즈,허니머스타드,설탕,소금
주말아침 간단하게 달달구리 연유프렌치토스트 찰떡:),https://www.10000recipe.com/recipe/6946257
네모난 식빵,계란,연유,버터
홈브런치 맛집 치즈 프렌치토스트 ,https://www.10000recipe.com/recipe/6945965
식빵,체다치즈,슬라이스햄,계란
달콤 촉촉 프렌치토스트 만들기~!,https://www.10000recipe.com/recipe/6944849
식빵,계란,우유,설탕,후추
아이 간식 아침 메뉴 백종원 프렌치 토스트 만들기 황금레시피,https://www.10000recipe.com/recipe/6944459
계란,식빵,우유,설탕,소금,계피가루,버터
프렌치 치즈 토스트 ,https://www.10000recipe.com/recipe/6944157
식빵,달걀,딸기쨈,피넛버터,모짜렐라치즈,슬라이스치즈
"브런치로 최고, 애플 프렌치 토스트",https://www.10000recipe.com/recipe/6944070
식빵,사과,계란,슈가 파우더,버터,설탕,물,소금,시나몬 가루 호불호에 따라
백종원 프렌치토스트,https://www.10000recipe.com/recipe/6943773
식빵 4센치 두께,계란,우유,메이플시럽 또는 설탕,버터
프렌치토스트 만들기 예뻐서 더 맛있는 무화과 프렌치토스트,https://www.10000recipe.com/recipe/6943759
식빵 두툼하게,달걀,꿀,소금,버터,데코용 슈거파우더
생크림에 연유까지 부드럽고 촉촉한 프렌치토스트,https://www.10000recipe.com/recipe/6943376
식빵,생크림,계란,연유,소금,버터
프렌치 토스트 머핀-간식은 물론 브런치나 블랙퍼스트로도 좋은 ,https://www.10000recipe.com/recipe/6943285
식빵,과일,계란,설탕,소금,우유,바닐라 익스트렉,후추 ​
코로나극복 시리얼 프렌치토스트 바삭바삭 촉촉 맛있는 브런치메뉴,https://www.10000recipe.com/recipe/6943032
​식빵,​계란,시리얼,소금
프렌치토스트 만들기 냉동식빵에서 브런치로 변신해요 :) ,https://www.10000recipe.com/recipe/6942394
식빵,달걀,슬라이스 햄,슬라이스 체다치즈,버터,우유,생크림,샤인머스켓,설탕,소금,슈가파우더,계피가루,미니체망,모양깍지,짤주머니
"5분만에 만드는 간식, 청양고추 프렌치토스트",https://www.10000recipe.com/recipe/6941890
청양고추,홍고추,식빵,계란,설탕
"프렌치 토스트 만들기, 부드럽고 달콤한 간단 브런치메뉴",https://www.10000recipe.com/recipe/6941472
토스트식빵,계란,우유,설탕,소금,버터,슈가파우더,파슬리가루
프렌치토스트 만들기 : 홍콩식 프렌치토스트 초간단 브런치만들기!,https://www.10000recipe.com/recipe/6939841
식빵,계란,버터,소금,식용유
"초보도 가능한 브런치, 프렌치토스트",https://www.10000recipe.com/recipe/6939239
식빵,달걀,우유,감귤소금,자일로스설탕,식용유
명란토스트 #명란 파스타 # 프렌치토스트 ,https://www.10000recipe.com/recipe/6937982
식빵,달걀,스파게티 면,명란 알,토마토,모짜렐라 치즈,슬라이스 치즈,딸기 쨈,마늘 플레이크,올리브유
"휴일 브런치로 달콤 부드러운 잼샌드 프렌치토스트, 프렌치토스트 만들기",https://www.10000recipe.com/recipe/6937687
식빵,잼,계란,우유,버터
[5분간식] 노릇노릇 프렌치토스트 : 촉촉하고 달콤해요~,https://www.10000recipe.com/recipe/6936236
식빵,우유,달걀,설탕,버터
#대파요리 #프렌치토스트만들기 #대파프렌치토스트만들기 #어린이날간식,https://www.10000recipe.com/recipe/6935941
식빵,소금,달걀,썬 대파,설탕
바쁜아침 간단하게 원팬토스트(식빵 프렌치토스트),https://www.10000recipe.com/recipe/6933932
식빵,체다치즈,햄,설탕,계란
롤프렌치 토스트~*,https://www.10000recipe.com/recipe/6933163
식빵,자두잼,버터,달걀
< 브런치 > 프렌치토스트/ 블루베리잼,https://www.10000recipe.com/recipe/6932339
식빵,달걀,설탕,우유,크림치즈,블루베리,원당,버터
간단한 점심! 간단한 자취요리 '프렌치토스트와 계란케찹토스트'만들기!,https://www.10000recipe.com/recipe/6931865
식빵,계란,소금,설탕,슈가파우더,토마토케찹,식용유,버터
치즈 프렌치 토스트~*,https://www.10000recipe.com/recipe/6931495
우유식빵,체다치즈,계란,버터,우유,갈색설탕
마성의 식빵요리_콘치즈 프렌치토스트 만들기,https://www.10000recipe.com/recipe/6931039
식빵,달걀,우유,설탕,옥수수콘,치즈,마요네즈,설탕
5분ok!프렌치토스트 만들기,https://www.10000recipe.com/recipe/6930839
식빵,우유,달걀,설탕
바게트 프렌치 토스트 (French toast),https://www.10000recipe.com/recipe/6930500
바게트빵,달걀,우유,크림,버터,로스트잼
프렌치토스트,https://www.10000recipe.com/recipe/6930384
식빵,달걀,우유,버터,연유
프렌치토스트 꿀을 넣어 허니프렌치토스트로 촉촉하고 달콤하게 즐겨요,https://www.10000recipe.com/recipe/6930361
식빵,계란,우유,버터,꿀
프렌치 토스트 만들기,https://www.10000recipe.com/recipe/6928701
달걀 1인분 기준),식빵 1인분 기준) 2개~,우유 종이컵으로
[브런치]부드럽고 달콤하게!<프렌치토스트>,https://www.10000recipe.com/recipe/6927562
토스트식빵,계란,우유,버터,설탕,소금,파슬리,슈가파우더,메이플시럽
"뜨끈한 토스트~ 햄치즈프렌치토스트, 프렌치토스트",https://www.10000recipe.com/recipe/6927478
계란,우유,식빵,샌드위치 슬라이스햄,체다 슬라이스치즈,딸기잼,버터 또는 식용유,설탕
프렌치토스트 만드는 법 - 간단 겨울간식 만들기,https://www.10000recipe.com/recipe/6926789
식빵,우유,달걀,소금,버터,설탕
"간단한 휴일브런치 바게트 치즈프렌치토스트, 바게트 프렌치토스트",https://www.10000recipe.com/recipe/6925439
바게트,계란,허브솔트,설탕,버터,피자치즈
프렌치토스트 만드는법 딸기잼 넣은 달콤 겨울간식 홈브런치,https://www.10000recipe.com/recipe/6925202
계란,우유,설탕,소금,잼,버터
"겨울간식, 백종원 사과조림을 활용한 프렌치토스트&사과피자",https://www.10000recipe.com/recipe/6924769
사과,설탕,물,레몬즙,계피가루,식빵,계란,우유,소금,사과조림,버터,또띠아,사과조림,피자치즈,파슬리가루
"크리스마스에 어울리는 
고기와 야채 프렌치토스트 만드는법 ",https://www.10000recipe.com/recipe/6924763
식빵,적양파,적 피망,노랑피망,대파,모짜렐라 치즈,딸기,귤,달걀
카라멜프렌치토스트:제대로 단짠단짠(크리스마스요리),https://www.10000recipe.com/recipe/6924634
식빵,우유,달걀,소금,설탕,슈가파우더,하루견과,후추
꽃으로 꾸민 사과 프렌치토스트! 크리스마스 브런치로 딱,https://www.10000recipe.com/recipe/6924532
노른자,계란,설탕,소금,생크림,우유,크림치즈,슈가파우더,식빵,사과,버터,설탕,레몬주스,계피가루
커스터드 크림으로 만드는 마약 프렌치 토스트 만들기,https://www.10000recipe.com/recipe/6924415
우유,바닐라익스트랙,계란노른자,설탕,옥수수 전분,토스트 식빵,버터,메이플 시럽,계란
♥[신혼밥상] 촉촉 달콤 프렌치토스트,https://www.10000recipe.com/recipe/6924313
식빵,달걀,소금,설탕,파슬리가루,버터,슈가파우더
프렌치 양파 딸기잼 토스트 만들기,https://www.10000recipe.com/recipe/6923860
식빵,양파,버터,우유,딸기잼,계란,파슬리,소금,설탕
기본적인 프렌치토스트 우유와 함께~,https://www.10000recipe.com/recipe/6923837
식빵,우유,계란,소금,설탕,기름
#카야샌드위치 #카야샌드위치요리 #카야샌드위치프렌치토스트만들기 #카야샌드위치로 만드는 달달한 프렌치토스트!!,https://www.10000recipe.com/recipe/6923338
카야샌드위치,달걀,소금,설탕
남은식빵으로 부드러운 프렌치토스트만들기,https://www.10000recipe.com/recipe/6922452
식빵 작은것,계란,우유,설탕,해바라기유,파슬리가루
시리얼프렌치토스트만들기,https://www.10000recipe.com/recipe/6922024
식빵,계란,시리얼,우유 작은컵에
촉촉함에 맛까지 더한 햄치즈프렌치토스트,https://www.10000recipe.com/recipe/6921650
식빵,슬라이스햄,치즈,계란,우유,소금,슈가파우더
초간단 브런치! 프렌치토스트 만들기,https://www.10000recipe.com/recipe/6919376
식빵,계피가루,계란,우유,버터,소금,생크림,메이플시럽,슈가파우더,파슬리
밥솥으로 만든 치즈 프렌치 토스트,https://www.10000recipe.com/recipe/6918848
식빵,달걀,소금,슬라이스치즈,설탕,버터,우유
짭쪼르름한 베이컨 옷입은 달달 프렌치토스트 ★ 베이컨프렌치토스트 ★,https://www.10000recipe.com/recipe/6918460
식빵,달걀,우유,설탕,베이컨,파슬리가루
한입 베어물면 꿀이 쭈우욱 ★ 꿀호떡프렌치토스트 ★,https://www.10000recipe.com/recipe/6918150
꿀호떡,달걀,우유,설탕,버터
자취생 휴일 브런치로~ 키위소스를 얹은 프렌치토스트,https://www.10000recipe.com/recipe/6915647
그린 키위,설탕,식초,계란,우유,식빵,버터
식빵으로 만드는 '사과 프렌치토스트' ,https://www.10000recipe.com/recipe/6915478
식빵,두유,버터,사과 작은 크기,설탕,물,계피가루
식빵 _ 프렌치토스트 피자빵,https://www.10000recipe.com/recipe/6914279
식빵,닭가슴살,양파,애호박,새송이버섯,방울토마토,달걀,우유,버터
프렌치토스트. 식빵으로 만든 맛있는 브런치,https://www.10000recipe.com/recipe/6913579
식빵,달걀,버터,우유,시나몬파우더,딸기,키위,연유,휘핑크림
지혜로운 한손요리 식빵으로 초간단 프랜치토스트,https://www.10000recipe.com/recipe/6913479
식빵,계란,슬라이스치즈,버터오일,블루베리쨈,땅콩쨈
식빵요리 고구마 프렌치토스트 ,https://www.10000recipe.com/recipe/6912778
고구마,우유,식빵,달걀,아몬드슬라이스,버터
프랜치 토스트 ,https://www.10000recipe.com/recipe/6911417
식빵,아이스크림,계란,계피,바나나 /,우유
초간단 프렌치 토스트 맛있게 만드는법,https://www.10000recipe.com/recipe/6911003
식빵,계란,빵가루,우유,설탕
비밀꿀팁 대방출 #프렌치토스트 로 달콤한 사랑뿜뿜❤,https://www.10000recipe.com/recipe/6910912
토스트 식빵,달걀,우유,설탕,버터 또는 식용유
"딸기를 듬뿍~ ""딸기우유프렌치토스트""",https://www.10000recipe.com/recipe/6910910
딸기,슬라이스 식빵 두꺼운거,우유,연유,계란,소금 아주
프렌치토스트 만들기,https://www.10000recipe.com/recipe/6910906
식빵,계란,우유,오렌지쨈,슈가파우더,소금,버터
TV요리) 커피프렌즈 귤카야잼을 곁들인 프렌치토스트 ;),https://www.10000recipe.com/recipe/6910388
식빵,연유,슈가파우더,소세지,샐러드 채소,방울토마토,버터,달걀,달걀 노른자,우유,생크림,설탕,소금,카야잼,귤 잼,귤
폭신폭신 토스트 : 일본식 프렌치토스트 / French Toast Japanese style,https://www.10000recipe.com/recipe/6909262
우유,계란,설탕,식빵,버터
딸기 프렌치토스트 ,https://www.10000recipe.com/recipe/6908415
식빵,달걀,우유,소금,파슬리가루,휘핑크림,딸기,버터
퐁신퐁신 프렌치 토스트 만들기,https://www.10000recipe.com/recipe/6908104
식빵,달걀,우유,버터,딸기잼,메이플시럽
백종원 홍콩식 프렌치토스트 만들기 넘 쉽고 맛있어요,https://www.10000recipe.com/recipe/6907958
식빵,계란,소금,버터,연유,식용유,파슬리가루
바게트 토스트:)고소하고 달달한 프렌치토스트,https://www.10000recipe.com/recipe/6907796
바게트빵,계란,버터,올리브유,파슬리,소금,후추
남는식빵으로 빠르게 프렌치 토스트 만들기,https://www.10000recipe.com/recipe/6907641
식빵,계란,우유,설탕
프렌치 토스트 만드는법 부드럽게 만드는 방법,https://www.10000recipe.com/recipe/6907482
식빵,버터,계란,설탕,슈가 파우더
프렌치토스트 만들기 간단한 아침으로 좋아요 :),https://www.10000recipe.com/recipe/6907453
식빵,계란,우유,설탕,소금,버터,시나몬 가루,슈가파우더,파슬리가루
프렌치토스트 만들기 달콤해서 더 맛있어요.,https://www.10000recipe.com/recipe/6907254
식빵,계란,우유,생크림,설탕,소금,버터
프렌치토스트 만들기:커피프렌즈 따라 5분만에 OK!,https://www.10000recipe.com/recipe/6907228
식빵,우유,달걀,설탕,버터,연유
고소하고 달짝지근한! 프랜치토스트(달걀토스트),https://www.10000recipe.com/recipe/6906726
호밀 식빵,달걀,우유,설탕,식용유
커피프렌즈 프렌치토스트..tvn브런치 in 제주,https://www.10000recipe.com/recipe/6906233
식빵,달걀,천일염,우유,황설탕,버터,귤카야잼,슈가파우더,귤칩
귤카야잼 프렌치토스트~ 아이들 간식 추천,https://www.10000recipe.com/recipe/6905833
식빵,달걀,우유,황설탕,소금,버터,귤카야잼 & 연유
따뜻한 샌드위치~ 프렌치토스트 샌드위치,https://www.10000recipe.com/recipe/6905808
작은 사과,올리고당,우유,계란,소금,양파,버터,식용유,식빵
커피프렌즈 프렌치토스트만들기 방학간식으로딱!,https://www.10000recipe.com/recipe/6905651
식빵,계란,우유,버터,연유,슈가파우더,쨈
"고~소하고 달달한 ""프렌치토스트"" 만들기♥",https://www.10000recipe.com/recipe/6905457
식빵,시리얼,달걀,설탕,바닐라 시럽,소금,버터,방울토마토,블루베리,파슬리,슈가파우더,메이플시럽 취향에
촉촉한 프렌치 토스트 황금레시피,https://www.10000recipe.com/recipe/6905056
식빵,달걀,우유,소금,설탕
프렌치토스트♡(フレンチトースト),https://www.10000recipe.com/recipe/6904535
식빵,계란물,우유,설탕,버터
프렌치토스트::간단 브런치,https://www.10000recipe.com/recipe/6904378
바게트빵,달걀,우유,설탕,버터
초간단 프렌치토스트,https://www.10000recipe.com/recipe/6904359
계란,식빵,소금,설탕,버터,우유
"자취인을 위한 간단레시피, 프렌치 토스트 계란식빵",https://www.10000recipe.com/recipe/6903485
식빵,계란,쨈,소금,설탕,버터,시나몬가루,파슬리가루
