케이크,추천순,199
계란말이케이크,https://www.10000recipe.com/recipe/6938068
계란,카놀라유,빨강파프리카,노랑파프리카,다진당근,다진파,다진양파,맛소금,설탕,맛소금,설탕,참기름,케찹,어린잎
티라미수 같은 미니 모카 케이크(+크림치즈) 만들기｜효썸,https://www.10000recipe.com/recipe/6921683
무염버터,크림치즈,설탕,달걀,인스턴트커피,뜨거운 물,박력분,베이킹파우더,크림치즈,초코칩
핫케이크 가루로 폭신폭신 에어프라이어 계란빵 만들기,https://www.10000recipe.com/recipe/6950127
계란,핫케이크 가루,우유,종이컵,식용유,소금,설탕,파슬리 가루
진한 얼그레이 파운드 케이크,https://www.10000recipe.com/recipe/6934676
실온 무염버터,설탕,실온 계란,박력분,베이킹 파우더,소금,우유,얼그레이 찻잎
"[영국주방] 달지 않고 촉촉한 맛, 크림치즈 컵케이크(Creamcheese Cupcakes)",https://www.10000recipe.com/recipe/6895797
박력분,크림치즈,실온 무염버터,설탕,베이킹파우더,계란,아몬드 슬라이스
엥 이거 완전 꿀조합 아니냐.. 오레오 치즈케이크 만들기!,https://www.10000recipe.com/recipe/6873390
오레오,크림치즈,설탕,달걀,우유
핫케이크 가루로 겉바속촉 스콘 만들기,https://www.10000recipe.com/recipe/6955488
핫케이크가루,박력분,우유,오일,달걀,아몬드,크랜베리
♥[신혼밥상] 유자파운드케이크,https://www.10000recipe.com/recipe/6926327
박력분,아몬드파우더,베이킹파우더,무염버터,설탕,달걀,유자청
에어프라이어로 만드는 핫케이크 스콘 레시피,https://www.10000recipe.com/recipe/6946572
핫케이크가루,박력분,카놀라유,우유 또는 두유,계란
노밀가루 바나나 팬케이크 ,https://www.10000recipe.com/recipe/6833897
바나나,달걀,시럽
캐러멜 사과 파운드케이크 만들기,https://www.10000recipe.com/recipe/6886552
설탕,물,사과,무염버터,설탕,달걀,박력분,베이킹파우더,시나몬파우더,우유,바닐라익스트랙
당근이 가득~당근케익,https://www.10000recipe.com/recipe/6957267
당근,달걀,흰설탕,갈색설탕,식용유,중력분,박력분,베이킹파우더,소금,계피가루,다진호두,건포도
"녹차파운드케이크 : 노버터,통밀가루 나름 채식베이킹",https://www.10000recipe.com/recipe/6877875
통밀가루,두유,카놀라유,설탕,계란,녹차가루,베이킹파우더,베이킹소다,소금
계란말이 케이크 만들기,https://www.10000recipe.com/recipe/6947966
계란,맛살 짧은것,당근,양파,대파,소금,청주
어디 가져가든 대박나는 미니치즈케익~,https://www.10000recipe.com/recipe/6882939
크림치즈,설탕,소금,바닐라익스트랙
치즈 아니라 요구르트로!!맛있는 치즈케익♡,https://www.10000recipe.com/recipe/6924404
플레인요구르트,핫케이크가루,계란,설탕
밥솥 허니케이크 ,https://www.10000recipe.com/recipe/6940238
꿀,설탕,버터,박력분밀가루,소금,베이킹파우더,계란
노오븐 블루베리 치즈케이크,https://www.10000recipe.com/recipe/6943868
부순 오레오,녹인 무염버터,실온 크림치즈,생크림,설탕,실온 플레인 요거트,레몬즙,판 젤라틴,블루베리 퓨레,장식용 블루베리
체다치즈로 수플레 치즈케이크 만들기,https://www.10000recipe.com/recipe/6929348
우유,체다치즈,계란,박력분,설탕,버터,레몬즙
"[원팬,원볼] 게다가 노버터 인데 촉촉한 모카 컵케이크?! 가능해요!",https://www.10000recipe.com/recipe/6930570
박력분,설탕,소금,베이킹파우더,베이킹소다,계란 1개-,카놀라유,생크림,커피가루,따뜻한 물,초코칩
단호박케이크,https://www.10000recipe.com/recipe/6855417
미니단호박,핫케이크가루,우유,달걀,식용유
"우유케이크 ,노버터 노오일케이크.초간단재료로 만드는 우유케이크",https://www.10000recipe.com/recipe/6692786
박력분,설탕,우유,계란,베이킹파우더,바닐라익스트랙
NO밀가루)전자렌지로 기똥찬 저탄수 얼그레이 케이크만들기/다이어트케이크/아몬드얼그레이케이크/키토케이크,https://www.10000recipe.com/recipe/6936322
얼그레이 티백,아몬드밀크 또는 생크림 우유,녹인버터,스워브,달걀,베이킹파우더,소금,아몬드 밀가루
【밥솥으로 만드는 치즈케이크】,https://www.10000recipe.com/recipe/6874711
크림치즈,계란,요플레,설탕,박력분,파마산치즈가루,다이제스티브,녹인버터
"노버터! 유자청을 활용하여 ""유자 파운드 케이크"" 만들기",https://www.10000recipe.com/recipe/6884084
박력분,유자청,꿀,베이킹파우더,포도씨유,우유,소금
no밀가루 [수플레치즈케이크] +영상,https://www.10000recipe.com/recipe/6848445
계란,크림치즈,설탕,옥수수전분,생크림
오븐이 필요 없는 케이크 '우유스팀케이크',https://www.10000recipe.com/recipe/3980592
박력밀가루,우유,설탕,소금,베이킹파우더,은박컵
[노오븐 디저트] 딸기오레오크림치즈케이크,https://www.10000recipe.com/recipe/6928105
딸기,오레오쿠키,크림치즈,버터,지퍼백,수건
 퐁당 쇼콜라 <초코 파운드 케이크 만들기>,https://www.10000recipe.com/recipe/6949102
박력분,코코아가루,베이킹파우더,황설탕,버터,달걀,다진 호두,건포도,초코칩
[홈베이킹] 콩고물 크림을 올린 향긋한 쑥 파운드 케이크 만들기,https://www.10000recipe.com/recipe/6913360
버터,설탕,계란,밀가루,쑥가루,베이킹파우더,팥배기,생크림,콩가루,설탕
2썸에서 파는 오레오아이스박스케이크! 노오븐으로 집에서 쉽게 디저트 만들기,https://www.10000recipe.com/recipe/6930738
오레오,크림치즈,생크림,설탕
고구마치즈구이 | 고구마+모짜렐라치즈+핫케이크가루로 맛있는 간식 만들기☆,https://www.10000recipe.com/recipe/6903799
고구마 작은것,핫케이크가루,모짜렐라치즈,조청,꿀
이탈리아 전통 집밥 레시피 : #4 겉은 바삭하고 속은 촉촉한 부드러운 사과 케이크 만들기 Torta di mele,https://www.10000recipe.com/recipe/6949975
달걀,설탕,식용유,우유,박력분,베이킹 파우더,사과
크린베리 호두 파운드 케이크,https://www.10000recipe.com/recipe/4014039
버터,설탕,달걀,박력분,베이킹파우더,건조 크린베리,호두분태,우유
"향긋한 쑥 내음 가득, 쑥 파운드케이크",https://www.10000recipe.com/recipe/6925834
실온 무염버터,설탕,실온 계란,박력분,쑥가루,소금,베이킹 파우더,실온 생크림
"녹차 좋아하는 분들 취향저격~! ""녹차 파운드 케이크"" 만들기",https://www.10000recipe.com/recipe/6887258
버터,설탕,계란,박력분,녹차가루,소금,베이킹파우더
초콜릿 크림치즈 컵케이크 만들기｜효썸,https://www.10000recipe.com/recipe/6905967
크림치즈,무염버터,설탕,달걀,바닐라익스트랙,다크 초콜릿,무염버터,달걀,설탕,박력분,베이킹파우더,바닐라익스트랙
크럼블 누텔라 케이크 만들기,https://www.10000recipe.com/recipe/6890458
차가운 무염버터,설탕,박력분,아몬드가루,무염버터,설탕,달걀,바닐라익스트랙,누텔라,박력분,코코아파우더,베이킹파우더,우유,초코칩
기본 케이크 굽기! ,https://www.10000recipe.com/recipe/6889551
박력분,계란,설탕,올리브오일,레몬즙
핫케이크가루를 이용한 밥솥 당근케이크,https://www.10000recipe.com/recipe/6878156
핫케이크가루,우유,당근,달걀,계피가루
전자레인지로 1분 초코칩 쿠키 머그컵 케이크 디저트,https://www.10000recipe.com/recipe/6936079
버터,박력분,코코아가루,베이킹파우더,설탕,초코칩,우유
[초간단 노오븐 디저트/간식] 가로수길 컨버세이션 케이크 만들기!,https://www.10000recipe.com/recipe/6865420
다이제,딸기,크림치즈,블루베리
부드럽고 폭신한 롤케이크(도지마롤)만들기,https://www.10000recipe.com/recipe/6901073
박력분,계란,식용유,설탕 1번,설탕 2번,우유,생크림,설탕
초코 쉬폰 케이크,https://www.10000recipe.com/recipe/765783
노른자,설탕,물,올리브유,박력분,b.p,코코아가루,흰자,설탕
초코칩컵케이크,https://www.10000recipe.com/recipe/6845665
박력분,달걀,설탕,카놀라유,우유,무가당 코코아파우더,초코칩
NO오븐 케이크 - 바움쿠헨 만들기,https://www.10000recipe.com/recipe/6832711
핫케이크 가루,계란,물 or 우유,설탕
《향기 좋은》 밀크티 롤케이크,https://www.10000recipe.com/recipe/6892853
달걀,가루 설탕,샐러드 오일,물,박력분,얼 그레이,생크림*,얼 그레이*,가루설탕
[간단 자취요리] NO오븐! NO밀가루! 오직 계란만으로 계란케이크 만들기,https://www.10000recipe.com/recipe/6858537
계란,버터,설탕,설탕,물
노오븐 밥솥 바나나 케이크 # 캐러멜 바나나 케이크,https://www.10000recipe.com/recipe/6848327
바나나,핫케이크가루,계란,물 또는 우유,버터,흑설탕,계핏가루,견과류
밥솥/오븐 모두 가능한 세상촉촉 초콜렛 케이크 레시피 | 안젤라베이킹,https://www.10000recipe.com/recipe/6916624
중력분,설탕,발로나 무가당 코코아파우더,베이킹소다,베이킹파우더,계란,우유,레몬즙,따뜻한 물,식물성 오일,바닐라 익스트랙,버터,크림치즈,코코아파우더,슈가파우더,우유
노오븐 단호박 스폰지케익 ,https://www.10000recipe.com/recipe/6832082
미니단호박,계란,우유,슬라이스아몬드,꿀
노오븐 베이킹) 핫케이크 가루로 밥통카스테라 만들기,https://www.10000recipe.com/recipe/6903164
핫케이크 가루,계란,우유,설탕,버터 ,버터 ,바닐라 에센스
향긋해! 상큼한 레몬 파운드 케이크 만들기 ,https://www.10000recipe.com/recipe/6930586
계란 100g-,노른자,박력분,소금,설탕,베이킹파우더,무염버터 /녹인버터,레몬껍질,레몬즙,슈가파우더,레몬즙
[초간단 노오븐디저트] 식빵 고구마 케익 만들기,https://www.10000recipe.com/recipe/6865555
식빵,삶은 고구마 大,생크림,꿀 or 올리고당 큰
폭신폭신한 매력덩어리 냉동 블루베리케익,https://www.10000recipe.com/recipe/4157688
냉동 블루베리,무염버터,설탕,달걀,중력분,소금,베이킹파우더,우유
속이 편~~한 쌀가루로 만든 바바나모양 케익.,https://www.10000recipe.com/recipe/6900089
녹인버터,설탕,달걀,박력 쌀가루,베이킹파우더,바닐라익스트랙/혹은 레몬즙
딸기 케이크,https://www.10000recipe.com/recipe/6908129
오뚜기 핫케이크가루,우유,계란,생크림,딸기
생크림 시폰 컵케이크,https://www.10000recipe.com/recipe/6876356
노른자,설탕,식용유,우유,바닐라익스트랙,박력분,베이킹파우더,흰자,설탕,생크림,설탕
NO 밀가루!! 진한 갸또 쇼콜라케익,https://www.10000recipe.com/recipe/6905106
다크초콜릿,생크림,달걀,설탕
향긋하고 고소한 호두 파운드케이크 만들기(+영상)｜효썸,https://www.10000recipe.com/recipe/6925627
무염버터,설탕,달걀,바닐라익스트랙,인스턴트커피,뜨거운 우유,박력분,아몬드가루,계피가루,베이킹파우더,호두
♪크림치즈 파운드케이크♪,https://www.10000recipe.com/recipe/5242770
버터,크림치즈,슈가파우더,계란,레몬즙,박력분,베이킹파우더
[노오븐디저트] 5분안에 투썸 아이스박스케이크st 오레오 케이크 만들기,https://www.10000recipe.com/recipe/6865367
오레오,생크림,우유
딸기 비스퀴 롤케이크,https://www.10000recipe.com/recipe/1899806
달걀,옥수수전분,박력분,생크림,딸기,설탕
(+동영상) 노버터 초코칩쿠키 치즈케이크바 / 15분완성쿠키 응용레시피,https://www.10000recipe.com/recipe/6949297
중력분,베이킹소다,소금,식용유,황설탕,백설탕,달걀,바닐라엑스트렉,초코칩,크림치즈,백설탕,달걀,바닐라엑스트렉
전기밥솥으로 만들었다는게 믿기지 않는 치즈케이크 | 안젤라 베이킹,https://www.10000recipe.com/recipe/6913435
크림치즈,우유,버터,설탕,박력분,소금,계란 노른자,계란 흰자,설탕,레몬즙,슈가파우더,딸기,버터
단호박케이크 NO밀가루 NO오븐 단호박요리,https://www.10000recipe.com/recipe/6894608
단호박,계란,우유,꿀,슬라이스아몬드and
[베이킹] 계절메뉴 달달한 고구마파운드케이크 만들어요 ♪,https://www.10000recipe.com/recipe/6947179
버터,설탕,고구마,달걀,박력분,베이킹파우더,시나몬가루,생크림
누구나 쉽게 만드는 파운드 케익 만들기,https://www.10000recipe.com/recipe/6929970
박력분,설탕,베이킹파우더,소금,계란,견과류,버터,우유
다이어트요리/ 노오븐베이킹/ 단호박케이크,https://www.10000recipe.com/recipe/6840561
단호박 큰 것,계란,아몬드,호두
집에서도 쉽게 즐길 수 있는 예쁜 카페 디저트: 오렌지 생크림 롤케이크,https://www.10000recipe.com/recipe/6936040
계란,설탕,박력분,생크림,설탕,귤,슈가파우더
치즈케이크와 체리의 만남!! 체리치즈케이크 만들기 ,https://www.10000recipe.com/recipe/6874788
다이제쿠키,녹인버터,크림치즈,설탕,계란,바닐라익스트랙,플레인요거트,생크림,옥수수전분,체리잼
가토 쇼콜라 초콜릿 케이크,https://www.10000recipe.com/recipe/6925847
버터,초콜릿,노른자,설탕,생크림,박력분,코코아 파우더,흰자,설탕
간단하고 맛있는 노오븐 디저트! 라임 요거트 케이크♡,https://www.10000recipe.com/recipe/6936043
플레인요거트,사워크림,슈거파우더,바닐라설탕,라임,생크림,사보르아르디 레이디 핑거쿠키,버터,아몬드가루,데코용 애플민트,머랭쿠키 미니
[초간단 노오븐 디저트] 무스케이크 만들기! - 집들이 디저트로 추천해요,https://www.10000recipe.com/recipe/6865303
블루베리,카스테라,생크림,설탕 큰
슬라이스치즈로 수플레 치즈케이크 만들기,https://www.10000recipe.com/recipe/6870856
우유,체다 슬라이스치즈,무염버터,노른자,설탕,박력분,바닐라익스트랙,흰자,설탕,슈가파우더
특별한 날에♡생크림 안 쓰는 치즈케이크♡(生クリ無しのチーズケーキ),https://www.10000recipe.com/recipe/6900179
크림치즈,계란,우유,박력밀가루,설탕,비스켓,버터
"냉장고 유자차 이용하기, 달달한 귤 향 유자 파운드케이크 만들기!",https://www.10000recipe.com/recipe/6949775
​ 박력분,유자청,버터,설탕,계란,베이킹파우더,바닐라 향
[무드앤쿡 #3] 비주얼 끝판왕! 파는 것보다 더 예쁜 나만의 팬케이크 만들기 : 애플콤포트 팬케이크,https://www.10000recipe.com/recipe/6876522
박력분,베이킹파우더,설탕,우유,계란,버터,사과,버터,흑설탕,시나몬파우더,소금
누구나 쉽게 만들 수 있는 감자팬케이크,https://www.10000recipe.com/recipe/5203234
감자,양파,햄,계란,슬라이스치즈,후추,식용유,소금
비주얼 폭발 딸기 생크림 케이크 만들기,https://www.10000recipe.com/recipe/6906605
박력분,계란,설탕,꿀,버터,우유,생크림,설탕,딸기,꿀
진하고 촉촉한 초코 번트 케이크 ,https://www.10000recipe.com/recipe/6924552
실온 무염버터,설탕,다크 초콜릿,실온 계란,박력분,아몬드 가루,코코아 파우더,베이킹 파우더,소금,다크 초코칩,실온 우유,초코 리큐르,생크림,다크 초콜릿
No버터! 초간단 '화이트쇼콜라코코넛케익',https://www.10000recipe.com/recipe/6909917
화이트초콜릿,달걀,비정제원당,유기농 박력분,코코넛 채,바닐라에센스
"녹차와 팥의 만남은 환상! 녹차팥 구겔호프 케이크만들기, 구겔호프 만드는법, 레시피, 녹차 케이크 만드는법, 크리스",https://www.10000recipe.com/recipe/6861687
버터,슈가파우더,달걀,아몬드가루,박력분,베이킹파우더,녹차가루,팥배기,호두,우유
초코 파운드케이크,https://www.10000recipe.com/recipe/6837021
버터,설탕,달걀,박력분,코코아가루,베이킹파우더,다크커버춰초콜릿,우유
초간단~!!다이어트 두부 초콜릿 케이크♡,https://www.10000recipe.com/recipe/6923814
초콜릿,우유,연두부,계란,설탕,박력밀가루,코코아파우더,슈가파우더
[아이들 간식] 핫케이크 핫도그 아이들이 좋아해요^^,https://www.10000recipe.com/recipe/6851689
핫케이크가루,계란,우유,빌소시지,양파,오이피클,머스터드소스,케쳡,소금
마블 파운드케이크 만들기,https://www.10000recipe.com/recipe/6835266
박력분,버터,설탕,계란,우유,베이킹파우더,코코아가루
[초콜릿케이크/가또쇼콜라] 딱 2가지 재료만으로 충분해요,https://www.10000recipe.com/recipe/6833837
초콜릿,계란,슈가파우더
호박 고구마의 화려한 변신 고구마 미니 핫 케익,https://www.10000recipe.com/recipe/6929546
삶은 호박고구마,핫케익가루,식용유,설탕,계피가루
팥배기를 품은 향긋한 녹차 파운드 케이크 ,https://www.10000recipe.com/recipe/6932700
무염버터,박력분,계란,설탕,베이킹파우더,녹차가루,두유,팥배기
유자파운드케이크:상큼달콤향긋한 겨울의 파운드케이크,https://www.10000recipe.com/recipe/6863025
녹인 버터,설탕,계란,통밀가루,베이킹파우더,바닐라익스트랙,유자 청 A,꿀,유자 청 B,슈가파우더,유자청,우유
약밥 만드는법 부모님 생신 약식 케이크 만들기,https://www.10000recipe.com/recipe/6906549
찹쌀,대추,밤,호두,흑설탕,간장,꿀,계피가루,참기름,소금,건포도,물
요거트 케이크,https://www.10000recipe.com/recipe/1764475
박력,달걀,설탕,플레인 요구르트,전분
뉴욕 치즈케이크,https://www.10000recipe.com/recipe/2328895
크림치즈,생크림,사워크림,설탕,달걀,박력분,다이제 비스킷,버터
연유 팥 케이크,https://www.10000recipe.com/recipe/6936436
계란,연유,소금,박력분,팥배기,포도씨유,베이킹 파우더
미니 가나슈 초코케이크,https://www.10000recipe.com/recipe/6798404
달걀,설탕,녹인 버터,식물성오일,밀가루박력분,코코아가루,다크초콜릿,생크림
"[노오븐, 노버터] 전자레인지 치즈케이크 만들기｜효썸",https://www.10000recipe.com/recipe/6900743
크림치즈,설탕,달걀,우유,식용유,바닐라익스트랙,박력분,베이킹파우더,슈가파우더
노오븐 사과케이크,https://www.10000recipe.com/recipe/6861253
사과,우유,달걀,핫케이크가루,올리브유
"[요거베리 레시피] 초간단 No오븐, ""딸기 요거트 무스케이크 만들기!""",https://www.10000recipe.com/recipe/6912061
카스텔라,딸기,간 딸기,요거트,생크림,젤라틴,설탕
진한 쇼콜라파운드케이크 만들기,https://www.10000recipe.com/recipe/6855102
무염버터,설탕,계란,다크초콜릿,박력분,코코아파우더,아몬드가루,베이킹파우더,바닐라익스트랙,초코칩
소보로빵 초코케이크 달달진 것!! 이래 이뻐도 되나? 초코컵케이크!!,https://www.10000recipe.com/recipe/6857469
다크초콜릿,버터,설탕,달걀,밀가루,코코아 파우더,베이킹파우더,소금,박력분,아몬드파우더,슈가파우더,버터
촉촉한 파운드 케익 만들기,https://www.10000recipe.com/recipe/6909434
박력분,무염버터,설탕,베이킹파우더,우유,계란,바닐라 에센스
"노오븐 베이킹, 오레오 미니 치즈케이크 * 동영상 레시피",https://www.10000recipe.com/recipe/6841913
생크림,설탕,오레오 분태,오레오 쿠키,크림치즈
밥솥으로 만드는 뉴욕치즈케이크,https://www.10000recipe.com/recipe/6877456
다이제,상온에 둔 크림치즈,설탕,플레인 요거트,상온에 둔 버터,달걀,박력분
집에서 만들어 먹는 전자렌지 컵케익 레시피,https://www.10000recipe.com/recipe/6916329
계란,핫초코,우유,부침가루
"NoBake, No계란, 1인용 전자렌지 머그 쵸콜렛 케익",https://www.10000recipe.com/recipe/6908500
우유,인스턴트커피,버터,가는소금,쵸콜렛칩,밀가루,베이킹파우더,식용유
초콜릿케이크,https://www.10000recipe.com/recipe/1564712
박력분,코코아가루,베이킹파우더,달걀,포도씨유,우유,설탕
모카 초코 마블 파운드 케이크,https://www.10000recipe.com/recipe/6867152
버터,설탕,달걀,우유,설탕 또는 프림이 안 들어간 커피 알갱이,박력분,베이킹파우더,코코아파우더,초코칩
"<진한 커피향의 매력, 모카 롤케이크> ",https://www.10000recipe.com/recipe/6896233
계란,설탕,물엿,박력분,우유,인스턴트커피,물,설탕,인스턴트커피,시럽,생크림,설탕,커피리큐르,인스턴트커피,미지근한 물
"모든 케익의 기본, 케익시트 제누와즈 레시피 #크리스마스 케익 1탄 ",https://www.10000recipe.com/recipe/6862808
박력분,설탕,버터,계란,물엿
"달콤 진한 바나나향, 맛있는 바나나 파운드케이크 만들기",https://www.10000recipe.com/recipe/6941108
달걀,머스코바도,무염버터,바나나,박력분,베이킹파우더,소금
오븐 없이 만드는 초간단 케이크! 노오븐 우유찜케이크,https://www.10000recipe.com/recipe/6933618
우유,박력분,설탕,베이킹파우더,소금,건포도,호두
초코 파운드케이크,https://www.10000recipe.com/recipe/1883916
박력분,코코아 가루,설탕,버터,달걀,베이킹파우더,가나슈,초코청크,하겔슈가
노오븐 케이크 (베이킹 1도 못해도 만들 수 있어요!),https://www.10000recipe.com/recipe/6928272
밀가루,계란,설탕,우유,식용유,생크림,과일,설탕시럽 설탕,물
화이트 롤케이크,https://www.10000recipe.com/recipe/2019368
박력분,달걀,뜨거운 물,설탕,생크림,설탕,설탕,물
노오븐 케이크!! 딸기식빵케이크 만들기~,https://www.10000recipe.com/recipe/6840691
식빵,딸기,생크림,꿀이나 시럽 기호에따라
레몬케이크 레몬위크엔드,https://www.10000recipe.com/recipe/6924452
큐브틀,계란,꿀,설탕,박력분,버터,우유,레몬즙,레몬제스트 레몬,슈가파우더,레몬즙
No밀가루 No설탕 포만감 짱짱인 고구마케잌빵,https://www.10000recipe.com/recipe/6865208
고구마,달걀흰자,우유
모카 쉬폰 케익,https://www.10000recipe.com/recipe/6914991
달걀,설탕 A,설탕 B,우유,코코아 가루,인스턴트 커피,중력분,베이킹소다,베이킹파우더
"<한여름의 크리스마스, 초콜릿 롤케이크> ",https://www.10000recipe.com/recipe/6896269
계란,설탕,박력분,코코아,우유,용해버터,생크림,분당,다크커버춰,생크림
딸기 롤케이크,https://www.10000recipe.com/recipe/1816135
박력분,달걀,베이킹 파우더,뜨거운 물,설탕,생크림,설탕,딸기
고구마 파운드 케이크,https://www.10000recipe.com/recipe/2978797
박력분,베이킹파우더,버터,설탕,달걀,고구마
"고소한 풍미가 입안가득, 아몬드 파운드 케이크 만들기",https://www.10000recipe.com/recipe/6932071
무염버터,박력분,계란 90g/,설탕,소금,베이킹파우더,아몬드가루,생크림
질리지 않는 담백한맛/ 감자 베이컨 팬케이크,https://www.10000recipe.com/recipe/6844913
감자,베이컨,당근,계란,브로콜리,허브솔트,치즈,기름,파슬리
달콤 촉촉한 바나나 시폰케이크 만들기,https://www.10000recipe.com/recipe/6871255
노른자,설탕,바나나,우유,식용유,바닐라익스트랙,박력분,베이킹파우더,흰자,설탕
[노오븐] 순백의 레어 치즈케이크,https://www.10000recipe.com/recipe/6920803
부순오레오,녹인 버터,생크림,크림치즈,설탕,플레인 요거트,바닐라익스트랙,레몬즙,젤라틴,블루베리 콩포트
홈베이킹 대왕카스테라 - 크리스마스 기념일 케익 응용 :),https://www.10000recipe.com/recipe/6881328
박력분,설탕A,설탕B,카놀라유,소금,베이킹파우더,물 또는 우유,바닐라에센스,물엿,노른자,흰자
노오븐 노버터 초간단 머그컵 케이크,https://www.10000recipe.com/recipe/6927086
밀가루,베이킹파우더,설탕,우유,식용유,계란
"초코컵케이크, 전자레인지 컵케이크 ",https://www.10000recipe.com/recipe/5091634
박력분,베이킹파우더,코코아분말,초코칩,달걀,소금,설탕,카놀라유
레몬 케이크 만들기,https://www.10000recipe.com/recipe/4219055
버터,중력분,설탕,요리용입자소금,달걀 2개,베이킹파우더,레몬,레몬껍질,레몬즙 밥수저,럼 밥수저,우유,슈가파우더,레몬즙 밥수저
고구마 찹쌀 케이크,https://www.10000recipe.com/recipe/4549271
달걀,설탕,우유,찹쌀가루,베이킹파우더,찐 고구마,검은깨
초코생크림 시폰 컵케이크 만들기,https://www.10000recipe.com/recipe/6876751
노른자,설탕,식용유,우유,바닐라익스트랙,박력분,코코아파우더,베이킹파우더,흰자,설탕,생크림,설탕,다크 초콜릿
노오븐 레시피공개! 굽지 않고 만드는 레어치즈케이크 ♥,https://www.10000recipe.com/recipe/6930223
다이제,녹인 무염버터,크림치즈,설탕,플레인요거트,생크림,레몬즙,판젤라틴,라즈베리퓨레,딸기퓨레,설탕,레몬즙,판젤라틴
"[노오븐베이킹]방학 아이들간식 밥통 카스테라 만들기,밥통 케이크",https://www.10000recipe.com/recipe/6874555
계란,버터,우유,머핀믹스
"촉촉 보들보들 홈베이킹
파운드케이크",https://www.10000recipe.com/recipe/6865419
박력분,베이킹파우더,설탕,버터,생크림,계란,우유,호두,아몬드,건포도
핫케이크 가루로 입에서 살살녹는 수플레 팬케이크 쉽게 만들기,https://www.10000recipe.com/recipe/6894643
핫케이크 가루,계란,우유,설탕,버터
바나나 품은 팬케이크 # 촉촉 달달 디저트,https://www.10000recipe.com/recipe/6851746
바나나,핫케이크가루,우유 또는 물,계란,초코시럽
크림치즈파운드케이크,https://www.10000recipe.com/recipe/2001746
크림치즈,버터,설탕,계란,바닐라익스트랙,박력분,베이킹파우더
[쌀베이킹]밀가루 없이 만드는 레몬 쌀케이크,https://www.10000recipe.com/recipe/6933212
달걀,연유,설탕,소금,녹인버터,레몬즙,바닐라익스트랙,박력 쌀가루,아몬드가루,베이킹파우더,레몬제스트,버터,슈가 파우더,레몬즙
超簡単사과케이크♡,https://www.10000recipe.com/recipe/6898236
계란,카놀라유,설탕,밀가루,감자전분가루,베이킹 파우더,사과,우유
"플레인 파운드 케익(Plain Pound Cake), 맛은 스페셜!",https://www.10000recipe.com/recipe/6903011
밀가루,베이킹파우더,가는소금,상온의 버터,백설탕,상온의 생크림,상온의 달걀,바닐라익스트랙
크럼블이 가득 올라간 잼케이크 레시피! 일명 맘보스빵! ,https://www.10000recipe.com/recipe/6933785
무염버터,설탕,플레인요거트,달걀,박력분,베이킹파우더,우유,라즈베리 잼,망고 잼,박력분,아몬드파우더,설탕,버터
시나몬 향이 그윽한 당근 케이크,https://www.10000recipe.com/recipe/6687462
간 당근사과 찌꺼기,박력분,베이킹파우더,계피가루,포도씨오일,황설탕,계란,견과류 다진것
향긋한 향이 입안 가득~ 유자티케이크,https://www.10000recipe.com/recipe/6840189
박력분,식물성오일,생크림,설탕,달걀,베이킹파우더,유자청,소금,견과류
밥솥으로 만든 밀크티 케이크,https://www.10000recipe.com/recipe/6906127
밀가루,홍차티백,프림,베이킹파우더,물,설탕,버터,달걀,견과류
[간단 자취요리] NO오븐! 15분만에 만드는 크리스마스 케이크 / 초코케이크 만들기,https://www.10000recipe.com/recipe/6862825
초코케익믹스,제과점 생크림,다크초콜릿,계란,물
핫케이크 가루로 머핀 만들기,https://www.10000recipe.com/recipe/4211815
핫케이크가루,달걀,토핑용 슬라이스 아몬드,유기농 설탕,버터
단호박 파운드케이크 시나몬케이크 달달하고 촉촉하고 향긋하네.,https://www.10000recipe.com/recipe/6856360
버터,설탕,계란,박력분,중력분,베이킹파우더,바닐라에센스,건포도,단호박,버터,설탕,꿀,올리고당,시나몬가루
케이크 믹스 활용 레몬 번트 케이크 만들기 홈베이킹 어렵지 않아요,https://www.10000recipe.com/recipe/6954033
레몬케이크믹스,계란,물,레몬쥬스,식물성 오일,레몬즙,슈가파우더,레몬익스트랙
루돌프 컵케이크,https://www.10000recipe.com/recipe/6840352
박력분,코코아파우더,베이킹파우더,버터,달걀,우유,프리첼,계란과자,볼초코렛,초코펜,설탕
치즈케이크 만들기,https://www.10000recipe.com/recipe/4923133
계란,크림치즈,생크림,설탕,박력쌀가루,바닐라에센스
[노오븐] 밥통 뉴욕치즈케이크♪,https://www.10000recipe.com/recipe/6844211
필라델피아 크림치즈,요거트,다이제스티브,계란,박력분,설탕,버터,물,설탕,올리고당
탄 향이 매력적인 바스크 치즈케이크,https://www.10000recipe.com/recipe/6935721
크림치즈,생크림,설탕 60g/,박력분 5g/,계란
팬케이크핫도그 l 팬케이크와 핫도그를 한꺼번에 먹는 방법!,https://www.10000recipe.com/recipe/6928088
박력분,중력분,베이킹파우더,설탕,소금,달걀,우유,녹인버터,바닐라에센스,체다치즈,소시지
퐁신퐁신한 제누와즈 만들기 : 케이크시트 실패없이 만드는 법 ♥,https://www.10000recipe.com/recipe/6923453
달걀,설탕,박력분,버터,바닐라 익스트랙
가을 내음 폴폴~ 단호박 치즈케이크,https://www.10000recipe.com/recipe/4264091
통밀쿠키,버터,찐단호박,크림치즈,플레인요구르트,비정제황설탕,동물성생크림,우유,바닐라빈,달걀노른자,달걀,옥수수전분
커피 호두 파운드케이크 만들기 : 티타임에 좋은 간식!,https://www.10000recipe.com/recipe/6877539
버터,설탕,중력분,계란,베이킹파우더,소금,우유,커피엑기스
머랭 팬케이크 만들기,https://www.10000recipe.com/recipe/6844805
달걀,박력분,베이킹파우더,우유,설탕,소금,바닐라 오일,과일
체다치즈로 수플레 케익만들기~,https://www.10000recipe.com/recipe/6911537
계란,우유,전분,박력분,설탕,체다치즈,소금
초코 쉬폰 케이크,https://www.10000recipe.com/recipe/1819615
박력분,코코아 가루,베이킹 파우더,달걀,식용유,설탕,따뜻한 물
브런치로 딱 좋은 독일팬케이크 더치베이비 만들기,https://www.10000recipe.com/recipe/6877698
박력분,두유,달걀,버터,소금,설탕,요거트,바나나,냉동 딸기,곶감,해바라기씨,카카오닙스
호두당근케이크,https://www.10000recipe.com/recipe/6766806
달걀,설탕,식용유,당근,밀가루박력분,베이킹파우더,계피가루,호두,크림치즈,설탕,생크림
가볍고 폭신한 시몬컵케이크(컵카스테라) 만들기,https://www.10000recipe.com/recipe/6848097
계란,설탕,박력분,베이킹파우더,버터,우유,바닐라익스트랙
아몬드팬케이크,https://www.10000recipe.com/recipe/6845425
밀가루,아몬드 파우더,달걀,베이킹파우더,설탕,우유,버터
향긋한~ 모카 쉬폰 케이크 만들기,https://www.10000recipe.com/recipe/6895969
쉬폰,노른자,설탕,포도씨유,물,박력분,인스턴트 커피,뜨거운 물,흰자,머랭용 설탕,생크림,설탕,커피 에센스,코코아 파우더
당근 핫케이크 만들기,https://www.10000recipe.com/recipe/6917162
핫케이크 가루,당근,우유,계란
"누텔라 모카 브라우니 /브라우니: 노오븐 베이킹, 밥통 케이크, 초간단 간식",https://www.10000recipe.com/recipe/6878242
누텔라,박력분,인스턴트 커피,뜨거운 물,계란
호두 파운드 케이크,https://www.10000recipe.com/recipe/1934702
박력분,버터,아몬드 가루,달걀,설탕,베이킹 파우더,바닐라오일,호두
부드럽고 은은한 맛이 매력적인 파운드컵케이크,https://www.10000recipe.com/recipe/1780025
박력분,베이킹파우더,계란,우유,아몬드슬라이스,버터,설탕,시럽,바닐린
초콜릿에 풍덩 ★ 쇼콜라케이크,https://www.10000recipe.com/recipe/6911122
다크초콜릿,버터,휘핑크림,코코아파우더,박력쌀가루,슈가파우더,달걀흰자,설탕,달걀노른자,설탕
콩가루 찹쌀떡케이크 만들기,https://www.10000recipe.com/recipe/3792813
시판용 찹쌀가루,볶은 콩가루,우유,베이킹파우더,베이킹소다,콩배기,호두,설탕,소금
사르르르~ [노오븐] 딸기 크림치즈 컵케이크 ,https://www.10000recipe.com/recipe/6863327
빵,딸기,슈가파우더,코코아파우더,달걀 노른자,크림치즈,생크림,설탕
홈파티에 빠질 수 없는 디져트! 겨울에 딱 어울리는 군고구마 치즈케이크 만들기,https://www.10000recipe.com/recipe/6901406
헤비 휘핑크림,설탕,크림치즈,설탕,크림 뺀 오레오,무염버터,군 고구마,가루 젤라틴,물
더치 베이비 팬케이크 만들기,https://www.10000recipe.com/recipe/6848469
핫케이크가루,우유,계란,버터,블루베리,딸기,견과류,아이스크림
투툼하고 입안에서 사르르녹는 수플레팬케이크,https://www.10000recipe.com/recipe/6933743
계란,소금,우유,박력분,설탕,레몬즙,바닐라에센스
모카쉬폰케이크(시폰케이크) 만들기,https://www.10000recipe.com/recipe/6863820
노른자,+설탕,식용유,우유,인스턴트커피,박력분,베이킹파우더,흰자,+설탕
전자레인지 초코컵 케이크 ,https://www.10000recipe.com/recipe/4938495
박력분,코코아가루,베이킹파우더,달걀,설탕,뜨거운물,커피가루,올리브오일
그릭요거트 케이크,https://www.10000recipe.com/recipe/6811064
박력분,설탕,달걀,그릭요거트,수제요거트,우유,베이킹파우더
[간단 자취요리] 노오븐! 노밀가루! 폭신폭신~ 리얼 고구마케이크 만들기 ,https://www.10000recipe.com/recipe/6866638
고구마,설탕,계란,빵집생크림
핫케이크가루로 촉촉하고 쫀득한 견과류 쿠키 만들기,https://www.10000recipe.com/recipe/6829223
핫케이크가루,무염버터,계란,설탕,견과류,해바라기유
레몬치즈케이크,https://www.10000recipe.com/recipe/4505161
크림치즈,생크림,플레인요구르트,계란,레몬,레몬즙,박력분,설탕
특별한 날을 위한 고구마치즈케이크 만들기,https://www.10000recipe.com/recipe/6877428
고구마,크림치즈,우유,설탕,달걀,밀가루,오일,통밀쿠키
할로윈 케이크팝 l 맛있는 유령친구들 소환할 시간 ★,https://www.10000recipe.com/recipe/6920896
시판 카스텔라,생크림,코팅용 화이트초콜릿,장식용 초콜릿,초코펜
수플레치즈케이크 : 부드러운 치즈케이크를 좋아하는 사람들이 좋아할 홈베이킹 레시피 ,https://www.10000recipe.com/recipe/666238
크림치즈,설탕,달걀노른자,박력분,옥수수전분,우유,레몬즙,달걀흰자,설탕,냉동 블루베리
와인 사과 파운드 케이크,https://www.10000recipe.com/recipe/6930854
사과작은거,박력분,버터,계란,우유,슈가파우더,베이킹파우더,소금,적포도주,설탕,계피,레몬즙,나빠쥬용 물엿
브라우니 트리 케이크(홈파티),https://www.10000recipe.com/recipe/808019
퍼지브라우니믹스,오일이나 버터,계란
쪄서 만드는 포근포근한 옥수수찜케이크 오븐없이 만들어요~! ,https://www.10000recipe.com/recipe/6901257
박력분,설탕,베이킹파우더,달걀,소금,우유,옥수수통조림
레몬 파운드 케이크,https://www.10000recipe.com/recipe/6948082
박력분,베이킹파우더,버터,설탕,계란,레몬
[노오븐] 단호박 찜케이크 만들기,https://www.10000recipe.com/recipe/5879909
달걀,설탕,우유,식용유,찐 단호박 A,바닐라익스트랙,박력분,베이킹파우더,찐 단호박 B
뉴욕 치즈케이크,https://www.10000recipe.com/recipe/6893464
부순다이제,녹인버터,크림치즈,설탕,계란,바닐라익스트랙,생크림,우유,레몬즙,옥수수전분
전자렌지 블루베리 치즈케이크 만들기,https://www.10000recipe.com/recipe/6856428
블루베리,크림치즈 70g~,설탕,달걀,박력분,베이킹파우더
말차가루에 뽀얀 강아지지가 떡하니??? 강아지말차컵케이크 ★,https://www.10000recipe.com/recipe/6606155
버터,바닐라 익스트랙,설탕,소금,달걀,박력분,베이킹파우더,말차가루,우유,초코칩,크림치즈,생크림,설탕
오레오 치즈 케이크,https://www.10000recipe.com/recipe/6913004
크림치즈,플레인요거트,생크림,설탕,오레오쿠키,레몬즙,판젤라틴,데코용 오레오쿠키,오레오쿠키,버터
그린티 뉴욕 치즈케이크,https://www.10000recipe.com/recipe/6829785
크림치즈,설탕,달걀,바닐라익스트랙,그릭요거트,우유,옥수수전분,녹차가루,생크림
밥솥으로 노오븐 홈메이드 당근케이크 만들기,https://www.10000recipe.com/recipe/6902911
핫케이크가루,계란,당근,견과류,우유,설탕,버터또는 올리브유
"노오븐 크리스마스 케이크, 산타케이크 만들기",https://www.10000recipe.com/recipe/6948114
바닐라익스트랙,달걀,물,딸기,가당 휘핑크림
꾸덕꾸덕 초단간 크림치즈 케이크 만들기,https://www.10000recipe.com/recipe/6862129
크림치즈,설탕,생크림,계란
기본 스펀지케익 만들기,https://www.10000recipe.com/recipe/6912003
박력분,계란,설탕,베이킹파우더,버터,바닐라 에센스,소금
단호박 호두 파운드 케이크,https://www.10000recipe.com/recipe/6909980
버터,설탕,꿀,계란,박력분,베이킹파우더,럼주,호두,단호박,살구쨈,물
