계란빵,추천순,190
"에어프라이어/전자렌지로 만든 ""모닝계란빵""♪",https://www.10000recipe.com/recipe/6908683
모닝빵,계란,스팸,마요네즈,소금,파슬리가루,계란,마요네즈,스팸 다진것,자투리 모닝빵,소금약간
핫케이크 가루로 폭신폭신 에어프라이어 계란빵 만들기,https://www.10000recipe.com/recipe/6950127
계란,핫케이크 가루,우유,종이컵,식용유,소금,설탕,파슬리 가루
겨울방학 아이간식 홈메이드 계란빵,https://www.10000recipe.com/recipe/6840149
핫케잌가루,계란,우유,소금
모닝빵으로 5 분만에 계란빵을 만들어보세요,https://www.10000recipe.com/recipe/6877579
모닝빵,슬라이스치즈,계란,소금,후추
목우촌 초간단 아이간식 소시지 계란빵,https://www.10000recipe.com/recipe/6900692
목우촌 계란,목우촌 주부9단 프랑크소시지,식빵
크리스마스 요리 간단 에어프라이어 계란빵,https://www.10000recipe.com/recipe/6923905
핫케이크가루,계란,소금
메추리알 계란빵 미니토스트,https://www.10000recipe.com/recipe/6839149
식빵,메추리알,크림치즈,파슬리가루,꿀
초간단 계란빵 전자렌지 활용 레시피 (feat.모닝빵),https://www.10000recipe.com/recipe/6852823
모닝빵,계란,버터,소금,파슬리가루
식빵으로 계란빵 만들기,https://www.10000recipe.com/recipe/6841122
식빵,계란,햄,치즈,파슬리가루
[밥통 계란빵] 노오븐! 초간단 계란빵,https://www.10000recipe.com/recipe/6834142
달걀,밀가루,설탕,밥통에 바를 버터 혹은 올리브유
노오븐 베이컨 계란빵 만들기 레시피,https://www.10000recipe.com/recipe/6867266
베이컨,계란,식빵,소금&파슬리가루
"통새우계란빵 최고, 진짜 내맘속 1등",https://www.10000recipe.com/recipe/6895421
통새우,핫케익가루,우유,달걀,스위트콘,모짜렐라치즈,소금,후추,마요네즈,파슬리가루
"미니언 김치볶음밥 도시락과 앞다리살팽이버섯말이, 햄치즈계란빵/ 햄꽃, 계란꽃, 치즈꽃",https://www.10000recipe.com/recipe/6909528
김치,밥,참기름 한,굴소스,고추장,대파,목살,식용유,계란,소금,후추,돼지앞다리살,팽이버섯,소금,후추,슬라이스햄,슬라이스치즈,김,식빵,치즈 ,계란,햄
3분만에 계란빵 만드는 매직~,https://www.10000recipe.com/recipe/6949124
식빵,계란,허니머스타드소스,올리고당
초스피드 계란빵,https://www.10000recipe.com/recipe/6830343
핫케이크가루,달걀,우유,파슬리,버터
에어프라이어 초간단 레시피 계란빵 만들기,https://www.10000recipe.com/recipe/6912616
계란,핫케익믹스,우유,소세지,피자치즈,소금,후추,파슬리,메이플시럽
"전자렌지로 뚝딱, 계란빵 만들기.",https://www.10000recipe.com/recipe/6850646
핫케익가루,우유,계란,소금,치즈,파슬리가루
계란빵 만들기,https://www.10000recipe.com/recipe/6903387
핫케익가루,달걀,우유,베이컨,슬라이스치즈,소금,설탕,파슬리가루
앙증맞은 미니 길거리계란빵,https://www.10000recipe.com/recipe/3606334
핫케익가루,달걀,우유,메추리알,베이컨,슬라이스치즈,소금,마요네즈
아이간식 브로콜리 계란빵 ,https://www.10000recipe.com/recipe/6850259
브로콜리,치즈,햄,파슬리,달걀,핫케이크가루,우유
영양만점 간식 계란빵 만들기,https://www.10000recipe.com/recipe/6951991
박력분,베이킹파우더,오일,소금,설탕,계란,우유,계란,모짜렐라치즈,비엔나소세지
[GS25 야참히어로] 피자맛 계란빵,https://www.10000recipe.com/recipe/6842461
마요네즈,토마토소스,식빵,양파,피망,베이컨등속재료
노오븐 계란빵(전자렌지와 에어프라이어 둘 다 해봤어요),https://www.10000recipe.com/recipe/6901835
팬케이크 가루,물,콘 옥수수,청피망,햄,빨간 파프리카,노란 파프리카,달걀
종이컵 계란빵 만들기,https://www.10000recipe.com/recipe/4012517
핫케이크가루,우유,달걀,후리카케
대만계란빵,https://www.10000recipe.com/recipe/6928691
오일,박력분,계란,우유,소금,설탕,꿀
백종원계란빵! 밀가루없어도 된다고 전해라~~~,https://www.10000recipe.com/recipe/6845846
계란,버터,소금,설탕,메이플시럽
"계란빵, 계란이 통째로 들어있는 달걀빵, 오븐 계란빵",https://www.10000recipe.com/recipe/6901112
밀가루중력분,우유,오일,설탕,계란 ,햄,양파,당근,옥수수콘,완두콩,계란,베이킹파우더,소금,파마산치즈,파슬리가루
초간단 2가지 재료만있으면 ok 식빵계란빵 만들기,https://www.10000recipe.com/recipe/6908669
식빵,계란,파슬리가루,소금
모닝빵으로 계란빵 만들기..,https://www.10000recipe.com/recipe/6907138
모닝빵,달걀,햄,슬라이스치즈,피자치즈,파슬리가루,소금,설탕
초간단 마약토스트 만들기 에어프라이어 달걀토스트 식빵계란빵,https://www.10000recipe.com/recipe/6926031
식빵,마요네즈,파슬리가루,설탕,계란
광파오븐으로 촉촉한 치즈 계란빵 만들기,https://www.10000recipe.com/recipe/6944781
종이컵,식용유,계란,핫케이크가루,체다치즈,케찹
아이들도 만드는 계란빵,https://www.10000recipe.com/recipe/6829421
핫케이크 가루,계란,물,베이컨,치즈,파슬리,소금
계란빵 혹은 달걀빵 브런치 메뉴로 어떠세요?,https://www.10000recipe.com/recipe/6919909
식빵,계란,체다슬라이스치즈,버터,스팸,파
모닝빵계란빵,https://www.10000recipe.com/recipe/6879934
모닝빵,계란,치즈,샌드위치햄,맛소금,파슬리가루
계란빵 만들기 버터 넣어 더욱 맛있게 만들었어요 :),https://www.10000recipe.com/recipe/6902854
박력분,달걀,우유,설탕,베이킹파우더,소금,버터,파슬리가루
[전자렌지] 든든한 초간단 겨울간식 치즈계란빵:D,https://www.10000recipe.com/recipe/6924365
핫케이크가루,물,달걀,치즈,식용유,소금
집에서 계란빵 만들기 - 에어프라이어 계란빵,https://www.10000recipe.com/recipe/6905740
달걀,베이컨,대파,핫케이크 가루,우유,달걀,소금,에어프라이어,식용유
전자렌지 계란빵 만들기 ,https://www.10000recipe.com/recipe/6864716
핫케이크가루,우유,달걀,허브솔트,슬라이스 치즈,옥수수콘,베이컨,파슬리
겨울철 길거리 대표 간식 계란빵! ,https://www.10000recipe.com/recipe/6882363
핫케익가루,햄,달걀,양파,치즈
초간단 전자렌지 계란빵,https://www.10000recipe.com/recipe/6666123
모닝빵,계란,소금,파슬리
초간단 계란빵만들기 노오븐 계란빵,https://www.10000recipe.com/recipe/6884206
모닝빵,계란,치즈,소금,후추,파슬리가루
식빵계란빵 만들기,https://www.10000recipe.com/recipe/6867270
식빵,햄,계란,케첩
초간단 모닝계란빵 레시피,https://www.10000recipe.com/recipe/6793587
모닝빵,계란,파슬리,소금
계란이 통째로 쏙~ 계란빵 만들기 ,https://www.10000recipe.com/recipe/4788019
달걀,비정제 황설탕,소금,바닐라엑스트렉,우유,우리밀 중력분,베이킹파우더,녹인버터,달걀,슬라이스치즈,소금,파슬리가루,틀에 발라줄 버터
간식 계란빵 만들기 ,https://www.10000recipe.com/recipe/6832672
핫케익가루,달걀,우유,베이컨,치즈,소금,후춧가루
모닝빵으로 계란빵 만들기,https://www.10000recipe.com/recipe/5478393
모닝빵,계란,파프리카,피자치즈,캔햄,소금
초간단 계란빵만들기 전자렌지 하나면 OK!!!,https://www.10000recipe.com/recipe/6846025
핫케익믹스,달걀,흰우유,슬라이스치즈,파슬리가루,설탕,소금
오븐 계란빵,https://www.10000recipe.com/recipe/6840743
핫케이크 믹스,달걀,우유,기름,햄,모짜렐라치즈,파슬리가루
오븐없이 굽는 바삭한 바게트 계란빵,https://www.10000recipe.com/recipe/6654687
바게트,달걀,베이컨,오일,버터,소금,후추
간단 계란빵 만들기!,https://www.10000recipe.com/recipe/6852333
모닝빵,계란,소금,후춧가루,베이컨,파슬리가루
오븐에 구운 계란빵으로 간식을 만들어봐요.,https://www.10000recipe.com/recipe/6836518
모닝빵,치즈,계란,마요네즈,소금,파슬리가루
"마이리틀텔레비전 백주부, 백종원의 '계란빵' 만들기! ",https://www.10000recipe.com/recipe/6840335
달걀,설탕,소금,버터,각종시럽
아기 간식 시금치계란빵 ,https://www.10000recipe.com/recipe/6842586
시금치,계란,소금,아가베시럽,올리브오일
식빵요리- 식빵 계란빵 만들기,https://www.10000recipe.com/recipe/6852125
식빵,달걀,소세지,슬라이스치즈or피자치즈
[식빵 계란 토스트] 식빵으로 계란빵 만들기 초간단 아이간식으로 추천해요♡,https://www.10000recipe.com/recipe/6889303
식빵,마요네즈,소금,후추,파슬리 가루
어린이들도 할수있는 초간단 계란빵 만들기,https://www.10000recipe.com/recipe/6919820
계란,우유 계란의,버터,꿀 넣고싶을,식빵
쉽게 만드는 백주부 계란빵 만들기,https://www.10000recipe.com/recipe/6842405
달걀,버터,설탕,올리고당
계란빵 ,https://www.10000recipe.com/recipe/6841673
달걀,설탕,소금,버터,꿀 또는 메이플 시럽
계란빵 ,https://www.10000recipe.com/recipe/5588105
계란,핫케이크가루,우유,슬라이스치즈,소금
영양간식 계란빵,https://www.10000recipe.com/recipe/6859481
핫케이크가루,계란,우유,소금,파슬리가루
식빵컵계란빵:베이컨에 달걀이 쏙~,https://www.10000recipe.com/recipe/6857154
식빵,베이컨,달걀,소금,후추
초 간단 컵 계란빵 만드는 방법,https://www.10000recipe.com/recipe/6864318
계란,베이컨,모차렐라치즈,잣,도자기 머그컵,파슬리가루
홈메이드 계란빵 ,https://www.10000recipe.com/recipe/2498144
밀가루강력분,우유,식용유,달걀,베이킹 파우더,소금,설탕,햄,체다 슬라이스 치즈,달걀,파슬리 가루
[간식:계란빵] 길거리에서 파는 계란빵을 간단하게 만들어보아요,https://www.10000recipe.com/recipe/6834600
핫케이크가루,계란 만들려는 양+,햄이나 소세지,체다치즈,소금,후추,우유,팬에 바를 오일이나 버터
계란빵 전자렌지로 만들어요~,https://www.10000recipe.com/recipe/6503596
모닝빵,달걀,멕시칸믹스드치즈반컵 또는 슬라이스치즈,모짜렐라 치즈,소금,후추,파슬리
식빵계란빵 만들기,https://www.10000recipe.com/recipe/6834794
식빵,계란,버터,설탕,파슬리가루
[에어프라이어] 계란빵만들기 # 핫케이크가루 계란빵,https://www.10000recipe.com/recipe/6847155
달걀,핫케이크가루,우유 또는 물,소금,파슬리가루
전자레인지 계란빵 만들기,https://www.10000recipe.com/recipe/6843325
핫케익 믹스,우유,달걀
식빵으로 만드는 계란빵,https://www.10000recipe.com/recipe/6864582
식빵,계란,마요네즈,파슬리
종이컵으로 만드는 계란빵,https://www.10000recipe.com/recipe/6834331
핫케이크가루,우유,달걀,달걀,슬라이스치즈,파슬리가루
"계란빵,고구마빵 ",https://www.10000recipe.com/recipe/587369
계란,핫케이크가루,우유
오븐 계란빵 만들기 ,https://www.10000recipe.com/recipe/6838024
빵 굽는,달걀,설탕,소금,밀가루 박력분,바닐라설탕,베이킹파우더,우유,파슬리or바질
"모닝계란빵,전자렌지요리",https://www.10000recipe.com/recipe/6832114
모닝빵,계란,소금,파슬리
응답하라 1984 계란빵,https://www.10000recipe.com/recipe/6846024
계란,베이컨,핫케이크가루,식용유,소금,후추,파슬리,양파,양송이,물,믹싱볼
홈메이드 계란빵,https://www.10000recipe.com/recipe/6851774
중력분,베이킹 파우더,우유,계란,설탕,소금
"계란빵 만들기 전자렌지, 오븐 있으면 됨!",https://www.10000recipe.com/recipe/1806529
핫케익믹스,계란,우유,맛소금,통조림햄
에어프라이어요리 피자고로케 에그번 아이간식 에그인헬 계란빵,https://www.10000recipe.com/recipe/6956971
고로케,베이컨,계란,모짜렐라치즈
"에어프라이어 계란빵, 모닝빵으로 겉바속촉 맛있게 ",https://www.10000recipe.com/recipe/6956491
모닝빵,계란,슬라이스치즈,베이컨,캔옥수수,딸기잼
남는 호빵 계란빵으로 만드는 방법,https://www.10000recipe.com/recipe/6954553
호빵,계란,식용유
마약토스트 만들기(식빵 계란빵),https://www.10000recipe.com/recipe/6952390
식빵,계란,마요네즈,설탕
우유와 밀가루 없이 만드는 고구마 계란빵,https://www.10000recipe.com/recipe/6952207
작은 고구마,달걀
계란빵 만들기,https://www.10000recipe.com/recipe/6951921
실온 달걀,설탕,바닐라 익스트랙,무염버터,우유,박력분,베이킹 파우더,소금,슬라이스 체다치즈,실온 달걀,소금,파슬리
"에어프라이어요리, 핫케이크가루로 간단하게 계란빵 만들기!",https://www.10000recipe.com/recipe/6950209
핫케이크가루,우유,계란
 계란빵 만들기,https://www.10000recipe.com/recipe/6949586
달걀,설탕,우유,포도씨유,박력분,베이킹파우더,옥수수가루,소금,달걀
계란빵 만드는법 핫케이크믹스로 쉽게 길거리음식 흉내내기,https://www.10000recipe.com/recipe/6949315
달걀,핫케이크가루,우유
핫케이크믹스 계란빵:패키지에 쓰인대로 만드세요,https://www.10000recipe.com/recipe/6948245
우리밀핫케이크가루 1봉/,달걀,설탕,우유,버터,달걀,베이컨,모짜렐라치즈,파슬리가루,호두/아몬드/초코칩
식빵 계란빵,https://www.10000recipe.com/recipe/6944881
식빵,햄,치즈,계란,파슬리가루
에어프라이어 베이킹 추천! 에어프라이어로 아주 간단하게 계란빵 만들기 황금레시피,https://www.10000recipe.com/recipe/6942543
계란,핫케이크가루,우유,베이컨,파,종이컵
영양만점 초간단 치즈계란빵 만들기 :: 에어프라이어 요리,https://www.10000recipe.com/recipe/6941719
핫케잌가루,물,계란,체다치즈,소금,슬라이스아몬드
[전자렌지] 달콤하고 고소한 포도잼계란빵:D,https://www.10000recipe.com/recipe/6941679
핫케이크가루,물,포도잼,계란,식용유,소금
에어프라이어로 간단한 디저트 치즈계란빵 만들기!,https://www.10000recipe.com/recipe/6940466
식빵,마요네즈,피자치즈,파슬리가루,계란,에어프라이어
"[오븐] 쌀가루로 계란빵 만들기, NO밀가루 NO설탕!",https://www.10000recipe.com/recipe/6937502
계란,우유,쌀가루,베이킹파우더,소금,녹인버터,계란,베이컨,햄,치즈,올리브,파슬리가루
전자렌지 3분 계란빵,https://www.10000recipe.com/recipe/6936292
계란 빵 만들,팬케이크 믹스,소금,락앤락통
전자레인지 3분 핫케이크가루로 만드는 계란빵,https://www.10000recipe.com/recipe/6934560
계란,핫케이크가루,소금,우유
소세지 계란빵 # 불고기 계란빵 # 어린이날 간식 ,https://www.10000recipe.com/recipe/6934516
비엔나소세지,식빵,계란,양파,모짜렐라 치즈,오이,불고기,마요네즈,케첩
컵계란빵ㅡ어린이날간식,https://www.10000recipe.com/recipe/6933225
식빵,계란,플라스틱칼,설탕,소금,계피가루,해바라기씨
[에어프라이어요리] 모닝빵으로 쉽게 계란빵 만들기,https://www.10000recipe.com/recipe/6931807
모닝빵,계란,체다슬라이스치즈,모짜렐라치즈,설탕,파슬리가루
백종원 계란빵 폭신폭신한 식감과 달달한 맛의 조화,https://www.10000recipe.com/recipe/6931183
계란,버터 6g씩,설탕,식용유,꽃소금,메이플시럽
계란빵/카스테라,https://www.10000recipe.com/recipe/6930508
계란,우유,꿀,중력분,설탕,미림,소금
계란빵 ♡ 만들기 ♡노오븐,https://www.10000recipe.com/recipe/6930157
큐원 홈메이드계란빵 믹스,물,머그컵,포크,계란,전자레인지
#아이간식#모닝계란빵,https://www.10000recipe.com/recipe/6929466
모닝빵,계란,슬라이스치즈,소금
에어프라이어 계란빵. 핫케익 가루로 맛있고 쉽게 만들었어요.,https://www.10000recipe.com/recipe/6928779
핫케익 가루,계란,우유,당근,대파,베이컨
[전자렌지] 든든하고 맛좋은 겨울간식 새우계란빵:D,https://www.10000recipe.com/recipe/6928705
핫케이크가루,물,계란,냉동새우,식용유,소금
[겨울간식] 길거리 계란빵,https://www.10000recipe.com/recipe/6925614
핫케익가루,우유,달걀,맛소금,올리브유,모짜렐라치즈,파슬리가루
[겨울간식] 길거리 계란빵,https://www.10000recipe.com/recipe/6924715
핫케익가루,우유,달걀,맛소금,올리브유,모짜렐라치즈,파슬리가루
계란빵 만들기,https://www.10000recipe.com/recipe/6924368
실온계란,박력분,설탕,실온 무염버터,베이킹파우더,소금,우유,애호박,슬라이스 체다치즈,스팸 햄,양파,토핑용 파슬리,감자,편마늘,모짜렐라 치즈
"여름 방학 아이와 함께 즐기는 추억 간식, 계란빵 by 에어프라이어",https://www.10000recipe.com/recipe/6924231
모닝빵,달걀,피클,양파,연두 순,포도씨유
치즈베이컨계란빵,https://www.10000recipe.com/recipe/6924211
계란,베이컨,3층치즈,스트링치즈,소금,파슬리가루
오븐없이 만든 간식 계란빵,https://www.10000recipe.com/recipe/6921429
식빵,베이컨,계란,치즈,파슬리가루
계란빵♡,https://www.10000recipe.com/recipe/6917899
핫케이크 가루,우유,계란,파,식용유,소금,종이컵
에어프라이어로 계란빵 만들자,https://www.10000recipe.com/recipe/6917732
핫케익가루,우유,계란,햄,파슬리가루
계란빵. 팬케이크믹스로 간편하게,https://www.10000recipe.com/recipe/6916406
핫케이크믹스,우유,달걀,달걀,캔옥수수,소시지,파슬리,통후추,천일염,오일
에어프라이어 머랭 계란빵~ 두가지 계란빵 만들기,https://www.10000recipe.com/recipe/6915823
계란,모닝빵,버터,피자치즈,설탕
 초간단 계란빵 피자 ,https://www.10000recipe.com/recipe/6912754
계란,양파,모닝빵,짱구 과자,피자치즈,토마토소스,소금,파슬리가루,식용유
모닝빵으로 계란빵,https://www.10000recipe.com/recipe/6912168
모닝빵,계란 모닝빵의 갯수와 맞게,베이컨 모닝빵의,파슬리 가루
세상 쉬운 계란빵/마약계란빵,https://www.10000recipe.com/recipe/6909190
모닝빵,계란,슬라이스햄,마요네즈,황설탕,파슬리가루
계란빵 에어프라이어에 구워보기,https://www.10000recipe.com/recipe/6909013
미니롤,계란,체다치즈,베이컨,마요네즈,케첩,파슬리가루
계란빵,https://www.10000recipe.com/recipe/6908988
달걀,케챱
계란빵(영양간식으로 딱입니다~),https://www.10000recipe.com/recipe/6908197
계란,식빵,햄,옥수수콘,치즈,파슬리,소금,설탕
목우촌 치즈요리 마약계란빵,https://www.10000recipe.com/recipe/6907682
피망,목우촌 뚝심,Real 뿌려먹는 자연치즈,목우촌계란,식빵,옥수수통조림
밥솥으로 만드는 포슬포슬 계란빵 ,https://www.10000recipe.com/recipe/6905446
달걀,통밀가루,설탕 20g,베이킹파우더,우유,버터 25g,소금,달걀,허브,소금,스위트콘
초간단 계란빵/ 전자레인지 계란빵,https://www.10000recipe.com/recipe/6904559
계란빵 믹스,물,계란,파슬리 가루
초간단 식빵 계란빵,https://www.10000recipe.com/recipe/6903054
식빵,계란,모짜렐라치즈,토마토페이스트,소금
다른거 응용해본 레시피 / 꿀호떡계란빵 만들어 먹었습니다.,https://www.10000recipe.com/recipe/6903048
꿀호떡,계란,맛소금,식용유
초간단 계란빵 간식만들기,https://www.10000recipe.com/recipe/6900354
식빵,달걀,베이컨,체다슬라이스치즈,설탕,파슬리가루
홈메이드 초간단 계란빵 레시피,https://www.10000recipe.com/recipe/6899856
식빵,계란,베이컨,체다치즈,모짜렐라치즈
*에어 프라이어 요리* 견과류 핫케이크(계란빵처럼 안되도록 고급지게 굽는 방법),https://www.10000recipe.com/recipe/6898973
핫케이크 믹스,우유,계란,견과류,메이플시럽,버터
"계란빵, 초간단 토스트(노오븐)",https://www.10000recipe.com/recipe/6898366
식빵,계란,마요네즈,소금,후추,설탕,피자치즈
5분완성 계란빵 만들기!파는것처럼 맛있어요!,https://www.10000recipe.com/recipe/6898025
식빵,계란,베이컨,슬라이스 치즈,모짜렐라 치즈,파슬리가루
치즈계란빵,https://www.10000recipe.com/recipe/6896833
핫케이크가루,계란,우유,피자치즈,슬라이스치즈
핫케이크 가루로 만드는 계란빵 만들기,https://www.10000recipe.com/recipe/6896392
핫케이크가루,우유,계란,베이컨,파슬리
(간편/아침밥/간식/자취)통새우계란빵,https://www.10000recipe.com/recipe/6894995
데친통새우,핫케이크가루,우유,달걀,달걀,스위트콘,모짜렐라치즈,소금,후추,마요네즈,파슬리가루
초간단 모닝계란빵!!,https://www.10000recipe.com/recipe/6894259
모닝빵,계란,파슬리가루,햄,슬라이스치즈
시리얼 계란빵...봄철 아침 건강은 리얼 그래놀라 에그푸딩으로,https://www.10000recipe.com/recipe/6894054
리얼 그래놀라,밀가루+찹쌀가루,베이킹파우더,아몬드가루,삶은밤,볶은콩가루,달걀,우유,달걀,체다치즈,모짜렐라치즈,데친 베이컨,파슬리가루,올리브유
추억의 계란빵 만들기,https://www.10000recipe.com/recipe/6890605
계란,설탕,소금,녹인버터,우유,박력분,추가 계란,파슬리가루,소금,후추
프라이팬에 구워먹는 폭신폭신 부드러운~계란빵 혹은 식빵오믈렛,https://www.10000recipe.com/recipe/6888272
식빵,계란,냉장고속 채소,슬라이스치즈,소금,버터나 식용유,토마토케첩
초스피드 초간단 계란빵,https://www.10000recipe.com/recipe/6887895
달걀,핫케잌가루,우유,소금,후추,파슬리가루
바게트 안에 계란이 쏘옥~ '바게트 계란빵' 만들기,https://www.10000recipe.com/recipe/6886226
바게트,계란,다진 햄,버터,파마산 치즈 갈은 것,파슬리가루,메이플 시럽
겨울엔 따끈한 계란빵,https://www.10000recipe.com/recipe/6885485
계란 반죽에,핫케이크가루,우유,소금,후추,설탕
[얌무 레시피]NO오븐! 계란이 통째로 쏙! 떠먹는 피자계란빵 만들기,https://www.10000recipe.com/recipe/6885142
핫케이크가루,우유,계란,모짜렐라치즈,케첩
핫케익 계란빵 간단 아침 혹은 간식,https://www.10000recipe.com/recipe/6884286
핫케익가루,계란,물,소금
간단계란빵,https://www.10000recipe.com/recipe/6883825
우유,핫케이크가루,체다치즈,달걀,모짜렐라치즈
신혼일기2 베이컨계란빵. 만들기 쉽고 맛있네.,https://www.10000recipe.com/recipe/6882667
식빵,베이컨,계란,소금,후추,파슬리
계란빵 만들기 은근 쉬운걸요~,https://www.10000recipe.com/recipe/6881545
핫케이크가루,계란,빨간파프리카,노란파프리카,슬라이스햄,우유,체다치즈,파슬리가루
영양간식~ 계란빵 만들기,https://www.10000recipe.com/recipe/6881116
박력분,베이킹 파우더,설탕,소금,계란,우유,녹인버터,바닐라 익스트랙,계란,슬라이스 치즈,파슬리가루
[강추] 오븐없이 만드는 초간단 계란빵!,https://www.10000recipe.com/recipe/6879078
사조안심팜,카놀라유,달걀,핫케익가루,치즈,우유,케찹
"초간단 인기간식 전자렌지 계란빵 ,, 황금레시피~",https://www.10000recipe.com/recipe/6878307
계란,핫케이크가루,우유,소금
카스테라계란빵,https://www.10000recipe.com/recipe/6875742
카스테라,계란,스트링치즈,핫바
행복+건강한 동물이 전해주는 행복+건강한 맛!우미스쿠킹 쉐프님의 우유계란빵,https://www.10000recipe.com/recipe/6871609
우유,설탕,박력분,베이킹파우더,바닐라익스트랙,쿠킹오일,소금,달걀,달걀,베이컨,체다치즈,파슬리가루
한컵 고구마 계란빵,https://www.10000recipe.com/recipe/6871346
식빵,치즈,고구마,방울토마토,계란,스파게티소스
노오븐 계란빵 만드는법,https://www.10000recipe.com/recipe/6866863
달걀,핫케잌반죽
계란빵 만드는법 집에서 만드는 국민 겨울간식,https://www.10000recipe.com/recipe/6863842
핫케이크가루,우유,베이컨,계란,파슬리가루,피자치즈
식빵으로 만든 계란빵~*,https://www.10000recipe.com/recipe/6861031
식빵,계란,연유,버터,파슬리가루
모닝빵요리- 초간단 계란빵만들기,https://www.10000recipe.com/recipe/6860849
모닝빵,계란,치즈,파슬리가루
고급진 식빵요리 식빵계란빵 만들기 ,https://www.10000recipe.com/recipe/6860246
식빵,햄,계란,케첩
아이 간식-바나나 두유 & 계란빵,https://www.10000recipe.com/recipe/6858699
모닝빵,버터,계란,치즈,바나나,두유
"계란빵만들기, 아이 간식으로 딱!",https://www.10000recipe.com/recipe/6856986
핫케익가루,흰 우유,계란,체다 슬라이스 치즈,베이컨,식용유
계란빵 - 딸에게# ,https://www.10000recipe.com/recipe/6856948
실키란,식빵,고구마,양파,사과,베이컨,치즈,올리브유
식빵베이컨계란빵 만들기​♩,https://www.10000recipe.com/recipe/6856600
식빵,토마토,계란,베이컨,치즈
핫케익 계란빵,https://www.10000recipe.com/recipe/6855292
핫케익믹스,달걀,우유,달걀노른자,다진파슬리
모닝빵으로 계란빵 만들기 ,https://www.10000recipe.com/recipe/6854213
​모닝빵,계란,치즈,파슬리
계란빵 / 크루통 / 식빵으로 만들기,https://www.10000recipe.com/recipe/6853507
식빵,계란,소금,파슬리가루,버터,식빵,버터,소금,황설탕,파슬리가루
식빵으로 만든 계란빵,https://www.10000recipe.com/recipe/6849072
식빵,계란,햄,크림치즈
고구마 치즈 계란빵,https://www.10000recipe.com/recipe/6846660
찐,달걀,모짜렐라치즈,크림치즈,식용유
계란빵,https://www.10000recipe.com/recipe/6846386
버터,설탕,계란,박력분,우유,베이킹파우더,계란
바게트계란빵/메추리알빵 #남은 바게트로 만드는 달걀빵,https://www.10000recipe.com/recipe/6845181
바게트빵 남은,메추리알,콘옥수수 기호에 따라,소금,파슬리
바게트 계란빵 ,https://www.10000recipe.com/recipe/6842579
바게트,달걀,베이컨,기름,버터
전자렌지를 이용한 계란빵,https://www.10000recipe.com/recipe/6838600
모닝빵,계란,당근,브로컬리,피망,양파,파프리카,소금,후추,파슬리가루,토마토케첩,치즈
초간단 핫케이크계란빵,https://www.10000recipe.com/recipe/6838518
핫케이크가루,우유,계란,파슬리가루,소금
미니계란빵 ,https://www.10000recipe.com/recipe/6831111
메추리알,식빵,마요네즈,모차렐라치즈,파슬리가루,케첩
계란빵 채소듬뿍 영양빵으로 거듭나다!,https://www.10000recipe.com/recipe/6830390
모닝빵,달걀,채소,소금,후추,파슬리가루,치즈,토마토케첩
피크닉 도시락으로 딱 좋은 모닝계란빵과 단호박구이 레시피,https://www.10000recipe.com/recipe/6830169
모닝빵,계란,슬라이스치즈,피자치즈,파슬리,단호박,아가베시럽,버터,소금,아몬드
모닝계란빵 만들기,https://www.10000recipe.com/recipe/6828825
모닝빵,계란,소금,파슬리
아이들과 함께 만들어보세요~ 밥통으로 치즈계란빵 만들기,https://www.10000recipe.com/recipe/6815981
계란,핫케이크가루,파슬리가루,당근,피자치즈,계란,설탕,우유
계란빵 만들기,https://www.10000recipe.com/recipe/6813335
식빵,계란,파프리카,햄,옥수수콘,파슬리가루
바게트 계란빵,https://www.10000recipe.com/recipe/6710854
바게트,계란,베이컨,피자치즈,고운 소금,녹인 버터,후추
토마토계란빵 만들기,https://www.10000recipe.com/recipe/6704031
핫케이크가루,토마토주스,달걀,말린허브가루,소금
모닝 계란빵과 단호박 구이,https://www.10000recipe.com/recipe/6694996
모닝빵,계란,슬라이스치즈,피자치즈,파슬리가루,단호박,버터,아몬드슬라이스,아가베시럽or메이플시럽,버터,소금
영양간식 계란빵,https://www.10000recipe.com/recipe/6606010
도넛가루,물,계란
깨찰 계란빵 만들기,https://www.10000recipe.com/recipe/6505736
깨찰빵,마요네즈,계란,베이컨,파슬리 가루
밥솥으로 만든 계란빵 & 계란빵 카나페,https://www.10000recipe.com/recipe/6497006
달걀,설탕,박력분,베이킹 파우더,레몬,버터,슈가파우더,바나나,건블루베리,꿀
바싹하고 담백한 계란빵,https://www.10000recipe.com/recipe/6147116
식빵,계란,햄,양파,깻잎,소금
초코 계란빵 만들기,https://www.10000recipe.com/recipe/5997419
핫케이크가루,코코아가루,우유,달걀,후리카케
바삭바삭 고소한 하드롤 계란빵,https://www.10000recipe.com/recipe/5922780
강력분,설탕,탈지분유,소금,인스턴트드라이이스트,우유,포도씨유,검은깨,감자,빨강파프리카,양파,닭가슴살소세지,생크림,우유,파르메산치즈가루,파슬리가루,소금,후춧가루,포도씨유
식빵 계란빵 토스트,https://www.10000recipe.com/recipe/5896919
식빵,계란,슬라이스치즈,땅콩버터
식빵 계란빵,https://www.10000recipe.com/recipe/5553122
식빵,계란,베이컨,빵가루,기름,건파슬리가루
계란빵,https://www.10000recipe.com/recipe/5441601
강력분,설탕,이스트,탈지분유,소금,포도씨유,따뜻한물,수분을제거한채소,햄,메추리알,소금,마요네즈,케찹,파슬리가루
감자계란빵,https://www.10000recipe.com/recipe/5285154
계란,슬라이스치즈,감자,긴베이컨,감자전분,소금
겉은 바삭 속은 촉촉한 구라 계란빵,https://www.10000recipe.com/recipe/5165289
계란,식빵,딸기잼,소금
영양만점 계란빵,https://www.10000recipe.com/recipe/4870263
시판용옥수수식빵믹스가루,동봉된드라이이스트,물,우유,버터,소금
