감자탕,추천순,191
"초간단, 5분 이내, 미니멀재료로 닭갈비/감자탕 남은 국물에 볶아먹는 볶음밥 흉내내기, a.k.a.고추장 볶음밥",https://www.10000recipe.com/recipe/6887488
계란,찬밥,고추장,매실청,참기름,김가루
시간이 요리해주는 감자탕!,https://www.10000recipe.com/recipe/6898488
감자탕용 돼지등뼈,감자 작은거,데친 얼갈이 배추,깻잎,월개수 잎,소주,양파,파,사과,마늘,생강,청양고추,고춧가루,멸치액젓,국간장,들깨가루,다진 마늘,미림,고추장,된장
이건 감자탕이 아닌 감자탕맛찌개 ★,https://www.10000recipe.com/recipe/6915544
멸치육수,감자,양파,대파,삶은 시래기,찌개용 돼지고기,묵은지,청주,청양고추,들깨가루,후추,식용유,고춧가루,다진 마늘,고추장,된장,국간장,다진 생강
"백종원 감자탕 레시피, 생각보다 너무 쉽고 맛있어요",https://www.10000recipe.com/recipe/6873935
돼지등뼈,감자,무청,대파,깻잎,물,고추장,된장,고춧가루,다진마늘,국간장,액젓,들깨가루
돼지등뼈를 푸짐하게 즐길 수 있는 뼈다귀 감자탕,https://www.10000recipe.com/recipe/4616268
돼지등뼈,무,통마늘,된장,양파,마늘,소주,통감자,다진마늘,생강즙,맛술,들깨가루,고춧가루,육수
나만의 최애 반찬 시래기 감자탕,https://www.10000recipe.com/recipe/6932913
등뼈,된장,시래기,청양고추,홍고추,대파,소주,들깨가루,팽이버섯,다시다,된장,생강술,월계수잎,시래기,된장,고추장,국간장,고춧가루,다진마늘,참치액,들기름
[집밥] 묵은지감자탕 만드는 법,https://www.10000recipe.com/recipe/6946419
돼지등뼈,감자,묵은지,대파,월계수잎,고추장,된장,국간장,고춧가루,다진마늘,들깨가루,굵은소금
스팸듬뿍! 감자듬뿍! 보글보글♥ 스팸감자탕,https://www.10000recipe.com/recipe/6869393
스팸,묵은지,감자,대파 10cm,청양고추,후추,깻잎,물,고춧가루,고추장,된장,다진마늘,맛술,국간장,들깨가루,설탕
"우거지감자탕 끓이는법 , 류수영 감자탕 간단레시피",https://www.10000recipe.com/recipe/6945348
돼지등뼈,감자,우거지 or시래기,대파,깻잎,월계수잎,소주or 맛술,생강 슬라이스,파뿌리,된장,고추장,고춧가루,다진마늘,간장,새우젓,설탕,들깨가루,청양고추
"만들기는 쉽고 맛은 맛집같은, 돼지고기 등갈비 감자탕",https://www.10000recipe.com/recipe/6895412
물,간마늘,된장,고추장,돼지 등갈비 2줄,감자,고추가루,새우젓,깻잎,잔파,들깨가루
"감자탕 끓이기, 감자탕 만들기,유아반찬,아이반찬,감자요리,등뼈요",https://www.10000recipe.com/recipe/6901233
감자탕 돼지등뼈,깻잎,감자,팽이버섯,물,알배추,된장,간 마늘,고추장,국간장,고춧가루,들깨가루
맛집도 부럽지 않은 집에서 끓이는 감자탕,https://www.10000recipe.com/recipe/4154604
돼지등뼈,감자,배추우거지,깻잎,팽이버섯,청양고추,대파,고춧가루,다진마늘,다진생강,새우젓,국간장,청주,후추,대파,양파,생강,소주,된장
닭다리로 감자탕 끓이기,https://www.10000recipe.com/recipe/6864829
닭다리,감자,사골국물,삶은 취나물,삶은 깻잎,고추장,멸치액젓,고추가루,간마늘,후추가루,월계수잎,들깨가루,파
『국물요리』얼큰하고 시원한 등갈비 감자탕 만들기,https://www.10000recipe.com/recipe/6882446
돼지등갈비,감자,삶은 우거지,대파,청양고추,홍고추,들깻가루,깻잎,소금,대파,마늘,생강,청주,국간장,새우젓,고춧가루,다진마늘,다진생강,청주,후추
집에서도 맛있게 감자탕_보글보글 :D,https://www.10000recipe.com/recipe/6905208
돼지등뼈,깻잎,대파,우거지 또는 시레기 삶은것,감자 중,쌀뜨물,고춧가루,간장,액젓,된장,맛술 또는 청주,다진마늘,다진생강 또는 생강가루,고추장,들깨가루
우거지 감자탕 끓이기. 돼지등뼈 요리. 온가족이 맛있게 먹고 행복해,https://www.10000recipe.com/recipe/6909841
돼지등뼈,우거지,대파,청양고추,고춧가루,간장,고추장,된장,다진마늘,들깨가루,맛술,후춧가루,소금
얼갈이배추로 시원한 감자탕끓이기,https://www.10000recipe.com/recipe/6848254
돼지고기 등뼈,감자,얼갈이배추,깻잎,청양고추,대파,통마늘,생강,월계수잎,소주,통후추,후추가루,고추씨,양파,들깨가루,된장,국간장,다진마늘,다진생강 또는 생강가루,고추가루
뼈다귀해장국/감자탕/주말에 최고!,https://www.10000recipe.com/recipe/6902030
돼지등뼈,감자 큰것,양파,대파,청양고추,월계수잎,깻잎,배추 우거지,생강,된장,고추가루,들깨가루 ,다진마늘,생강가루,후추,소금
백선생 레시피 / 3인분 5천원 감자탕 만들기,https://www.10000recipe.com/recipe/6879059
감자탕용 돼지등뼈,청주,감자,파,우거지,깻잎,된장,고추장,간마늘,고춧가루,국간장,액젓,들깨가루,생강
시래기 뼈다귀 감자탕~♥,https://www.10000recipe.com/recipe/6927428
돼지등뼈,시래기,대파,홍고추,청양고추,감자,월계수잎,깻잎,콩나물,고춧가루,된장,다진마늘,양조간장,국간장,멸치액젓,고추장,들깨가루,후추
(집에서 즐기는 술안주) 등갈비 감자탕 - 등갈비 요리,https://www.10000recipe.com/recipe/6881344
등갈비,대파,양파,청양고추,감자,맛술,된장,고춧가루,다진 마늘,국간장,매실액,액젓,설탕,후춧가루
그냥 쉽게 따라하는 감자탕말고 고급 맛집 감자탕 레시피 쏩니다~~ ,https://www.10000recipe.com/recipe/6905141
돼지등뼈,감자,배추우거지,깻잎,대파,된장,고추장,다진마늘,다진생강,고추가루,국간장,멸치액젓,들깨가루,꽃소금,대파,양파,통마늘,통후추,월계수,생강 한톨
묵은지 감자탕,https://www.10000recipe.com/recipe/6894465
등뼈,김치,된장,다시다
묵은지감자탕 맛있게 만들기,https://www.10000recipe.com/recipe/6863372
돼지등뼈,감자,대파,양파,마늘,생강,청양고추,된장,깻잎,청양고춧가루,맛술,설탕,소금,후추
해장국의 지존~뼈다귀감자탕 잡내없이 맛있게 끓이는 법*^^*,https://www.10000recipe.com/recipe/6901334
돼지등뼈,우거지,감자,양파,대파,통마늘,생강,월계수잎,소주,된장,고춧가루,다진마늘,국간장,맛술,후춧가루,멸치액젓,탕용 들깨가루,소금,깻잎,홍고추,팽이버섯
묵은지 돼지등뼈 감자탕끓이는법 해장국 김치요리,https://www.10000recipe.com/recipe/6955301
돼지등뼈,설탕,간마늘,된장,고춧가루,설탕,청양고추,파,배추김치,된장
돼지등뼈 감자탕 시래기 넣고 푸짐하게 끓이기,https://www.10000recipe.com/recipe/6948738
돼지등뼈,감자,삶은 시래기,대파,생강,청주,된장,고춧가루,간장,고추장,소금,다진 마늘
감자탕 만드는법!! - 요것 한개만 있음 되는 메뉴!!,https://www.10000recipe.com/recipe/6558336
돼지 등뼈,감자,깻잎,삶은 우거지,대파,청양고추,들깨가루,국간장,고춧가루,다진 마늘,생강술,마늘,생강,대파,양파,월계수잎,된장,물
우거지 돼지등뼈 감자탕 레시피 어렵지 않아요~,https://www.10000recipe.com/recipe/6917914
돼지등뼈,말린우거지,감자,천일염,된장,고춧가루,다진 마늘,까나리액젓,생강,소금 취향에 맞게
돼지등뼈 감자탕 정말 맛있게 만드는 법♬,https://www.10000recipe.com/recipe/6922427
돼지등뼈,배추 겉잎 혹은 우거지,감자 중,깻잎,들깨가루,설탕,월계수잎,통후추,집 된장,생강술,시판된장,고춧가루,후추,생강술,다진마늘,대파
깊고 시원한 맛이 일품인 묵은지 감자탕.,https://www.10000recipe.com/recipe/6873923
돼지등뼈,묵은지,감자,양파,대파,마늘,편생강,마른고추,말린파뿌리,매실주,월개수잎,집된장,시판된장,고추가루,후추가루,다진마늘,대파,들깨가루,붉은고추
뜨끈하고 진득한 묵은지 감자탕,https://www.10000recipe.com/recipe/6838101
돼지등뼈,묵은지,감자,양파,고추장,된장,고춧가루,간장,마늘,생강
들깨가루 팍팍 넣은 구수한 감자탕,https://www.10000recipe.com/recipe/6872796
돼지갈비 ,된장,양파,사과,마늘,생강,매운 마른 고추,파,고추가루,국간장,고추장,된장,소금,들깨가루,감자,부추,파,깻잎,얼갈이 배추 우거지
감자탕,https://www.10000recipe.com/recipe/6842008
돼지등뼈,얼갈이단배추,감자,깻순,생강,통후추,청주,맛술,삶은무청시래기,된장,고춧가루,국간장,맛술,다진마늘,참기름,후춧가루,들깨가루
감자탕 :: 국물이 끝내줘요~,https://www.10000recipe.com/recipe/6838571
돼지등뼈,씻은김치,감자,파,된장,고춧가루,다진마늘,들깨가루
뼈다귀감자탕/시래기 감자탕 만드는법,https://www.10000recipe.com/recipe/6861344
뼈,감자,양파,깻잎,대파,삶은 시래기,들깨가루,고춧가루,된장,국간장,새우젓,간마늘,후추
::돼지목뼈찜:: 감자탕말고 간장조림 스타일로 시판소스 첨가해서 간편하게♡,https://www.10000recipe.com/recipe/6884755
돼지목뼈 큰거,당면,베트남고추,양파,파 흰부분,생강,간장,설탕,다진마늘,시판 돼지갈비소스
꿀처 묵은지 감자탕,https://www.10000recipe.com/recipe/6885287
돼지등뼈,묵은지,대파,된장,김치국물,고춧가루,다진마늘,다진생강,다시다,후춧가루,소금
감자탕 맛있게 만드는법,https://www.10000recipe.com/recipe/4803712
돼지등뼈,찐감자,청양고추,깻잎,들깨가루,쪽파,신김치,다진마늘,김치국물,집된장,물,고춧가루
감자탕(뼈다귀탕),https://www.10000recipe.com/recipe/6912636
돼지등뼈,데친 시래기,소주,대파,양파,월계수잎,생강,통마늘,후추,된장,커피,된장,고추장,다진마늘,고춧가루
뼈다귀 감자탕 끓이는법,https://www.10000recipe.com/recipe/4794284
돼지등뼈,굵은 감자,양파,대파,깻잎,생강,마늘,청양고추,된장,통후추,커피,청주,소금,후추,들깨가루
감자탕 황금레시피,https://www.10000recipe.com/recipe/6949142
돼지등뼈,우거지,소주,양파,대파,물,소금,월계수잎,생강,된장,감자,대파,청양고추,진간장,다진마늘,된장,고추가루
"감자탕, 알배추를 넣은 감자탕",https://www.10000recipe.com/recipe/6862870
돼지등뼈,알배추 잎,감자,대파흰부분,깻잎,월계수잎,커피 가루,소주,물,된장,고추장,맛술,간장,청양고추가루,다진마늘,후추,생강가루,들깨가루,소금
감자탕 만드는법,https://www.10000recipe.com/recipe/6831711
돼지등뼈,묵은지,시래기,감자,깻잎,청양고추,양파,월계수잎,된장,고춧가루,간장,다진마늘,들깨가루,돼지삶은국물
묵은지 감자탕.뼈해장국 만드는법 김치요리,https://www.10000recipe.com/recipe/6904838
돼지등뼈,된장,간장,묵은지,파,고춧가루,간마늘,감자
등뼈감자탕 끓이기,https://www.10000recipe.com/recipe/4285759
등뼈,감자,우거지,청량고추,마늘,들깨가루,깻잎,대파,된장,고추가루,소금
뼈다귀 감자탕 만드는법,https://www.10000recipe.com/recipe/3961285
돼지등뼈,감자 작은 것,삶은 우거지,깻잎,들깨가루,대파,홍고추,청고추,팽이버섯,청주,된장,통마늘,생강,양파,대파,월계수잎,국간장,고추가루,다진마늘
감자탕:돼지등뼈 감자탕 집에서 뚝딱~,https://www.10000recipe.com/recipe/6864960
등뼈,시래기,대파,생강,양파껍질,된장,고추가루,마늘,국간장,대파,들깨,깻잎
[우거지감자탕] 쌀쌀한 날 얼큰한 우거지 감자탕 한그릇 어떠세요? -양싸,https://www.10000recipe.com/recipe/6837576
돼지 등뼈,양파,대파,생강,물,청양고추,홍고추,우거지,감자,깻잎,들깨가루,멸치가루,요리수or미림,고추가루,국간장,된장,고추장,다진마늘,다진생강
집밥 백선생 '백종원 등갈비감자탕' 만들기,https://www.10000recipe.com/recipe/6874278
등갈비,맛술,물,감자,대파,생강,깻잎,고추장,된장,다진마늘,고춧가루,국간장,액젓,들깨가루
뼈다귀 해장국(우거지 감자탕) 만들기,https://www.10000recipe.com/recipe/6929135
돼지등뼈,감자,우거지,대파,고추가루,고추장,된장,액젓,다진마늘,들깨가루,물,월계수잎,된장,소주,양파
묵은지감자탕맛있게하는법,https://www.10000recipe.com/recipe/6434463
돼지등뼈,양파,대파,통마늘,건고추,묵은지,감자,당면,소주,들깨,된장,고춧가루,다진마늘,맛술,생강즙,후춧가루,국간장
얼큰 시원한 뼈다귀 감자탕 ,https://www.10000recipe.com/recipe/6830236
돼지등뼈,감자,묵은지,고춧가루,마늘,생강,들깨가루,대파,된장
뼈다귀 감자탕 ,https://www.10000recipe.com/recipe/6828715
뼈다귀,감자,깻잎,대파,소금,들깨가루,대파,양파,마늘,통후추,된장,소주,새우젓,고춧가루,간장,후춧가루,다진마늘,생강가루
시래기 듬뿍 넣은 들깨향 가득 등갈비 감자탕 ,https://www.10000recipe.com/recipe/6859588
등갈비,알감자,시래기 삶은것,청양고추,홍고추,들깨가루,된장,고춧가루,다진마늘,생강가루,맛술,청주,매실청
집밥백선생 백종원 감자탕 만드는 법,https://www.10000recipe.com/recipe/6875817
양념-된장,고추장,간마늘,고춧가루,국간장,들깻가루,액젓
등뼈감자탕 만드는법 :: 쌀쌀한 날씨엔 역시 뜨끈한게 최고!!,https://www.10000recipe.com/recipe/6858939
돼지등뼈,신김치,시래기,파,양파,마늘,고추장,된장,들깨가루,고춧가루,소금,후추
뼈가 쏙쏙~~ 들깨 감자탕,https://www.10000recipe.com/recipe/6842142
돼지등뼈,월계수잎,다진생강,후추,깨순,감자,양파,우거지,들깨가루,고춧가루,다진마늘,된장,간장,설탕,와사비,물
돼지등뼈 감자탕 저녁메뉴,https://www.10000recipe.com/recipe/6881809
돼지등뼈,감자,배추,깻잎,고춧가루,청주,간장,다진 마늘,새우젓,된장,고추장,후춧가루,소금,들깻가루,찹쌀가루,통후추,소주,대파 20cm
맛있는 돼지등뼈 감자탕맛있게 끓이기 !!황금 레시피,https://www.10000recipe.com/recipe/6876147
돼지등뼈 통째로,삶은시래기,깻잎 각각,마늘,생강 각각,고추가루,들깨가루,된장,약술,대파,감자,청양고추
묵은지 감자탕 끓이는법 알고보면 쉽다,https://www.10000recipe.com/recipe/6860761
돼지등뼈,묵은지,깻잎,된장,후춧가루,소금,국간장
돼지등뼈 감자탕 만드는 법! 무청 넣어 푸짐한 해장국~,https://www.10000recipe.com/recipe/6899679
돼지등뼈,감자,삶은무청시래기,깻잎,마른청양고추,들깨가루,대파,통후추,정향,월계수잎,다시마,물,된장,마늘,생강,통후추,된장,마늘,생강,고춧가루,다시물,진간장,국간장,마늘,발효겨자,진간장,미림
돼지등뼈 감자탕....찬바람이 불땐 따끈하고 얼큰한 국물요리가 최고,https://www.10000recipe.com/recipe/6897514
돼지등뼈,감자,배추 우거지,대파,청양고추,청주,참치액,들깨가루,월계수잎,통후추,생강,된장,고춧가루,다진마늘,맛술,새우젓,겨자,간장,설탕,식초,물
"돼지등뼈감자탕 만들기, 집에서도 맛있게!",https://www.10000recipe.com/recipe/6878919
돼지등뼈,시래기,우거지,감자,파,들깨가루,된장,천일염,고춧가루,다진마늘,액젓,생강,물엿,미원,국간장
뼈다귀감자탕 황금레시피/토란대 듬뿍 얼큰한 탕요리~,https://www.10000recipe.com/recipe/6838676
감자탕용 돼지등뼈,토란대,양파,청양고추,물,소주,들깨가루,고춧가루,된장,국간장,굵은소금,다진마늘,생강가루나 다진생강,뼈삶은 물,토란대양념 국간장,고춧가루
뼈다귀탕(감자탕),https://www.10000recipe.com/recipe/6928864
등뼈,시래기,소주,대파,양파,월계수잎,생강,통마늘,통후추,된장,커피,된장,고추장,다진마늘,고춧가루
감자탕 ,https://www.10000recipe.com/recipe/6839515
돼지등뼈,불린무청시래기,감자,월계수잎,통후추,된장,마늘,생강 엄지손가락 반만한크기,대파,고춧가루,청주,된장,굵은 소금,들깨가루,볶은콩가루
묵은지 뼈다귀 감자탕 만들기,https://www.10000recipe.com/recipe/6694761
돼지등뼈,묵은지,양파,대파,청주,감자,된장,고추가루,간장,다진마늘,청주,후추,참기름
푹~ 보글보글 감자탕 만들기,https://www.10000recipe.com/recipe/5455956
돼지등뼈 ,감자,양파,들깨가루,깻잎,청양고추,대파,서리태,우거지,생강,월계수잎,까나리액젓,된장,고춧가루,다진마늘,새우젓,국간장,뼈다귀 육수,물,인스턴트커피,생강,다진마늘,월계수잎
돼지등뼈 감자탕 만드는 법. 구수한 맛 좋아~,https://www.10000recipe.com/recipe/6862269
돼지등뼈,우거지,대파,감자,들깨가루,마늘,소금,고춧가루,대파,양파,다시마,된장,대추,마늘,월계수잎,생강,소금
뼈에 붙은 살코기 먹는 재미 감자탕,https://www.10000recipe.com/recipe/6870843
돼지등뼈,감자,배추우거지,삶은무청시래기,깻잎,들깻가루,대파,생강,통마늘,된장,소주,대파,물,다진 마늘,된장,고춧가루,간장재래 간장,후춧가루,등뼈 삶은 육수,소금
감자탕/돼지등뼈해장국~돼지등뼈고기를 연하게 만드는팁!,https://www.10000recipe.com/recipe/6838403
돼지등뼈,대파,양파,편생강,통후추,월계수잎,감자 어린이주먹크기,배추우거지,청양고추,고추가루,생강술,된장,설탕,들깨가루,후추가루,소금
돼지등뼈 김치감자탕,https://www.10000recipe.com/recipe/6943355
돼지등뼈,잘익은 김치,물 김치가 잠길락말락하게,된장,대파,무3cm,생강,마늘,월계수잎,양파,청양고추,통후추
묵은지 감자탕 ,https://www.10000recipe.com/recipe/6898760
뼈다귀,월계수잎,통마늘,통후추,대파,양파,된장,깻잎,대파,고추,고춧가루,청주,고추장,된장,국간장,다진마늘,참기름
감자탕.,https://www.10000recipe.com/recipe/6526848
돼지등뼈,단배추,감자,깻순,들깨가루,삶은무청시래기,생강,통후추,청주,맛술,된장,고춧가루,국간장,맛술,다진마늘,참기름,후춧가루
뼈다귀 감자탕 끓이기,https://www.10000recipe.com/recipe/6832293
돼지등뼈,삶은 우거지,감자,깻잎,물,대파,양파,통마늘,통후추,청주,들깨가루,소금,된장,고춧가루,다진마늘,천연다시다,참기름,후춧가루
감자탕::뼈다귀탕 만들기,https://www.10000recipe.com/recipe/6842181
돼지등뼈,감자,시래기,깻잎,쑥갓,된장,마늘,간장,고추장,소금,생강,소주
뼈해장국 집에서 만드는 방법 소개~ 1분조리법 / 감자탕 레시피,https://www.10000recipe.com/recipe/995307
돼지 등뼈,월계수잎,소주,고추장,된장,다진마늘,후추,청양고추,간장,쯔유,배즙,고춧가루
(집에서 즐기는 술안주) 감자탕 - 저렴한 돼지목뼈로 만드는 감자탕,https://www.10000recipe.com/recipe/6847494
돼지 목뼈,대파,양파,감자,양배추,당근,버섯,곤약,청양고추,통마늘,통후추,소주,파뿌리,된장,고춧가루,다진 마늘,진간장,설탕,후춧가루
뼈다귀해장국 감자탕 만들기 ~ 진국일세 진국이야.~~,https://www.10000recipe.com/recipe/6900746
돼지고기등뼈,감자 삶은것,우거지,깻잎,매운 건고추,후추,생 들깨가루,물,물,대파,양파,대추,생강,마늘,월계수잎,된장,고춧가루,천일염,맛소금,마늘,생강,물
"뼈다귀탕 해장국 (감자탕)~*
",https://www.10000recipe.com/recipe/6868838
돼지등뼈,삶은시래기,천연향신료,월계수잎,대파,생강,통마늘,된장,소주,후추,액젓,된장,고추장,고춧가루,후추,들깨가루,다진마늘,국간장
뼈다귀감자탕 감자탕 맛있게 끓이기,https://www.10000recipe.com/recipe/6855283
돼지등뼈,감자,대파,양파,마늘,생강,청양고추,된장,굵은 고춧가루,맵고 고운 고춧가루,맛술,소금,후추
감자탕,https://www.10000recipe.com/recipe/6876583
돼지 뼈,감자,우거지,깻잎,굵은 파,양파,청양고추,천연조미료,들깨가루,소금,소주,된장,고춧가루,마늘,생강,통후추
묵은지 감자탕 ,https://www.10000recipe.com/recipe/6834751
돼지 등뼈,묵은지,감자,우거지,고춧가루,된장,고추장,국간장,다진마늘,다진생강
시래기감자탕 연말에 가족들이 함께 즐기는 뼈다기 시래기 감자탕,https://www.10000recipe.com/recipe/2403118
돼지등뼈 시래기,감자大,청고추,홍고추,대파,된장,고추장,고춧가루,천연조미료,국간장,다진마늘,생강가루,맛술,소주
뼈다귀 감자탕 만드는 법,https://www.10000recipe.com/recipe/6843484
돼지등뼈,알감자,대파,양파,청양고추,깻잎,청양 고춧가루,다진 청양고추,양파즙,마늘,생강,맛술,소금,후추,된장
돼지등뼈 감자탕 만드는 법,https://www.10000recipe.com/recipe/6880833
돼지 등뼈,얼갈이배추or무청시래기,감자 중간 것,깻잎,물,월계수 잎,생강,대파 흰대,통후추,소주,된장,고추가루,다진마늘,맛술,소금
감자탕,https://www.10000recipe.com/recipe/6434471
돼지 등뼈,감자,얼갈이 데친거,등뼈삶은물,깻잎,양파,대파,생강,마늘,청고추,홍고추,들깨가루,다진마늘,된장,고춧가루
시래기 넣은 감자탕(뼈 발라먹는 재미가 쏠쏠 돼지등뼈감자탕),https://www.10000recipe.com/recipe/6853314
돼지등뼈,불린 시래기,깻잎,들깻가루,고추장,고춧가루,소금,맛술,배즙,사과즙,파,청양고추,생강,월계수잎,통후추,고춧가루,다진마늘,고추장,된장,액젓,물,배즙,사과즙,고추장,고춧가루,소금
시래기 감자탕,https://www.10000recipe.com/recipe/1805484
신광에코팜 된장국,돼지 등뼈,들깨,파,마늘,고춧가루,소금,간장,생강,깻잎
묵은지 감자탕~요즘날씨에 딱 어울리는 구수하고 칼칼한 묵은지 감자탕,https://www.10000recipe.com/recipe/6888918
등뼈,감자 작은것,묵은지,청양고추,통마늘,대파,깻잎,된장,고춧가루,간장,맛술,다진마늘,생강,후추
뼈다귀 해장국(묵은지 감자탕) ,https://www.10000recipe.com/recipe/6860014
돼지등뼈 ,깻잎,대파,양파,대파,통마늘,통후추,월계수잎,된장,커피가루,청주,고춧가루,고추장,된장,국간장,다진마늘,참기름
돼지등뼈감자탕 만드는 법♪ 우거지감자탕 만들기 황금레시피,https://www.10000recipe.com/recipe/6833713
재료: 돼지등뼈,우거지,대파,버섯 양념: 된장,고춧가루,다진마늘,까나리액젓,소금
뼈다귀감자탕,https://www.10000recipe.com/recipe/557104
뼈다귀,감자,깻잎,홍고추,대파,생강,양파,땡초,된장,소주,고춧가루,새우젓,마늘
"감자탕 만드는법,감자탕 끓이는법",https://www.10000recipe.com/recipe/6756039
돼지등뼈,감자,시래기,깻잎,대파,월계수잎,통마늘,커피가루,국간장,들깨가루,된장,고추장,고추가루,국간장,다진마늘,후추
감자탕 황금레시피,https://www.10000recipe.com/recipe/6866761
돼지등뼈,다진생강,생강,청주,된장,들깨가루,감자,양파,우거지,소금 개인간에,고추장,고춧가루,다진마늘,간장,후추
묵은지 감자탕,https://www.10000recipe.com/recipe/2638901
돼지등뼈,묵은지,감자,양파,버섯,대파,청양고추,깻잎,고춧가루,들깨가루,사리,소금,고춧가루,국간장,청주,된장,고추장,다진마늘,생강,후춧가루,들깨가루
시래기 감자탕,https://www.10000recipe.com/recipe/31016
시래기,돼지등뼈,청양고추,콩나물,대파,깻잎,마늘,양파,대파,조선간장,간장,다진마늘,매실청,고춧가루,후추,된장,들깨가루,소금
감자탕 맛있게 끓이는 법. 감자탕 유래. 발라먹는 재미가 있는 시래기 등뼈 감자탕.,https://www.10000recipe.com/recipe/6852956
돼지등뼈,삶은 시래기,감자,깻잎,생강,대파,양파,월계수잎,통후추,통마늘,된장,고춧가루,소금,멸치액젓,간마늘,생강술,들깨가루
가끔은 조미료 안들어간 감자탕을 먹고싶을때..집에서 해먹기♡,https://www.10000recipe.com/recipe/956192
돼지고기등뼈,우거지,감자,간마늘,묵은지,대파,된장,고춧가루
백종원 감자탕 황금레시피 이대로라면 실패없어,https://www.10000recipe.com/recipe/6852508
돼지등뼈,감자,시래기,고추장,된장,고추가루,국간장,맛술,액젓,다진마늘,들깨가루,월개수잎,물,다진파
뼈다귀 해장국 끓이기~여기에 감자를 넣음 감자탕,https://www.10000recipe.com/recipe/6842431
돼지등뼈,묵은지,대파,양파,깻잎,마늘,된장,액젓,들깨가루,고춧가루,소금,후추,생수,생강,마늘,월계수잎,통후추,청주 또는 맛술
깊고 맛있는 시래기등뼈감자탕 쉽게 끓이기 ,https://www.10000recipe.com/recipe/5776079
돼지등뼈,시래기,감자,대파,맛술,다진마늘,된장,생강가루,참치액,고춧가루
묵은지 감자탕 끓이기,https://www.10000recipe.com/recipe/6924622
돼지등뼈,묵은지,감자,대파,깻잎,들깨가루,홍고추,통마늘,맛술,생강,양파,참치액,국간장,고춧가루,고추장,된장,다진마늘,후춧가루
칼칼한 국물 최고 감자탕,https://www.10000recipe.com/recipe/6957097
돼지고기등뼈,우거지,묵은지,양파,대파,감자,팽이버섯,깻잎,된장,고춧가루,국간장,참치액,청주,생강,마늘,후추,참기름,매실청
감자탕 황금레시피 남다른 감자탕!,https://www.10000recipe.com/recipe/6955107
돼지 등뼈,시래기,감자,청양고추,대파,월계수잎,통후추,소주,생강가루,생강술,고춧가루,된장,멸치,후추가루,들깻가루,양파,고추장,다진마늘
묵은지 감자탕 끓이는 법 어렵지않아요~,https://www.10000recipe.com/recipe/6954336
돼지등뼈,된장,대파,물,묵은지,​고춧가루,다진마늘,국간장,소금,후추
감자탕 끓이는법 묵은지요리 돼지등뼈 해장국,https://www.10000recipe.com/recipe/6953000
돼지등뼈,설탕,간마늘,된장,고춧가루,설탕,청양고추,파,배추김치,된장
[코스트코 돼지등갈비 활용] 감자탕,https://www.10000recipe.com/recipe/6951277
돼지등갈비,감자,세라뇨,파,미림,간장,멸치액젓,마늘,생강,고추가루,얼갈이배추,들깨가루
집에서도 먹을수 있는 감자탕 맛있게 끓이는 법 @ 감자탕 황금레시피,https://www.10000recipe.com/recipe/6951129
감자탕등뼈,고추가루,국간장,다진마늘,맛술,시래기,된장
묵은지 감자탕 만들기 이시국 간단하고 든든한 집콕요리,https://www.10000recipe.com/recipe/6950338
돼지등뼈,김치,대파,청양고추,월계수잎,통마늘,다진마늘,된장,고춧가루,간장,들깨가루
뼈다귀해장국 끓이기. 감자탕 보다 더 맛있게 끓이는법.,https://www.10000recipe.com/recipe/6950121
돼지 등뼈,우거지,숙주나물,애호박,청,홍고추,깻잎,양파,된장,고춧가루,소금,멸치액젓,간마늘,후추,들깨가루
감자탕 푸짐한 어렵지 않는 메인메뉴,https://www.10000recipe.com/recipe/6949005
등뼈,양파,월계수잎,된장,통마늘,청양고추,대파,단배추,감자,국간장,고춧가루,다진마늘,청주
5.000원에 행복! 다발무 담그고 무청시래기감자탕 ,https://www.10000recipe.com/recipe/6948362
돼지등뼈,소주,월계수,마늘,파뿌리,쌀뜨물,돼지사골육수,삶은무청시래기,감자,깻잎,소고기다시다,치킨스톡,맛술,마늘,고추가루,된장,들깨가루,파
그냥따라하는 부드러운 감자탕 레시피,https://www.10000recipe.com/recipe/6947647
돼지등뼈,표고버섯 중 크기,팽이버섯,감자 중간 크기,우거지,대파 파란 부분,들깻가루,간마늘,깻잎,올리브 잎,소주,물,양파,마늘,대파 흰색 부분,생강,통후추,된장,고춧가루,간 마늘,생강가루,새우젓,국간장,후추,청양고추
집밥/ 저녁 찌개/등갈비 감자탕,https://www.10000recipe.com/recipe/6947568
등 갈비,소주 혹은 정종 /,커피,된장,양파,대파,통마늘,채소 : 시래기,감자,대파,청양고추,깻잎,다진 양념 : 간장,고춧가루,생강가루,소주 혹은 정종,새우젓,마늘,들깻가루,소금
등갈비를 넣은 백종원감자탕 끓이는법,https://www.10000recipe.com/recipe/6946230
등갈비,감자,대파,깻잎,맛술,된장,고추장,다진 마늘,고춧가루,국간장,액젓,다진 생강,들깨가루
시래기 감자탕 만들기,https://www.10000recipe.com/recipe/6946225
돼지등뼈,시래기,대파,감자,느타리버섯,팽이버섯,소주,생강가루,된장,생수,국간장,된장,들기름,고추가루,들깨가루
 얼큰하고 구수한 버섯 감자탕 국물까지 싹! (with 정식품 콩국물),https://www.10000recipe.com/recipe/6946216
대패앞다리살,감자 중간크기,표고버섯,양파,대파,맛술,후춧가루,국물용 멸치,다시마,물,고추장,된장,고춧가루,국간장,정식품 검은콩 콩국물,다진 마늘,들깨가루
﻿[묵은지 감자탕][뼈다귀해장국] 밥도둑 만들기,https://www.10000recipe.com/recipe/6945958
돼지등뼈,감자,묵은지,시래기,홍고추,깻잎,대파,팽이버섯,월계수잎,통후추,양파,미림,생강가루,된장 큰,된장 한,다진마늘,참기름,고추가루,시판된장,집된장,고추장,참치액젓,간장,미림,고추가루,다진마늘
초강추) 들깨 감자탕과 감자수제비,https://www.10000recipe.com/recipe/6944925
돼지고기 등뼈,감자,양파,쪽파,깻잎,팽이버섯,마늘,배추잎,시래기,된장,고추가루,들깨가루,소금,후추,된장,생강,양파,간장,매실청,물,와사비,밀가루,감자전분,물
여름보양식 삼계탕 대신 묵은지 감자탕 만들기,https://www.10000recipe.com/recipe/6944528
감자탕 뼈,묵은지,된장,생강,감자,고추가루,대파,팽이버섯,부추,마늘다진것,월계수잎,후추,소금
뼈다귀 해장국 (감자탕),https://www.10000recipe.com/recipe/6943266
생등뼈,데친시래기,대파,소주,액젓,월계수잎,통후추,후추,통마늘,생강,된장,고추장,다진마늘,고춧가루,액젓
묵은지 감자탕 맛있게 만드는법,https://www.10000recipe.com/recipe/6941627
돼지등뼈,설탕,커피,감자,간마늘,고추장,고춧가루,파,고추,간장,된장,소금
백종원 돼지목뼈(등뼈) 김치 감자탕,https://www.10000recipe.com/recipe/6939973
돼지목뼈,양파,잔파,생강,맛술,포기김치,감자,물,고추장,된장,고춧가루,국간장,멸치액젓,다진마늘,들깨가루,새우젓
"감자탕만들기/구수하고 찐한 감자탕/단체급식, 구내식당 레시피",https://www.10000recipe.com/recipe/6939922
돼지목뼈,소주,양파,대파,다진 생강,통후추,월계수잎,배추+무청 우거지 =,된장,고추장,멸치 액젓,마늘 크게,고춧가루,후추,다시다,고추기름,감자,들깨가루,소금,대파,청양고추,부추,깻잎
초간단 감자탕라면~*,https://www.10000recipe.com/recipe/6938956
라면사리,감자탕,대파
묵은지 사뎅이(묵은지 감자탕),https://www.10000recipe.com/recipe/6937526
등뼈,김치,된장,월계수잎,통후추,생강술,커피믹스,된장,고춧가루,생강술,청양고추,다시다
초보자도 간단하게만드는 돼지고기등뼈감자탕 만들기,https://www.10000recipe.com/recipe/6936476
돼지등뼈,양파,대파,배추김치,국간장,멸치액젓또는액젓류,고춧가루,블랙커피,월계수잎 2장~,고춧가루,된장,맛소금
묵은지 돼지등뼈 감자탕 묵은지 뼈해장국 만드는법,https://www.10000recipe.com/recipe/6934907
돼지등뼈,설탕,커피,감자,간마늘,고추장,고춧가루,파,고추,간장,된장,소금
돼지등뼈 갈비탕~♥,https://www.10000recipe.com/recipe/6933080
돼지등뼈,삼계탕 재료,엄나무,대파,양파,배,월계수잎,맛소금,후추
"뼈다귀해장국, 감자탕 집에서 끓이기",https://www.10000recipe.com/recipe/6931698
돼지등뼈,통후추,월계수,​간장,국간장,된장,고추가루,다진마늘,대파,무청,소금,후추
김수미 감자탕 앙념장 이렇게 해보세요,https://www.10000recipe.com/recipe/6930565
돼지등뼈,소주,된장,어간장,국간장,고춧가루,생강즙,다진마늘,매실액,후추가루,육수팩,깻잎,청양고추,감자,얼갈이
감자탕 끓이는법 실패없는 레시피,https://www.10000recipe.com/recipe/6928936
돼지등뼈,대파,양파,월계수잎,파뿌리,우거지,감자,소주,맥주,고추가루,소금,다진마늘
묵은지 돼지등뼈 감자탕 뼈해장국 황금레시피,https://www.10000recipe.com/recipe/6927356
돼지등뼈,설탕,커피,감자,간마늘,고추장,고춧가루,파,고추,간장,된장,소금
색다른 라면 요리 감자탕라면 간단 자취 레시피,https://www.10000recipe.com/recipe/6927246
라면,감자,들깨가루
감지탕만들기,https://www.10000recipe.com/recipe/6926851
돼지등뼈,시래기,깻잎 이나 깻단,들깨가루,대파 또는 양파,된장,술,소금
뜨끈~한 등뼈 감자탕 : 추워지면 더 맛있는 국물 요리 ,https://www.10000recipe.com/recipe/6926629
돼지등뼈,삶은시래기,청주,물,집된장,국간장,멸치액젓,고춧가루,다진마늘,깻잎
"돼지등뼈 묵은지 감자탕, 저녁메뉴 추천",https://www.10000recipe.com/recipe/6926589
돼지등뼈,묵은지,죽순,감자,양파,부추,대파,깻잎,청양고추,물,소주,들깨가루,된장,고춧가루,다진 마늘,다진 생강,후추,다시마,초고추장
저렴하면서도 푸짐하게 먹을수있는 얼갈이 돼지등뼈감자탕~,https://www.10000recipe.com/recipe/6926323
돼지등뼈,얼갈이,청양고추,말린 파뿌리,월계수잎,샐러리,통후추,감자,깻잎,양파,고추가루,다진마늘,생강가루,후추가루,생강술
감자탕맛고추장찌개,https://www.10000recipe.com/recipe/6924785
감자,양파,깻잎,청양고추,물,고추장,소금,고추가루,다진마늘,참기름,미원
남은 감자탕 밥 볶아먹기~*,https://www.10000recipe.com/recipe/6924473
감자탕적당량,달걀,김가루,김치,후추,참기름
"감자탕 만드는 법 , 조리시간까지 자세히",https://www.10000recipe.com/recipe/6922323
돼지 등뼈,중 감자,대파,통후추,삶은 시래기,마늘,깻잎,생강,청주,깻가루,올리브 잎,소주,고춧가루,마늘,생강가루,새우젓,국간장,후추,토란대,고구마순 등 합쳐서,부추,콩나물,사과,청양고추
알토란 이병우 셰프의 감자탕 황금레시피,https://www.10000recipe.com/recipe/6922196
감자,돼지 등뼈,우거지,애호박,청양고추,된장,고춧가루,월계수잎,생강,쌀뜨물,대파,소주,다진 마늘,다진 새우젓,깻잎,들깨가루,소금과 후추,우거지,된장,들기름,다진 새우젓,고춧가루,다진 마늘
집에서 더욱 맛있게 즐기는 감자탕 레시피,https://www.10000recipe.com/recipe/6921066
돼지등뼈,감자,삼계탕 육수 재료,배추,새송이버섯,깻잎,쪽파,팽이버섯,된장,다진마늘,고춧가루,후춧가루,물,소금,들깻가루,당면,간장,맛술,후추,겨자,꿀
 뜨끈한 국물요리 : 돼지등뼈 감자탕 / Gamja-tang,https://www.10000recipe.com/recipe/6920811
돼지등뼈,감자,대파,월계수잎,후춧가루,물,간마늘,고춧가루,된장,간장,콩가루,시래기,들깨가루
기름기적고 담백한 감자탕,https://www.10000recipe.com/recipe/6918290
돼지등뼈,감자,양파,마늘,깻잎,시래기,다담된장찌게,참치액,들깨가루,소주,고추가루,후추,물
등갈비감자탕,https://www.10000recipe.com/recipe/6917140
등갈비,감자,양파,대파,깻잎,오가피,엄나무,간장,물,고추장,된장,고추가루,다진생강,다진마늘,소금,물,들깨가루
감자탕이 보글보글 끓으면 내마음도 따끈따끈,https://www.10000recipe.com/recipe/6913849
돼지등뼈,시래기,삶은 감자,대파,청양고추,홍고추,깻잎,통후추,소주,생강,고춧가루,된장,국간장,다진마늘,들깨가루
간편히 밥솥으로 하는 뼈없는 감자탕 ,https://www.10000recipe.com/recipe/6912819
돼지고기 250g,멸치가루,무청,감자,다진 파,물,들깨가루,산초가루,참기름,고추장,된장,다진마늘,고춧가루,액젓,국간장
#매콤 포슬포슬 감자탕#,https://www.10000recipe.com/recipe/6912679
돼지목뼈살,감자,깻잎,마늘,고춧가루,월계수잎,들깨가루,고추장,생강,마늘,파,양파
몸 보강에 좋은 닭고기로 (황기 감자탕 백숙) 이라고 들어봤나요.,https://www.10000recipe.com/recipe/6911067
닭 1kg,황기,감자,찹쌀,대추,밤,물,천일염,맛술
지금 제철인 간단하고 구수한 감자탕 백숙 들어나 봤을까?,https://www.10000recipe.com/recipe/6908540
닭 1kg,감자,대파,물,소금,다진마늘,맛술,후추
감자탕~뼈해장국 - 딸에게# / 김장 우거지활용,https://www.10000recipe.com/recipe/6907660
갈치포,무,간장,조청,대파,청양고추,다진마늘,소주,고추장,고추가루,식용유
초복에 구수한 닭 감자탕,https://www.10000recipe.com/recipe/6905579
볶음용 닭,감자 ,양파 ,대파,통마늘,물,청량고추,홍고추,소금,후추
감자탕만들기 깨쟁이요리 보양식 만개의레시피,https://www.10000recipe.com/recipe/6905285
돼지등뼈,씨레기,육수:파뿌리,육수:생강,감자,파,고추가루,액젓,고추장,된장,다진마늘,양파즙
정말 아-무것도하기싫을때♥옛날들깨감자탕,https://www.10000recipe.com/recipe/6902494
오뚜기옛날들깨감자탕,오뚜기 톡톡김치알밥
우거지 감자탕 끓였어요~,https://www.10000recipe.com/recipe/6901800
등뼈,우거지,감자,양파,팽이버섯,깻잎,청양고추,홍고추,대파,들깨가루,된장,고추장,고춧가루,국간장,다진마늘
뼈다귀해장국~감자탕 - 딸에게#/ 돼지등뼈탕,https://www.10000recipe.com/recipe/6901018
돼지등뼈,마늘,통후추,설탕,굴소스,소금,우거지 삶은거,된장,청양고추가루,고추가루,집간장,다진마늘,감자 작은거,양파,대파
시래기감자탕,https://www.10000recipe.com/recipe/6900008
돼지등뼈,삶은시래기,김치,된장
묵은지 감자탕. 신김치 활용.,https://www.10000recipe.com/recipe/6895267
돼지등뼈,묵은지,깻잎,다진마늘,된장,설탕,고춧가루,들깨가루
손쉽게 끓여낸 돼지등뼈 감자탕 한 냄비,https://www.10000recipe.com/recipe/6894756
돼지등뼈,감자,깻잎,대파,배추 반 포기 OR 우거지,양파,고춧가루,다진 마늘,다진 생강,소금,미림,후춧가루,기름
레알! 진짜! 헐! 감자탕맛 난다! 감자탕라면,https://www.10000recipe.com/recipe/6894283
너구리 라면,감자,깻잎,청양고추,들깨가루,물
"잡내 1도없는 맛있는 진국
돼지등뼈감자탕",https://www.10000recipe.com/recipe/6892666
돼지등뼈,감자,돼지사골,우거지,생강,마늘,건조파뿌리,통후추,월계수잎,쌀뜨물,소주,깻잎순,파,고추가루,소고기다시다,새우젓,마늘,청국장,소금
해장으로도 딱! 김치 감자탕 만드는 법,https://www.10000recipe.com/recipe/6890262
돼지등뼈,김치,감자,고추가루,된장,다진마늘,맛술,설탕,후추
#집밥백선생 돼지등뼈를 이용한 감자탕만들기 #건취나물과 감자 수북하게 들어간 칼칼하고 구수한 감자탕!!!,https://www.10000recipe.com/recipe/6888865
돼지등뼈,감자,건취나물,표고버섯,돼지호박,당근,양파,대파,다진마늘,고춧가루,고추장,된장,국간장,액젓,생강가루,들깨가루,후추,청주,통후추,월계수잎
【감자탕 사먹는 맛처럼 따라잡기~!】,https://www.10000recipe.com/recipe/6888321
돼지등뼈,깻잎,대파,땡초,감자,양파껍질,파뿌리,소주,양파,대파,통마늘,생강,된장,우거지,된장,고추장,고춧가루,땡초,국간장,멸치액젓,다진마늘,후춧가루
"백선생 감자탕, 등갈비로 깔끔한 맛",https://www.10000recipe.com/recipe/6887936
등갈비,감자,깻잎,대파,맛술,죽순,데친 얼갈이배추,버섯,된장,고추장,집간장,까나리액젓,고춧가루,생강,다진마늘,물,들깨가루
시래기 감자탕,https://www.10000recipe.com/recipe/6886565
돼지등뼈,삶은 시래기,양파,월계수잎,깐마늘,대파,통후추,청주,고추장 듬뿍,시판 맛된장 듬뿍,고춧가루,맛간장,참치진국,다진 마늘,들깨가루 듬뿍,후추
뜨근한 탕이 그리워질 때-감자탕,https://www.10000recipe.com/recipe/6881009
돼지등뼈,양파,마늘,대파,통후추,생강,감자,고춧가루,고추장,간장,소금,들깨,깻잎
#레토르트 우거지뼈해장국을 이용해서 감자탕만들기 #삶은 감자를 넣고 들깨가루 넣어서 끓이는 집에서 먹는 감자탕!!,https://www.10000recipe.com/recipe/6880428
배추우거지,삶은감자,들깨가루,대파,묵은지
묵은지와 감자가 만나면 묵은지감자탕~~~~,https://www.10000recipe.com/recipe/6879537
등뼈,묵은지,감자,양파,대파,다진마늘,생강,고추장,고추가루,소주,월계수잎,통후추
초간단 감자탕 라면 만들기!,https://www.10000recipe.com/recipe/6879117
라면,감자,깻잎,들깨
알고 먹으면 더 맛있는 감자탕과 고갈비,https://www.10000recipe.com/recipe/6875290
등뼈,감자,우거지,대파,마늘,된장,간장,고등어,콩기름
<감자탕맛라면> 나만의 라면레시피 고기없이 감자탕맛 나는 혼술안주요리,https://www.10000recipe.com/recipe/6874851
라면,깻잎,거피들깨가루,청양고춧가루,찬밥
돼지등뼈 감자탕 만드는 법 :),https://www.10000recipe.com/recipe/6874359
돼지등갈비,양파,대파,커피가루,통후추,된장,고추장,소금,간장,김치,감자,양파,통마늘
"감자탕 황금레시피,뼈다귀해장국 만드는법 비법전수!!",https://www.10000recipe.com/recipe/6873836
월계수잎,생강,통마늘,후추,생강술/청주/미림/소주, ,김치,된장,굵은소금,다진마늘,파,새우젓
안심하고 먹어요~ 집에서 끓인 영양식 [감자탕],https://www.10000recipe.com/recipe/6871307
돼지등뼈,데친 우거지,감자,깻잎,청양고추,대파,물,여분의 물,천일염,고춧가루,된장,간장,들깨가루,다진마늘,맛술,고춧가루,된장,들기름,대파 흰부분,양파,통마늘,맛술
뼈다귀탕~*(감자빠진감자탕),https://www.10000recipe.com/recipe/6870347
돼지등뼈,단배추얼갈이,통마늘,대파,방아잎 크게,청주,커피,된장,고추장,다진마늘,액젓,고춧가루,들깨가루,후추
감자탕 만드는법 - 집에서 만든 감자탕 좋으네요,https://www.10000recipe.com/recipe/6869193
돼지등뼈,감자,얼갈이배추,깻잎, ,고춧가루,청주,간장,다진마늘,다진새우젓,된장,고추장,후춧가루,소주,통후추,대파,소금,들깻가루
감자탕 뼈해장국 만들기 황금레시피♬,https://www.10000recipe.com/recipe/6868873
돼지등뼈,된장,삶은무청시래기,삶은배추얼갈이,감자,물,날콩가루,들깨가루,콩죽용물,물,일반고추가루,청양고추가루,간생강,간마늘,굵은소금,다시다
깔끔하고 진한 감자탕,https://www.10000recipe.com/recipe/6868612
돈등뼈,돼지갈비,감자,대파,우거지,시레기,깻잎,월계수잎,양파,통마늘,통후추,된장,고추장,고추가루,간장,들깨가루,마늘
구수하고 얼큰한 감자탕 해장에도 좋아요~,https://www.10000recipe.com/recipe/6868215
돼지등뼈,감자,얼갈이,양파,대파,깻잎,들깻가루,다진마늘,된장,생강즙,국간장,고춧가루,참기름,육수
뼈다귀 감자탕,https://www.10000recipe.com/recipe/6865183
등뼈,감자,깻잎,대파,양파,된장,월계수잎,후추,소주,고춧가루,소금,다진마늘,들깨가루,시레기,된장,후추 대충,고추가루,소주,소금,다진마늘
묵은지감자탕만드는법-부들부들한 등뼈로 맛있는 감자탕을!,https://www.10000recipe.com/recipe/6862358
뼈,감자,청양고추,홍고추,깻잎 단,대파,묵은지,된장,고춧가루,마늘,생강,새우젓,국간장,후추
묵은지 감자탕~ 입안에서 녹아 없어져요~,https://www.10000recipe.com/recipe/6861876
돼지등뼈,대파,청양고추,김치,된장,고춧가루,다진마늘
감자탕,https://www.10000recipe.com/recipe/6857991
돼지등뼈,대파,감자,통마늘,소금
감자탕 황금레시피 ,https://www.10000recipe.com/recipe/6857695
돼지등뼈,월계수잎,통후추,대파,감자,깻잎,얼갈이,마늘,버섯,청양고추,고추가루,어간장,된장,다진마늘,들깨가루
토마토 감자탕,https://www.10000recipe.com/recipe/6856246
돼지등뼈,갓,토마토,소금,고추다대기
감자탕 만드는법,https://www.10000recipe.com/recipe/6838062
돼지등뼈,감자,얼갈이배추,대파,깻잎,된장,콩가루,들깨가루,맛술,후추,고춧가루,굵은소금,후추,다진마늘,맛술,육수
묵은지감자탕 얼큰하게 끓이기,https://www.10000recipe.com/recipe/6836610
돼지등뼈,감자,묵은지,커피,월계수잎,된장,천일염,다시마물,고춧가루,마늘,청량고추,파,양파
