밀푀유나베,추천순,147
밀푀유나베,https://www.10000recipe.com/recipe/6836663
한우 소고기불고기,알배추,깻잎,청경채,백만송이버섯,팽이버섯,표고버섯,물,멸치,다시마,무,건새우,간장,시판용 스윗트 칠리소스,간장,식초,맛술,매실청,설탕,다진양파
밀푀유나베 육수부터 소스까지 완벽하게!,https://www.10000recipe.com/recipe/6869524
불고기용or샤브샤브용 소고기,알배기 배추,깻잎,버섯,숙주,멸치,다시마,양파,무,물,간장,식초,설탕,물
"밀푀유나베, 소스도 맛있는 밀푀유나베 만드는 법, 손님상 집들이",https://www.10000recipe.com/recipe/6908299
샤부샤부용 소고기,배추속,깻잎,만가닥버섯,팽이버섯,어묵,물,다시마,국간장,무,양파,파,다진마늘,후추,간장,식초,물엿,맛술,와사비
친구들과 모였을때♥밀푀유나베,https://www.10000recipe.com/recipe/6888786
소고기,깻잎,알배기,숙주,표고,양파,팽이버섯,대파,물,연두순,양조간장,물,겨자,다진파
밀푀유나베 만드는법 홈파티 집들이 음식으로 굿,https://www.10000recipe.com/recipe/6904180
배추,깻잎,소고기 ,청경채,팽이 버섯,육수 : 물,다시마,국물용 멸치,양파,파,청양고추,국간장,다진 마늘,간장,식초,매실청,물,연겨자
비오는날 뜨끈한 밀푀유나베.. 행복하다..,https://www.10000recipe.com/recipe/6872363
불고기or샤브샤브용 소고기,알배추,꺳잎,버섯류,숙주나물,멸치가루or멸치,표고버섯가루or말린표고,양파,대파,국간장,물,간장,식초,물,설탕
"뜨끈한 국물이 땡길 때 ""밀푀유 나베""",https://www.10000recipe.com/recipe/6861789
얇게 썬 쇠고기,배추 잎,청경채,숙주,흰색 버섯,표고버섯,멸치,다시마,파
밀푀유나베 만들어서 집들이 준비하기,https://www.10000recipe.com/recipe/6833952
소고기샤브샤브,숙주나물,깻잎,알배추,느타리버섯,팽이버섯,표고버섯,무,양파,대파,다시마,멸치,간장,매실액,식초,다진마늘,양파
"남편한테 사랑받는 요리, 밀푀유나베 만들기",https://www.10000recipe.com/recipe/6894380
소고기샤브샤브,알배추,깻잎,표고버섯,대파,양파,멸치가루,다시마,청양고추,간장,식초,물,설탕,올리고당,다진마늘
밀푀유나베 폼 나는 크리스마스 전골요리,https://www.10000recipe.com/recipe/6923865
배추,샤브샤브용 소고기,표고버섯,청경채,팽이버섯,파,다진 마늘,국물용 멸치,디포리,다시마,무,양파,대파,통후추,물,간장,맛술,매실청,연겨자,다진 양파,다진 청양고추,계량컵과 계량스푼
밀푀유나베♡천송이 꽃처럼 예쁜 요리,https://www.10000recipe.com/recipe/6898834
쌈배추,소고기불고기,깻잎,표고버섯,팽이버섯,콩나물,육수,생칼국수,밥,달걀,※소스는 아래에 있는 팁/주의사항
"밀푀유나베 만들기 육수, 소스까지",https://www.10000recipe.com/recipe/6945827
불고기용 소고기,알배추 넉넉히,깻잎,버섯,육수용멸치,양파,무,물,진간장,국간장,진간장,식초,설탕,물,양파
밀푀유나베 ,https://www.10000recipe.com/recipe/6831586
소고기샤브샤브,버섯,쌈용배추,깻잎,숙주나물,청경채,무,대파,표고버섯,양파,다시다,국간장,간장,육수,식초,올리고당,레몬 즙,청양고추
"첫 눈 오는날! 뜨끈한 국물요리 ""밀푀유나베""만들기",https://www.10000recipe.com/recipe/6897842
배춧잎,샤브샤브용 소고기,청경채 잎,숙주,흰색 백만송이 버섯,물,육수멸치,마른새우,명태 껍질,매운고추,양파,다시마,멸치액젓,간장,소금,후춧가루,육수,간장,레몬즙,꿀,계란 노른자
요리 잘하는 척! 하기 좋은 초간단 집들이 대표 메뉴 '밀푀유나베/샤브샤브',https://www.10000recipe.com/recipe/6888993
알배추,깻잎,소고기,버섯 ,멸치다시육수,국간장,진간장,버섯가루,소금
밀푀유 나베,https://www.10000recipe.com/recipe/6865350
샤브샤브용 소고기,알배춧잎,깻잎,표고버섯,팽이버섯,간장,청주,식초,설탕,소금,후추,다시마,멸치,대파,청양고추,마늘,표고버섯 뿌리,가쓰오부시
쉽고 맛좋은 밀푀유나베,https://www.10000recipe.com/recipe/6891668
소고기샤브샤브,배추,깻잎,만가닥버섯,표고버섯,팽이버섯,느타리버섯,숙주,국물용 멸치,다시마,물,국간장,소금,후춧가루,간장,설탕,식초,후춧가루,다진마늘,굵은고춧가루
집들이음식 밀푀유나베 비주얼로 승부하다,https://www.10000recipe.com/recipe/6864177
소고기샤브샤브,청경채,숙주,느타리버섯,표고버섯,깻잎,알배기배추
밀푀유 나베,https://www.10000recipe.com/recipe/6847550
소고기 불고기용,깻잎,알배기 배추,숙주,팽이버섯,표고버섯,국간장,소금,후춧가루,무,멸치,건새우,다시마,물,청양고추,홍고추,쯔유,청양고추,스위트 칠리소스,다진마늘
밀푀유나베 간단한데 특별한 요리,https://www.10000recipe.com/recipe/6885003
소고기샤브샤브,배추잎,깻잎,청경채,무,표고버섯, ,칠리소스,와사비간장,육수다시팩,양파,대파,표고버섯
"비쥬얼 최고봉, ❛밀푀유나베❜",https://www.10000recipe.com/recipe/6891786
무,멸치,다시마,대파,샤브용고기,알배추,꺳잎,청경채,팽이버섯,백만송이버섯,느타리버섯,표고 버섯,국간장,멸치액젓,물,간장,식초,레몬즙,청양고추
밀푀유나베,https://www.10000recipe.com/recipe/6947769
샤브용 소고기,알배추,깻잎,숙주나물,백만송이버섯,육수,간장,설탕,청귤청,레몬즙
전골요리 - 밀푀유나베 ,https://www.10000recipe.com/recipe/6884593
소고기,깻잎,알배기 배추,숙주,팽이버섯,만가닥 버섯,표고버섯,물,육수 팩,무,양파,건표고버섯,간장,소금,레몬청,식초,청양고추,다진 마늘,쯔유,고춧가루
[참 쉬운 한우요리] 속 시원한 한우 채끝 밀푀유나베,https://www.10000recipe.com/recipe/6872405
소고기샤브샤브,배추,깻잎,숙주,팽이버섯,만가닥버섯,표고버섯,육수용 멸치,다시마,무,대파,양파,말린표고버섯,소금,간장,쯔유,식초,유자청,다진 마늘,청양고추
밀푀유나베 홈파티 일품요리,https://www.10000recipe.com/recipe/6901328
소고기 샤부샤부용,작은 배추,깻잎,청경채,만가닥 버섯,팽이버섯,표고버섯,무,대파,다진 마늘,멸치 다시 육수,국간장,소금,쯔유 간장,국간장,레몬 청 건더기,레몬 청 국물,사과식초,간 마늘,청양고추,홍고추,고춧가루,전골 육수 식힌 국물
밀푀유나베,https://www.10000recipe.com/recipe/6950445
샤브샤브용 소고기,알배추,청경채,숙주나물,표고버섯,만가닥버섯,무,멸치,표고버섯 밑둥,다시마,물,국간장,소금,생강,사케,간장,레몬즙,오렌지즙,미림,식초,설탕,다시마,곱게갈은 참깨,마요네즈,설탕,식초,간장,미림,참기름
오늘은 뭐 먹지? 밀푀유나베,https://www.10000recipe.com/recipe/6386578
불고기용 소고기,알배기 배추,깻잎,팽이버섯,표고버섯,숙주,연두,멸치,다시마,무,대파,양파,표고,물,간장,연두,다진 마늘,레몬청,식초,다진 청양고추
밀푀유 나베 만들기,https://www.10000recipe.com/recipe/6729423
배추속,청경채,소고기,무,양파,대파,표고버섯,샤브수끼소스,청양고추,다진마늘
천개의 잎사귀 밀푀유나베,https://www.10000recipe.com/recipe/6843953
소고기,양배추,깻잎,청경채,표고버섯,팽이버섯,국간장,다진마늘
집들이 요리메뉴로 최고! 밀푀유나베 레시피와 밀푀유나베 만드는법~,https://www.10000recipe.com/recipe/6874775
소고기샤브샤브,알배추,청경채,깻잎,팽이버섯,표고버섯,무,대파,양파,멸치,다시마,칠리소스
층층이 쌓여 있는것이 아주 굳굳굳 밀푀유나베 ★,https://www.10000recipe.com/recipe/6914799
소고기,알배추,깻잎,느타리버섯,표고버섯,숙주,멸치,다시마,양파,무,물,간장,식초,설탕,물,만개한알
밀푀유나베 비쥬얼끝내주는 집들이 손님초대 음식!,https://www.10000recipe.com/recipe/6835984
소고기,배추,청경채,깻잎,각종버섯,육수
간단한 손님초대 요리 '밀푀유나베' 만들기,https://www.10000recipe.com/recipe/6876576
전골용소고기,알배기,깻잎,홍고추,청양고추,팽이버섯,느타리버섯,숙주나물,멸치육수 전골냄비
"집들이, 홈파티 음식 중 최고의 메뉴, 밀푀유나베!!",https://www.10000recipe.com/recipe/6840722
알배기배추,깻잎,샤브용고기,차돌박이,청경채,숙주,표고버섯,버섯,전복,파 흰부분,파뿌리,양파,바지락또는모시조개,새우,멸치,무 4분의,다시마
밀푀유나베,https://www.10000recipe.com/recipe/6878399
소고기,알배추,깻잎,표고버섯,팽이버섯,느타리버섯,숙주나물,청경채,파,무,페페론치노,물,국시장국
밀푀유나베 레시피 육수 소스 뚝딱,https://www.10000recipe.com/recipe/6918388
불고기용/샤브샤브용 소고기,배추,깻잎,숙주,각종 버섯,대파,홍고추,멸치,다시마,파뿌리,양파,간장,식초,설탕,미림
밀푀유나베 ,https://www.10000recipe.com/recipe/6842568
소불고기감&샤브용 소고기,배추 잎,깻잎,숙주,표고버섯,새송이버섯,백만송이버섯,다시마,멸치,무,양파,건새우,가쓰오부시,소금
밀폐유 나베...,https://www.10000recipe.com/recipe/6937443
알배기배추,깻잎,샤브샤브용 고기,숙주,표고버섯,팽이버섯,칠리소스,라이스페이퍼,멸치다시마티백,양파,대파,풋고추,통마늘,통후추,국간장,참치액
꽃보다 밀푀유나베 따듯한 국물 끝내줘요,https://www.10000recipe.com/recipe/6834116
샤브샤브용 쇠고기,알배추 ,청경채,깻잎,느타리버섯,육수
밀푀유나베 - 쉬운 레시피,https://www.10000recipe.com/recipe/6906313
소등심,배추,깻잎,표고버섯,가쓰오부시육수,국간장,소금
밀푀유나베 / 즉석 폰즈소스,https://www.10000recipe.com/recipe/6906388
배추잎,5mm두께로 썬 쇠고기,깻잎,간장,육수,소금,간장,맛술,올리고당,레몬즙
밀푀유나베 레시피,https://www.10000recipe.com/recipe/6452494
소고기,배추,깻잎,청경채,숙주나물,멸치 육수,레몬,유자청,간장,홍고추
밀푀유나베:차가운 겨울을 훈훈하게 녹여줘요,https://www.10000recipe.com/recipe/6923099
샤브샤브용 한우,알배추,깻잎,숙주,양파,꼬마새송이버섯,느타리버섯,표고버섯,청경채,생와사비,양조간장,멸치다시마육수,맛술,국간장,양조간장,쯔유,소금
"밀푀유나베, 요즘처럼 추운 날이면 더 맛있어",https://www.10000recipe.com/recipe/6880969
샤브용 또는 불고기용 소고기,배추,깻잎,청경채,쑥갓,포토벨로 버섯,양송이 버섯,파,숙주나물,무,다시마,양파,쯔유,칠리소스
"조카와 함께 먹은 따뜻한 전골, 밀푀유나베",https://www.10000recipe.com/recipe/6946612
배추잎,쇠고기,팽이버섯,깻잎,표고버섯,양파,홍초,청양초,멸치액젓,육수
<신혼요리> 집들이음식 추천!예쁘고 맛있는 밀푀유나베(꽃샤브샤브) 시댁요리추천!,https://www.10000recipe.com/recipe/6865602
소고기샤브샤브,알배추,깻잎,청경채,팽이버섯,표고버섯,물,멸치,다시마,무,표고버섯밑둥,국간장,소금
시판 육수로 간편하게 밀푀유나베 / 샤브샤브,https://www.10000recipe.com/recipe/6910060
배추,불고기용 소고기,깻잎,백만송이 버섯,표고버섯,팽이버섯,가쓰오 육수
집들이 음식 고민이라면~ 밀푀유 나베 만들기,https://www.10000recipe.com/recipe/6756632
소고기샤브샤브,배추,청경채,깻잎,팽이버섯,느타리버섯,표고버섯,파,양파,무,다시마,멸치,국간장,굵은소금,레몬청 다진레몬,진간장,육수국자,다진마늘,레몬청,미림
밀푀유나베 만들기,https://www.10000recipe.com/recipe/6830661
소고기,버섯,배추,깻잎,숙주,육수
밀푀유나베 ,https://www.10000recipe.com/recipe/6891090
소고기,알배추,깻잎,느타리버섯,팽버섯,숙주,간장,와사비,취향에따라조절
"밀푀유나베 샤브샤브 만들기, 양념소스 레시피 포함!집들이 음식추천",https://www.10000recipe.com/recipe/6844686
샤브고기,알배추,숙주,청경채,깻잎,느타리버섯,표고버섯,멸치다시마육수,소금,진간장,식초,다진마늘,육수,올리고당,레몬슬라이스
밀푀유나베 레시피 # 샤브샤브 볶음밥까지,https://www.10000recipe.com/recipe/6847529
소고기샤브샤브,알배추,깻잎,팽이버섯,머쉬마루 버섯,또는 표고버섯,숙주 또는 청경재,멸치,다시마,파,무,건새우,소금,간장,쯔유,맛술,간 마늘
서프라이즈 미역국이 숨어있는 생일상 레시피 ' 밀푀유나베 ',https://www.10000recipe.com/recipe/6829717
알배기 배추,느타리버섯,불고기용,청경채,육수
밀푀유나베,https://www.10000recipe.com/recipe/6830063
샤브용고기,알배기배추,표고버섯,새송이버섯,깻잎,청양고추,다시마육수,양파,대파잎,쯔유,식초,레몬즙,고춧가루,청양고추
밀푀유나베 너~ 참 맛있는 아이로구나?,https://www.10000recipe.com/recipe/6875985
알배추,깻잎,청경채,샤브샤브용 소고기,대파,표고버섯,물,뚝딱 맛내기장,만가닥버섯,뚝딱맛내기장,물,레몬즙,청양고추
연말 손님 접대용으로 좋은 밀푀유나베,https://www.10000recipe.com/recipe/6862578
쇠고기 불고기용,배추,숙주,느타리버섯,깻잎,팽이버섯,표고버섯,육수,간장
오늘뭐먹지 밀푀유나베 만들기,https://www.10000recipe.com/recipe/6837707
소고기샤브샤브,배추,깻잎,청경채,통마늘,파,천연조미료가루,간장,간장,와사비,레몬즙
크리스마스엔 따뜻한 밀푀유나베,https://www.10000recipe.com/recipe/6902664
알배추,깻잎,소고기불고기,팽이버섯,콩나물,물,가쓰오부시장국
따뜻한 국물이 함께하는 밀푀유나베,https://www.10000recipe.com/recipe/6881335
무,대파,표고버섯,육수용멸치,국간장,물,배추,깻잎,불고기용 소고기 ,팽이버섯,칠리소스
"밀푀유나베, 매콤달콤한 겨자소스까지",https://www.10000recipe.com/recipe/6876328
시래기,당면,소고기,배추,버섯,쌈채소,설탕,간장,다진 마늘,참기름,간장,식초,설탕,물,청양고추,연겨자,멸치다시마팩,물,간장,소금,후추
"밀푀유나베 만들기, 두부조림, 김자반 만들기, 밀푀유나베 만드는 법, 4살 식단, 3날 식단 아이 반찬, 유아 반찬",https://www.10000recipe.com/recipe/6899685
배추 노란 잎,알배추,배춧잎,깻잎,표고,쇠고기 샤브용,물,국간장,간 마늘,소금,황태채,마른다시마,건새우,가쓰오부시,대파
"손님상에 올려도 근사한 밀푀유나베, 만들기도 쉽네~~ ",https://www.10000recipe.com/recipe/6837659
소고기,배추잎,깻잎,팽이버섯,표고버섯,미나리,다시마,멸치,건새우,국간장
손님 초대요리로 아주 굿이야~bb 밀푀유나베♥,https://www.10000recipe.com/recipe/6864660
알배추,숙주,깻잎,샤브샤브용 소고기,멸치 다시마 육수,국간장,소금,표고버섯,팽이버섯
"초겨울 배추요리, 따뜻한 밀푀유 나베와 겉절이",https://www.10000recipe.com/recipe/6879764
배추,고춧가루,멸치 액젓,마늘,굵은소금,매실진액,간양파,배,대파,생강가루,배추,깻잎,쇠고기,멸치 육수,표고버섯,양파,멸치 액젓
[참한식품 뚝딱] 맛내기장으로 밀푀유나베 쉽고 빠르게 만들기,https://www.10000recipe.com/recipe/6874562
샤브샤브 용 소고기,알배추,깻잎,청경채,대파,버섯,뚝딱 맛내기장,물,뚝딱 맛내기장,물,레몬즙,청양고추
초간단!밀페유나베,https://www.10000recipe.com/recipe/6898022
소고기 목심,양파,대파,청양고추,표고버섯밑동,다시마,쯔유,알배추,깻잎,팽이버섯,표고버섯,숙주,쯔유
밀푀유나베 만드는 법/밀푀유나베 육수,https://www.10000recipe.com/recipe/6880871
표고버섯,무,대파뿌리,양파,국물용 새우,디포리,가쓰오부시가루,깻잎,알배추,소고기,청경채,표고버섯,숙주나물
추위를 녹여줄 따끈따끈 나베 한 그릇~겹겹이 피어나는 밀푀유나베,https://www.10000recipe.com/recipe/6883693
소고기목심,배추,숙주,청경채,깻잎,새송이버섯,애느타리버섯,표고버섯,다시마,감자수제비,나베육수,초간장소스,땅콩소스
"밀페유나베- 쌀국수, 라이스페이퍼",https://www.10000recipe.com/recipe/6848149
호주산 불고기용 고기,알배추,깻잎,숙주나물,느타리버섯,청경채,물,사용하시는 제품,레몬청,쯔유,고추가루,라이스페이퍼,쌀국수,고수or고스오일
김장철 배추 하나로 국물이 끝내주는 밀푀유나베 만드는 황금레시피,https://www.10000recipe.com/recipe/6880482
무,대파,멸치,북어포,다시마,물,배추,소고기,표고버섯,쪽파,청양고추,와사비,쯔유,쯔유,소금
카레밀푀유나베 ☆ 와르르 끓이면 맛있는거 완성!,https://www.10000recipe.com/recipe/6898195
샤브샤브용소고기,알배추,깻잎,버섯,물,다시마,멸치,대파,무,표고버섯,카레가루,간장,꿀,맛술,식초,물,다진 청양고추,만개한알
냄비요리 밀푀유나베 ,https://www.10000recipe.com/recipe/6545265
알배기배추,소불고기,깻잎,다시마 육수,참치액,맛간장,맛술,폰즈소스
밀푀유나베 만들기 샘표 담백한 샤브샤브 육수로 뚝딱 만들어요 :) ,https://www.10000recipe.com/recipe/6954880
샘표 담백한 샤브샤브 육수,소고기 샤브샤브용 또는 소불고기용,청경채,깻잎,알배추 넉넉히,새송이버섯,팽이버섯,만가닥버섯,칠리소스,간장,식초,꿀,물
밀푀유나베 만들기,https://www.10000recipe.com/recipe/6954516
알배기배추,깻잎,소고기,각종버섯,청경채,육수,숙주,멸치,양파,다시마,무,대파,물,쯔유
"밀푀유나베 | 와사비쯔유소스와 함께 즐겨보세요 | 손님초대, 홈파티, 전골요리, 와규요리",https://www.10000recipe.com/recipe/6954176
소고기,알 쌈배추,청경채,표고버섯,국물용 멸치,건새우,다시마,대파,무우,물,쯔유,식초,와사비
밀푀유나베 만들기 샤브샤브 소스 육수 모두 쉽게 만들어봅시다,https://www.10000recipe.com/recipe/6953643
소고기 샤브샤브용,알배추 중간사이즈,깻잎,쯔유간장,미림,각종채소,맛살,계란노른자
[밀푀유나베 만드는 법]소고기와 다양한 야채로 만드는 따뜻한 국물요리,https://www.10000recipe.com/recipe/6953169
소고기,알배추,깻잎,콩나물,청경채,표고버섯,팽이버섯,느타리버섯,멸치육수,진간장,국간장,진간장,식초,물,맛술,설탕,와사비 or 연겨자,양파,칠리소스
[자취 요리] 간단하지만 보기 좋은 자취생 손님맞이 요리 밀푀유나베 레시피!,https://www.10000recipe.com/recipe/6952966
소고기불고기 또는 샤브용,깻잎,배추,만가닥버섯,계란 노른자,오리엔탈 소스
#소고기요리 #밀푀유나베만들기 #치킨스톡으로 우려낸 육수로 만드는 밀푀유나베,https://www.10000recipe.com/recipe/6952673
소불고기감,깻잎,표고버섯,청경채,팽이버섯,치킨스톡,천연조미료 해물육수,다진마늘,썬파,조미료,후추,양조간장,육수,다진마늘,청양고추,다진파,연겨자
음요레시피 밀키트보다 맛있는 밀푀유나베 만들기,https://www.10000recipe.com/recipe/6951843
알배추,깻잎,불고기용 소고기,느타리 버섯,팽이 버섯,쯔유
"밀푀유나베 레시피, 간단하면서도 근사한 전골요리!",https://www.10000recipe.com/recipe/6951090
참소스,알배기배추,깻잎,우목심,표고버섯,쑥갓,치킨육수 또는 다시마육수
소고기 밀푀유 나베,https://www.10000recipe.com/recipe/6951041
소고기,알배추,깻잎,각종버섯,숙주,청경채,양파,대파,떡,맛살,오뎅,소세지,육수,진간장,다진마늘,후추
초간단 밀푀유나베 만들기,https://www.10000recipe.com/recipe/6950993
불고기용소고기,알배추,만가닥버섯,깻잎,숙주,느타리버섯,간장,맛술,올리고당,식초,무,국간장,미림,미원
"영양소 듬뿍, 지금 추위에 먹기 좋은 '밀푀유나베'",https://www.10000recipe.com/recipe/6948804
밀푀유나베 키트,물
밀푀유나베만들기,https://www.10000recipe.com/recipe/6948802
숙주나물,깻잎,버섯,쌈배추,샤브샤브용고기
집들이·홈파티 음식:밀푀유나베 쉽게 만들기,https://www.10000recipe.com/recipe/6946012
샤브샤브용 고기,청경채,느타리버섯,숙주나물,알배추,깻잎,육수,스위트칠리소스,간장,와사비
눈과 입을 모두 만족! - 밀푀유나베,https://www.10000recipe.com/recipe/6945428
알배추,표고버섯,느타리버섯,깻잎,샤브샤브용 소고기,숙주,멸치 다시마 육수,국간장,간장,땅콩잼,레몬즙,올리고당
밀푀유나베 ,https://www.10000recipe.com/recipe/6944609
샤브샤브용소고기,배추,청경채,숙주,다시멸치,양파,파뿌리,무,마늘
손님초대 전골요리 밀푀유나베 이맛 실화냐?,https://www.10000recipe.com/recipe/6944311
소고기,배추,깻잎,청경채,표고버섯,새송이버섯,느타리버섯,숙주나물,감자수제비
전골요리 밀푀유나베&폰즈소스 집에서 뜨끈한국물이 생각날때,https://www.10000recipe.com/recipe/6939361
육수티백,간장,후추,알배추,부추,깻잎,새송이버섯,팽이버섯,샤브용 소고기,간장,레몬,꿀,양파,파,청양고추
집들이음식 추천-밀푀유나베 만들기,https://www.10000recipe.com/recipe/6937229
소고기,알배추,깻잎,모듬버섯,청경채,멸치육수,대파,양파,무우,마늘,청양고추,맛소금,국간장
[69레시피] 밀푀유나베 만들기,https://www.10000recipe.com/recipe/6936884
소고기 불고기용,알배기배추,깻잎,표고버섯,팽이버섯,대파,멸치,다시마,무말랭이,소금,국간장,멸치액젓,육수,간장,식초,청양고추
#손님최애반찬#밀푀유나베,https://www.10000recipe.com/recipe/6936266
샤브샤브용 소고기,알배추,청경채,모듬쌈,표고버섯,새송이버섯,다진마늘,멸치다시마육수,국간장,설탕
국물이 시원한 밀푀유나베 만들기,https://www.10000recipe.com/recipe/6935050
소고기,배추,깻잎,청경채,표고버섯,새송이버섯,느타리버섯,숙주나물
간편 밀퐈유나베 만들기,https://www.10000recipe.com/recipe/6934302
불고기용 소고기,알배추,청경채,깻잎,계란,사골곰탕 팩,물
밀푀유나베,https://www.10000recipe.com/recipe/6933441
소고기,알배추,팽이버섯,깻잎,표고버섯,청경채,멸치다시팩,양파,간장,고춧가루,참기름,후추,연겨자
보글보글 따뜻한게 먹는 [밀푀유 나베] 만들기,https://www.10000recipe.com/recipe/6930970
소고기,버섯,배추,청경채,깻잎,콩나물,물,다시마,국물용 멸치,무 큰 사이즈,간장,소금,대파
"크리스마스 저녁메뉴 밀푀유나베(소고기전골) & 간단 소스,육수 ",https://www.10000recipe.com/recipe/6930394
배춧잎,소고기,깻잎,숙주,멸치육수,만두,버섯,떡,굴소스,설탕,물
밀푀유나베 만들기,https://www.10000recipe.com/recipe/6929463
소고기,알배추,깻잎,숙주,팽이버섯,표고버섯,청양고추,가쓰오부시장국,물,진간장,레몬즙,연겨자,설탕,물
밥솥 햄 밀푀유 나베,https://www.10000recipe.com/recipe/6929082
배추잎,청경채,살라미햄,햄,물,멸치가루,다시마,새우가루,국간장,액젓,숙주나물,양송이버섯
매콤한 소고기밀푀유나베 만드는방법 ,https://www.10000recipe.com/recipe/6927224
알배추,깻잎,쇠고기,숙주나물,표고버섯,팽이버섯,물,멸치,다시마,무,대파,양파,불닭소스
♥[신혼밥상] '밀푀유나베' 절대 실패 할 수 없는 맛,https://www.10000recipe.com/recipe/6926880
샤브샤브 소고기,알배추,깻잎,청경채,숙주,양파,다진마늘,팽이버섯,샤브샤브 육수,샤브샤브 칠리소스
"아이 반찬, 밀푀유나베만들기, 에어프라이어 요리,",https://www.10000recipe.com/recipe/6923680
물,건새우,가쓰오부시,국멸치,국간장,간 마늘,소고기 불고기 또는 샤부용,깻잎,알배추,팽이버섯
"닭가슴살로 밀푀유나베 만들기, 찜으로 만들어먹어요~",https://www.10000recipe.com/recipe/6923509
닭가슴살,배춧잎,깻잎,숙주,간장,식초,설탕,핫칠리소스,스리라차소스,핫소스
목우촌 집들이음식 국물요리 밀푀유나베,https://www.10000recipe.com/recipe/6920146
목우촌 소고기 목심,알배추,숙주나물,나베육수,깻잎,새송이버섯,청경채,표고버섯
육수맛 있음 너무 간단한 밀푀유나베 만들기,https://www.10000recipe.com/recipe/6915140
무,양파,파뿌리,멸치,다시마,배추잎,깻잎,소고기불고기,느타리버섯,간장,소금,스위트 칠리소스
#밀푀유나베 #토장밀푀유나베 #된장밀푀유나베만들기 #구수한_된장육수로_만드는 된장밀푀유나베,https://www.10000recipe.com/recipe/6914789
불고기용소고기,깻잎,알배기배추,천연조미료육수,토장,다진마늘,썬파,맛술,표고버섯,대파,쯔유,육수,연겨자
밀푀유나베 국물요리 푸짐하게 즐겨요,https://www.10000recipe.com/recipe/6914498
소고기,알배추,깻잎,청경채,숙주,팽이버섯,볼어묵,당근,쯔유,무,양파,파뿌리,칠리소스,물
비주얼 굿~ 밀푀유나베 - 딸에게#,https://www.10000recipe.com/recipe/6912101
한우 샤브샤브감,배추,깻잎,팽이버섯,백만송이버섯,표고버섯,대파,쯔유,다시마,멸치,무,파,양파
밀푀유나베가 아닌 우리육우 밀푀유찜!!,https://www.10000recipe.com/recipe/6906657
배춧잎,샤부샤부용 고기 또는 차돌박이,깻잎,숙주 크게,청양고추,간장,식초,설탕
육우 밀푀유나베,https://www.10000recipe.com/recipe/6905513
육우 ,배추,깻잎,청경채,표고버섯,당근,숙주,마늘,팽이버섯,다시마,말린청어,국물멸치,멸치액젓,소금,후추
소불고기 밀푀유나베,https://www.10000recipe.com/recipe/6905012
소불고기,배추잎,깻잎,당근,느타리버섯,어묵,칼국수면,간장,와사비,물
"겨울철 손님맞이 추천 요리, 밀푀유 나베 만드는 법",https://www.10000recipe.com/recipe/6904126
소고기불고기감,알배추,깻잎,숙주,버섯,육수,블리스노르딕뷰블루
밀푀유나베 한우데이에 손님 초대요리 밀푀유나베,https://www.10000recipe.com/recipe/6902848
소고기,알배추,깻잎,느타리버섯,팽이버섯,표고버섯,청양고추,대파,간장,식초,유자청,연겨자,표고버섯,다시마육수,물
"생생정보, 밀푀유나베 황금레시피",https://www.10000recipe.com/recipe/6901834
차돌박이,알배기 배추 겉잎,깻잎,후추,소금
"따뜻한 고기국물과 아삭한 배추의 만남, 밀푀유나베",https://www.10000recipe.com/recipe/6901717
소고기,알배추,깻잎,어묵 모둠,다진마늘,간장,파,국시장국,땅콩,양파절임,칼국수,우동
"따뜻한 국물, 비주얼 두개 다 잡은 밀푀유나베 만들기.",https://www.10000recipe.com/recipe/6900985
밴댕이,멸치다시백,다시마,양파껍질,국간장,육수,진간장,설탕,식초,고춧가루,소고기,배추,깻잎,숙주,팽이버섯,라면사리
"국물요리 밀푀유나베만들기,밀푀유나베만드는법. ,4살식단,3살식단 ,40개월반찬,",https://www.10000recipe.com/recipe/6900193
알배기 배추,깻잎,쇠고기 샤브용,팽이,새송이버섯,물,황태채,건다시마,대파 흰 뿌리,가쓰오부시,국간장,간마늘,소금
소고기 밀푀유나베,https://www.10000recipe.com/recipe/6900164
만두,육수,물,알 배추잎,깻잎,팽이버섯,느타리버섯,표고버섯,다진마늘,후추
불고기용 소고기 활용 밀푀유나베레시피^^,https://www.10000recipe.com/recipe/6899667
알배추,소고기불고기,깻잎,표고버섯 4개 2개는 슬라이스,숙주,멸치다시백,쯔유,물,쯔유,레몬즙,밀푀유육수,유자청,청양고추
손님상에 제격! 밀푀유 나베 만들기,https://www.10000recipe.com/recipe/6897936
디포리,멸치,다시마,건새우,무,파,마늘,디포리,가스오브시 간장,간장,배추,청경채,샤브용 소고기,콩나물,팽이버섯
밀푀유나베 만들기 깔끔한 국물맛이 입맛사로잡죠 ,https://www.10000recipe.com/recipe/6897560
대파,국물용멸치,무,다시마 사방8cm,표고버섯,연두순,숙주,불고기용 소고기,만가닥버섯,표고버섯,양파,알배추 작은것,깻잎,대파
해물밀푀유나베&해물라면 초간단 혼밥레시피 ,https://www.10000recipe.com/recipe/6897483
달고기,오징어,쌈배추,깻잎,청경채,숙주나물,표고버섯,느타리버섯,팽이버섯,다시마육수,멸치액젓,청주,라면스프,,낙지,새우,모시조개,대파
효리네민박도 반한 밀푀유나베레시피,https://www.10000recipe.com/recipe/6897143
알배추,표고버섯,양송이버섯,양파,깻잎,소고기 ,쑥갓,콩발효액,물
밀푀유나베 만들기,https://www.10000recipe.com/recipe/6895053
소고기샤브샤브,알배추,깻잎,청경채,숙주,달걀,애호박,팽이버섯,표고버섯,느타리버섯,양송이버섯,소금,후추,참기름,육수,간장
밀푀유나베 만들기 ,https://www.10000recipe.com/recipe/6893655
소고기불고기,알배기배추,콩나물,팽이버섯,느타리버섯,당근,쑥갓,물,대파,국멸치,다시마,무,국간장,멸치액젓,소금,소주,대파,마늘,육수,간장,식초,소주,청양고추
(집에서 즐기는 술안주) 밀푀유 나베 - 홈파티 음식,https://www.10000recipe.com/recipe/6892089
샤브샤브용 소고기,알배추,표고버섯,팽이버섯,청경채,숙주나물,라이스페이퍼,양파,통후추,치킨스톡,또는다시다
밀푀유나베 남은 재료로 소고기숙주볶음,https://www.10000recipe.com/recipe/6890524
소고기,숙주,양파,청경채,마늘,간장,굴소스,설탕,소금,청주,후추
밀푀유나베 - 밀푀유나베소스 ,https://www.10000recipe.com/recipe/6889199
소고기,숙주,알배기배추,깻잎,청경채,표고버섯,팽이버섯,무,양파,건표고버섯,육수용일회용팩,물,간장,소금,쯔유,레몬청,식총,청양고추,다진마늘,고춧가루
냄비요리 밀푀유나베,https://www.10000recipe.com/recipe/6882508
소고기샤브샤브,알배추,봄동배추,청경채,표고버섯,폰즈소스,고추씨,대파잎,무우,파뿌리,다시마,양파,디포리,꽃게다리,소금,물
밀푀유나베... 겨울의 추운날씨에 어울리는 건강 국물요리~~~,https://www.10000recipe.com/recipe/6881938
샤브샤브용 소고기,알배기 배추 중간크기,깻잎,숙주나물 냄비 바닥에 깔아줄만큼,청경채,팽이버섯,표고버섯 작은거,국물용 멸치,다시마,무,양파,건표고버섯,소금,어간장,청귤청,맛간장,양조간장,다진마늘,식초
밀푀유 나베,https://www.10000recipe.com/recipe/6869269
쇠고기,알배기배추,깻잎,청경채,표고버섯,팽이버섯,백만송이버섯,소금,비비고맛간장,청양고추,다시마,쯔유,다진마늘,레몬청,백설자연발효식초,육수,다진청양고추,고춧가루
보기좋고 맛은 더 좋은 밀페유나베,https://www.10000recipe.com/recipe/6866617
소고기,깻잎,배추,표고버섯,팽이버섯,미나리,국간장,소금,,청양고추,고춧가루,다진마늘,다진파
샤브샤브한 밀푀유 나베 레시피,https://www.10000recipe.com/recipe/6866213
소고기,표고버섯,숙주,근대,알배추,육수,깻잎,미나리,쪽파,물만두,진간장,땅콤 쨈,다진 마늘,물,칠리소스
"밀푀유나베 만들기(레시피/육수,소스 레시피 첨부)",https://www.10000recipe.com/recipe/6865167
다시마,육수티백,알배추,깻잎,숙주,불고기용 슬라이스고기,팽이버섯,청경채,칼국수,간장,올리고당,식초,청양고추
밀푀유나베,https://www.10000recipe.com/recipe/6863440
소고기샤브샤브,속배추,깻잎,청경채,생표고보섯,느타리버섯,요리에한수,유자폰즈소스,소금,후추,국간장,참깨흑임자드레싱
냄비에 꽃이 밀푀유나베 레시피 ,https://www.10000recipe.com/recipe/6849252
소고기샤브샤브,숙주,배추,청경채,팽이버섯,표고버섯,무,대파,멸치,다시마,건새우,국간장,천일염
담백한 밀푀유나베만들기,https://www.10000recipe.com/recipe/6848316
소고기,알배추,깻잎,숙주,팽이버섯,표고버섯,달걀,육수다시팩,가스오부시,다진마늘,맛술,국간장,진간장,소금,후추가루,무,양파
"누구나 멋진 꽃처럼 만들수있는 ""밀푀유나베""",https://www.10000recipe.com/recipe/6845719
샤브샤브용 소고기,쌈배추,깻잎,양파,무,표고버섯,멸치,다시마,새우,버섯가루,대파
밀푀유나베의 재구성 / 햄 밀푀유나베,https://www.10000recipe.com/recipe/6845301
햄,양배추,사각어묵,깻잎,김치,들기름,대추,은행,멸치,다시마,참치액,대파,국간장
밀푀유 나베 흉내내기~냉장고에 있는 재료들로 만든 밀푀유 나베~!~ ,https://www.10000recipe.com/recipe/6845280
표고버섯,배추잎,깻잎,소고기,만송이버섯,숙주,다시마,쑥갓,국간장,다진마늘,생강가루,천연조미료,쌀뜻물
천개의 잎사귀 밀푀유나베 만들기 ♬,https://www.10000recipe.com/recipe/6845221
알배기배추,깻잎,쇠고기,청경채,팽이버섯,느타리버섯,숙주,다시마,멸치,무,대파,양파,건표고,물,쯔유,소금
초보도 따라하는 밀푀유나베 뜨끈한 국물과 소고기 야채 잡솨봐요~,https://www.10000recipe.com/recipe/6842931
소고기,속배추 약,깻잎 약,청경채,팽이버섯,느타리버섯,표고버섯,소금,마늘 다진것,디포리육수,폰즈소스
피조개 밀푀유나베 만들기,https://www.10000recipe.com/recipe/6842220
배추속,깻잎,소고기샤브샤브,팽이버섯,청경채,피조개,황태육수,국간장,참치액
밀푀유나베 만들기,https://www.10000recipe.com/recipe/6842162
알배기배추,깻잎,청경채,느타리버섯,표고버섯,숙주나물,소고기샤브샤브,양파,대파,표고버섯,다시마,국물용 멸치,물,쯔유
양배추 밀푀유나베 ,https://www.10000recipe.com/recipe/6836510
양배추,,마늘,생강 작은거,다시마,소금,후추,간장
소고기 밀푀유나베,https://www.10000recipe.com/recipe/6836257
배추,팽이버섯,청경채,청양고추,홍고추,차돌박이,깻잎,국시장국,소금
