떡국,추천순,199
소시지 간장떡볶이 - 떡국떡 간장 떡볶이,https://www.10000recipe.com/recipe/6907500
떡국떡,소시지,양파,대파,간장,맛술,다진 마늘,올리고 당,참기름,물,후춧가루
호떡 맛 나는 떡맛탕(가래떡이나 떡국떡으로 해보세요),https://www.10000recipe.com/recipe/6880868
떡국떡,설탕,물,물엿,견과류,계핏가루
까르보나라 떡볶이 떡국떡으로 만들기~,https://www.10000recipe.com/recipe/6842043
떡국떡,양파,마늘,베이컨,우유,버터,밀가루,소금,후추
떡국떡 뻥튀기 초간단 에어프라이어 간식 떡뻥이예요 :) ,https://www.10000recipe.com/recipe/6954338
떡국떡,달콤한 꿀
떡국 끓이고 남은 떡으로~ 아이들간식!! 떡그라탕*^^*,https://www.10000recipe.com/recipe/6903768
떡국떡,토마토소스,다진양파,식용유,파슬리가루,피자치즈
♥[신혼밥상] 전참시 명란떡국,https://www.10000recipe.com/recipe/6926695
명란젓,떡국떡,만두,달걀,대파,양파,애호박,청양고추,국간장,멸치다시마육수,통깨,김가루
남은 떡국떡으로 떡꼬치 만들기,https://www.10000recipe.com/recipe/6882933
떡국떡,고추장,케찹,설탕
견과류 슈가떡 / 떡국떡 간식 ,https://www.10000recipe.com/recipe/6948814
식용유,떡국떡,진간장,황설탕,견과류
"백종원 슈가떡 만들기, 설날에 남은 떡국떡으로 만든 달달한 간식 ~ ",https://www.10000recipe.com/recipe/6884580
떡국 떡,흑설탕,물,진간장,통깨,시나몬 가루 ,식용유
"떡국떡 간장 볶음 , 아이 떡볶이",https://www.10000recipe.com/recipe/6900906
떡국떡,새송이버섯,양파,베이컨,쪽파,식용유,간장,다진 마늘,올리고 당,맛술,참기름,후춧가루,통깨
역시 백종원의 황금레시피! 남은 떡국떡 활용! 떡볶이 만들기 ,https://www.10000recipe.com/recipe/6954272
떡국떡,사각어묵,설탕,물,대파,굵은고춧가루,진간장,고추장,후추
떡국떡으로 만들어 냉털하기 딱좋은 간장떡볶이 ★,https://www.10000recipe.com/recipe/6915641
떡국떡,프랑크소시지,양파,대파,간장,맛술,올리고당,다진마늘,참기름,물,후추,통깨
떡국떡이 신의 한수! 간장치킨떡볶이!,https://www.10000recipe.com/recipe/6950020
닭볶음탕용 닭,떡국떡,우유,허브솔트,후추,청주,올리브오일,통깨,설탕,고춧가루,다진마늘,다진파,간장,굴소스,물엿,청양고추,물
떡국 끓이는법 얼큰하게 끓인 차돌박이 떡국,https://www.10000recipe.com/recipe/6952942
소고기차돌박이,후추,다진마늘,대파,고춧가루,다시마육수,국간장,떡국 떡,계란
떡국떡으로 라볶이 만들기!,https://www.10000recipe.com/recipe/6906213
떡,물,라면사리,깨,간장,고추장,설탕,고춧가루
"설날 떡국 맛있게 끓이는 법, 소고기를 듬뿍 넣어 국물 맛이 진한 떡국 레시피!",https://www.10000recipe.com/recipe/6883026
떡국 떡 ,국거리 소고기,대파,계란,물,다진 마늘,국간장,액젓,참기름,식용유,소금,후춧가루
"멸치 육수만 준비 되면 라면보다 끓이기 쉬워요~ 떡국, 떡국끓이기",https://www.10000recipe.com/recipe/6862543
떡국떡,멸치육수,대파,국간장,계란,깨가루,참기름,김가루
떡국떡 떡볶이 ,https://www.10000recipe.com/recipe/6926185
재료 : 떡국떡,식용유,고추장,설탕,올리고 당,물
이영자가 공개하고 싶지 않았던! 그 레시피! 명란떡국 ★,https://www.10000recipe.com/recipe/6927090
떡국떡,명란젓,달걀,멸치다시마육수,대파,애호박,청양고추,홍고추,국간장,만두,만개한알
떡국떡 간장 떡볶이,https://www.10000recipe.com/recipe/6882475
떡국떡,어묵,양파,대파,물,간장,다진 마늘,설탕,올리고 당,통깨,참기름,후춧가루
"떡국떡 활용 , 궁중떡볶이 만드는법 :)",https://www.10000recipe.com/recipe/6842611
떡국떡,소고기,표고버섯,양파,당근,다진파,간장,참기름,간장,설탕,참기름,다진마늘,다진 파,후추,간장,설탕,후추,깨
해장국으로도 좋은 김치떡국.,https://www.10000recipe.com/recipe/6867044
가래떡,김치,대파,마늘,다시멸치,다시마,마른표고,국간장
백종원 슈가떡. 떡국떡 요리. ,https://www.10000recipe.com/recipe/6885027
떡국떡,설탕,물,진간장,식용유
떡국떡강정 맥주안주로 단짠단짠한 맛,https://www.10000recipe.com/recipe/6874902
떡국떡,간장,물,설탕,기름
(겨울간식) 매생이굴파스타:떡국에 양보하지 마세요,https://www.10000recipe.com/recipe/6924550
매생이,굴,스파게티면,굵은소금,올리브오일,마늘,매운건고추,술,액젓,쪽파,파마산치브
설 명절 남은 떡국떡으로 기름떡볶이 만들기,https://www.10000recipe.com/recipe/6884592
떡국떡,고춧가루,설탕,간장,다진마늘,참기름,식용유
초간단 떡국 레시피 (feat. 인스턴트 사골곰탕),https://www.10000recipe.com/recipe/6924307
떡국떡,냉동만두,인스턴트 사골곰탕,물,계란,대파,국간장,소금
자극적이지 않고 부드럽고 졸깃 고소한 도토리묵 떡국떡 무침 ,https://www.10000recipe.com/recipe/6949129
떡국떡,도토리묵,다진대파,진간장,참기름,깨
"어묵이랑 떡국떡 푸짐~하게 넣고 보글보글, 칼칼한 이 맛은!떡국떡어묵전골",https://www.10000recipe.com/recipe/6883266
떡국떡,모둠 어묵,무,당근,배춧잎,대파,청양고추,홍고추,멸치 다시마 육수,국간장,고춧가루,다진 마늘,소금,후추
토마토소스에 퐁당 떡국떡요리,https://www.10000recipe.com/recipe/6844503
떡국떡,파프리카,양파,브로콜리,다진마늘,시판스파게티소스,토마토케찹,간장,올리고당,식용유
"가래떡그라탕 -#가래떡요리,떡국떡",https://www.10000recipe.com/recipe/6865216
떡국떡,버터,양파,파프리카,피자치즈,체다치즈,한입치즈,케찹,스테이크소스,물엿,맛술,물,다진마늘,후춧가루
토마토 떡볶이(시판용 토마토소스로 간편하게 남은 떡국떡으로 만들어보세요),https://www.10000recipe.com/recipe/6881662
떡볶이 떡,토마토소스,케찹,고추장,육수 또는 생수,새우,통마늘,삶은 브로콜리,양파,새송이버섯
출출할때 간식으로 먹을 떡국떡 튀김과 떡꼬치 양념소스,https://www.10000recipe.com/recipe/6842014
떡국떡,올리브유,고추장,올리고당,케찹
간식으로 좋은 떡국떡 맛탕 만들기 (슈가떡),https://www.10000recipe.com/recipe/6904345
떡국떡,설탕,물,간장
사골육수 없이 떡국 끓이기,https://www.10000recipe.com/recipe/6903289
다진소고기,떡국떡,대파,계란,우유 반 컵,김가루,만두,국간장,후추,다진마늘,소금 ,식용유,참기름
새해~고기싫어하는분을 위해 멸치육수 떡국 만드는법*^^*,https://www.10000recipe.com/recipe/6903138
떡국떡,달걀,대파,다진마늘,국간장,소금,김가루,후춧가루,물,국물용 멸치,다시마,고추씨,대파뿌리
떡국떡으로 만드는 분식집 떡볶이,https://www.10000recipe.com/recipe/6949066
떡국떡,양파,양배추,쫄면 164g_,소세지 4개_,대파,베트남고추,삶은달걀,물,고추장,설탕,간장,고춧가루,올리고당,다진마늘,후추
얼큰 오징어 떡국 ,https://www.10000recipe.com/recipe/6884650
떡국떡,갑오징어,멸치 다시마 육수,양파,대파,고추기름,다진 마늘,멸치 액젓,고춧가루,소금,후춧가루
떡국떡 탕수만들기,https://www.10000recipe.com/recipe/3368923
떡국떡,당근,파프리카,브로콜리,파인애플 슬라이스,카놀라유,물,간장,케찹,올리고당,설탕,소금,찹쌀가루
초간단 야식/ 허니버터 떡국떡,https://www.10000recipe.com/recipe/6630950
떡국떡,버터,요리유,매실당,검정깨
굴떡국,https://www.10000recipe.com/recipe/6846778
떡국떡,생굴,표고버섯,대파,멸치육수,다진마늘,멸치액젓 또는 국간장,달걀
떡국맛있게끓이는법 알려드릴께요 ~!,https://www.10000recipe.com/recipe/6837024
떡국떡,국거리용 소고기,대파,계란,멸치다시마육수,국간장,참기름,다진마늘,소금
떡국떡 처치용 간단 기름떡볶이,https://www.10000recipe.com/recipe/6883491
떡국떡,간장,고춧가루,설탕,맛술,다진 마늘,식용유,검은깨
장칼국수 대신 장떡국 한 그릇 하셔요~~,https://www.10000recipe.com/recipe/4568043
채 썬 배추,떡,멸치육수,대파,다진마늘,참기름,된장,고추장,국간장
#삼시세끼 김치수제비가 아닌 김치미역떡국 만들기 ,https://www.10000recipe.com/recipe/6865222
김치,미역,들기름,떡국떡,오뎅,육수,멸치액젓,다진마늘,파,김칫국물
"떡국떡 요리,버터치즈떡",https://www.10000recipe.com/recipe/6856868
떡국떡,아가베시럽,버터,치즈,치즈가루,파슬리
닭장떡국 l 닭육수로 만든 찐한 국물이 끝내둬요~! ,https://www.10000recipe.com/recipe/6839386
닭다리,떡국떡,대파,국간장,양파,통후추,맛술,다진마늘,까나리액젓,소금,후추
떠먹는피자 _ 떡국떡 파인애플피자,https://www.10000recipe.com/recipe/6925451
현미 떡국떡,파인애플,토마토,토마토소스,치즈
백선생님이 알랴줬어요! 떡국떡 활용법! 슈가떡 ,https://www.10000recipe.com/recipe/6911621
떡국떡,황설탕,간장,물,식용유
떡국떡의 기본 멸치육수 떡국과 경상도식 소고기고명,https://www.10000recipe.com/recipe/6869350
떡국떡,계란,대파,물,다시마,다시멸치,건표고,참치액,소금,후추,​간 소고기,참기름,물,국간장
시원한 황태떡국,https://www.10000recipe.com/recipe/6948800
황태,떡국떡,계란,대파,마늘,소금,참기름
<<까르보나라 떡볶이>>만들기-명절에 남은 떡국떡 활용해 보아요~^^,https://www.10000recipe.com/recipe/6531446
떡국떡,우유,생크림,양파,브로콜리,마늘,베이컨,체다치즈,파마산치즈,소금,후추
냉동실에 남아있는 떡국떡 에어프라이어로 떡뻥 만들기 ,https://www.10000recipe.com/recipe/6930662
떡국떡
떡국떡요리 초간단떡볶이! 순정떡볶이 만들기,https://www.10000recipe.com/recipe/6949302
떡국떡,식용유,고추장,물,설탕,올리고당,​통깨,대파
멸치육수 떡국 끓이는 법,https://www.10000recipe.com/recipe/6906086
떡국떡 2인분,달걀,대파,멸치육수,다진 마늘,멸치 액젓,소금,후춧가루
"[노오븐] ""떡국떡 피자""♪",https://www.10000recipe.com/recipe/6880915
떡국떡,스팸,양파,당근,청양고추,모짜렐라치즈,체다치즈,토마토스파게티소스
"간단하게 끓여 먹을 수 있는
얼큰하고 매콤한 김치 떡국~*",https://www.10000recipe.com/recipe/6832716
김치,김치국물,다시멸치,물,청양초,소금,다진마늘,고춧가루
떡국 맛있게 끓이는법 / 떡국떡 쌀떡,https://www.10000recipe.com/recipe/6898055
떡국떡,한우 국거리,들기름,채썬 대파,다진마늘,후추,김가루,계란,국간장,굵은소금
 북어와 미역으로 끓인 떡국,https://www.10000recipe.com/recipe/6950144
미역,북어채,표고버섯,집간장,참기름
냉동실 떡국떡 해치우기! 초간단 떡국떡 크림 떡볶이~,https://www.10000recipe.com/recipe/6871384
떡국떡,양파,청양고추,홍고추,버터,밀가루,소금,후추,파슬리가루
떡국 / 떡만두국 - 새해 음식 설날 음식,https://www.10000recipe.com/recipe/6838460
떡국 떡,다진 소고기 ,대파,달걀,냉동만두,참기름,식용유,국간장,다진 마늘,소금,후춧가루
김치 콩나물 떡국,https://www.10000recipe.com/recipe/6882678
떡국떡,배추김치,김치국물,콩나물,멸치육수,대파,다진마늘,멸치액젓,소금,후추
새해에는 떡국~소고기 떡국 끓이는법,https://www.10000recipe.com/recipe/4443392
쇠고기 국거리,떡국떡,계란,조미김,멸치다시마육수,국간장,진간장,다진마늘,맛술,참기름,대파,후추
떡국떡으로 간장떡볶이 만들기 ~,https://www.10000recipe.com/recipe/6924385
떡국떡,들기름,마늘,고추가루,진간장,설탕,통깨
설렁탕육수로 끓인 새해떡국:) 10분이면 완성,https://www.10000recipe.com/recipe/6950770
떡국떡,시판용 설렁탕 육수,물,계란,대파,소금,후추
떡국떡 활용편!떠먹는 떡피자★,https://www.10000recipe.com/recipe/6903298
떡국떡,빨강 파프리카,스팸,양파,피자치즈,토마토 소스,파슬리가루,파마산 치즈 가루
오색떡국,https://www.10000recipe.com/recipe/6865309
떡국떡,다진쇠고기,대파,달걀,간장,다진마늘,설탕,참기름,후추가루,다시마물,국간장,다진마늘,소금,후추가루,물,다시마,멸치
해장에도 좋은 메생이떡국만들기,https://www.10000recipe.com/recipe/6842860
매생이,떡국떡,참기름,다진마늘,국간장
쫄깃한떡의 식감까지♥떡국김치전,https://www.10000recipe.com/recipe/6842943
떡국떡,돼지고기 다짐육,다진김치,다진양파,부침가루,물
"성시경 일상을 음식으로 보는 온앤오프 성식영의 레시피 ♥ 비빔면, 버터치킨, 떡국장 & 떡국 ★",https://www.10000recipe.com/recipe/6885796
떡국 떡,대파,달걀,소고기 다짐육,표고버섯,국간장,설탕,김가루,멸치다시마 육수,소고기,다진 마늘,쪽파,간장,설탕,고춧가루,청주,비빔면,닭,양파,감자,당근,파프리카,소금,후추,버터,다진 마늘,레몬즙,올리브유,로즈마리
"사골미역떡국,아이 국,떡요리, 국물요리",https://www.10000recipe.com/recipe/6938141
들기름
tv.수미네 반찬 떡국입니다.,https://www.10000recipe.com/recipe/6903683
떡,밴댕이,큰 멸치,다시마,물,소고기 또는 다진소고기,계란,쪽파,식용유,구운김채,깨소금,양조간장,설탕,다진마늘,다진마늘,후추,집간장 또는 
간단한 아침메뉴 속든든한 사골 떡국 끓이는법,https://www.10000recipe.com/recipe/6903132
떡국떡,사골곰탕 500g,계란,대파,다진마늘,국간장,참치액,참기름,김
구수한 진국의 떡국 끓이는법,https://www.10000recipe.com/recipe/6946019
재료 :,떡국떡,국거리용 소고기,파,다진마늘,소금,참기름,후추,계란,국간장
다가오는 새해! 미리 해피뉴이어 ★ 소고기떡국 ★ ,https://www.10000recipe.com/recipe/6920904
떡국떡,다진소고기,대파,달걀,소금,멸치다시마육수,간장,참기름,다진 마늘,소금,후추
매생이굴떡국/ 겨울별미 매생이 손질법,https://www.10000recipe.com/recipe/6924132
매생이,떡국떡,생굴,국멸치,물,국간장,다진마늘,천일염
전복떡국 끓이기,https://www.10000recipe.com/recipe/6837356
전복,떡국떡,대파,김,마늘,소금,후추,참기름,생수
밥솥으로 간편하게 끓이고 새알 대신 떡국떡 넣어 손을 덜은 스마트 팥죽,https://www.10000recipe.com/recipe/4163672
팥,물,찹쌀,떡국떡,소금,꿀
진~하고 깊은국물! 소고기떡국 납시오~! ,https://www.10000recipe.com/recipe/6902631
소고기국거리,떡국떡,계란,대파,참기름,간장,올리고당,참기름,국간장,다진마늘,소금,후추
새해에는 떡국떡요리! 육수없이 끓이는 소고기떡국,https://www.10000recipe.com/recipe/6840537
떡국떡,소고기,다진마늘,파,달걀,맛술,후추,국간장,소금,들기름,식용유
"떡국, 소고기떡국 초간단만드는법",https://www.10000recipe.com/recipe/6949790
가래떡,소고기국거리,계란,대파,조미김,국간장,멸치액젓,다진마늘,참기름
경상도식(엄마표) 떡국 끓이는 법은 소고기장? 떡국장? 끼미 ?,https://www.10000recipe.com/recipe/6881595
떡국떡,소고기,국간장,진간장,다진마늘,참기름,계란,조미김 도시락김,물만두
김치 떡국떡 두부 볶음 ,https://www.10000recipe.com/recipe/6949321
김치,두부,떡국떡,양파,파,고추,참기름,간장,깨,고추장,고춧가루,간장,매실액
설날에 필요한 다양한 떡국 레시피!!!! 보너스 떡국떡 활용 레시피는 덤 ★,https://www.10000recipe.com/recipe/3220025
레시피마다달라요!
"떡국떡요리, 허니버터떡강정♪",https://www.10000recipe.com/recipe/6925397
떡국떡,파슬리,버터,꿀
설명절에 도움이 될 쇠고기떡국 만드는법(끓이는법),https://www.10000recipe.com/recipe/6836533
떡국떡,쇠고기국거리,달걀,다진파,국간장,멸치액젓,후춧가루,참기름,다진마늘,미림,멸치다시마육수,소금
김치떡국 한그릇 드세요,https://www.10000recipe.com/recipe/6905414
묵은김치,떡국,애호박,홍고추와 청고추,국간장,고춧가루,육수
고기 싫어하는 분들을 위해 멸치육수 떡국 *^^*,https://www.10000recipe.com/recipe/4453718
떡국떡,달걀,대파,다진마늘,국간장,소금,김가루,후춧가루
깔끔한 맛의 한그릇 새우탕 떡국,https://www.10000recipe.com/recipe/3263107
떡국떡,다시멸치육수,건새우,대파,달걀,국간장,다진마늘
어렸을 적 엄마가 해주던 떡볶이 그 맛! 10분안에 만드는 떡국 떡 떡볶이 ,https://www.10000recipe.com/recipe/6859816
떡국떡,물,고구마말랭이,고추장,매운고춧가루,고춧가루,올리고당,설탕,간장,케찹
굴떡국 끓이는법,https://www.10000recipe.com/recipe/6841589
떡국떡,굴,다시용멸치or디포리,대파,미역,국간장,참기름
새해 예쁜 떡국 끓이기 꽃만두복만두만들기. 손만두보관법,https://www.10000recipe.com/recipe/6949007
물,쇠고기,무,다시마,대파,마늘,양파,소금,국간장,계란지단,밀가루,소금,식용유,물,밀가루,소금,식용유,백년초가루,물,밀가루,소금,식용유,단호박가루,물,쇠고기,대파,마늘,진간장,참기름,설탕,깨소금,후추,숙주,데침소금,두부,김치,후추,깨소금
떡국떡으로 떡볶이를 만들어보세요 :) '떡국떡볶이' 레시피 * ,https://www.10000recipe.com/recipe/6863394
떡국떡,사각어묵,양파,파,고추장,설탕,올리고당,고춧가루,간장,다진마늘,양상추 혹은 양배추,달걀,당면
생각보다 너무 간단하지만 맛있는 떡국끓이기,https://www.10000recipe.com/recipe/6879282
양지머리,떡국떡,물,파,마늘,국간장,소금,참기름,계란
초간단 소고기떡국 : 진한 국물 맛이 좋아요~,https://www.10000recipe.com/recipe/6903187
소고기,떡국떡,다시마육수,참기름,집간장,달걀,대파
무전 & 배추전 : 새해에 떡국과 만들어 먹으면 근사한 식탁 완성~!,https://www.10000recipe.com/recipe/6933662
무,알배추,홍고추,풋고추,소금,튀김가루,식용유,튀김가루,달걀,물,소금
떡국떡 매운라볶이만들기,https://www.10000recipe.com/recipe/6924260
떡,얼려둔 순대,라면사리,고춧가루,고추장,다진마늘,카레가루,설탕,물엿,후춧가루
소고기 양지살을 이용한 떡국 만들기,https://www.10000recipe.com/recipe/6904250
양지,떡국떡,달걀,김,조선간장,물,식용유,대파,통후추,마늘,양조간장,참기름,다진마늘,후춧가루
떡국/미역국떡국으로 특별하게 끓여 보세요~,https://www.10000recipe.com/recipe/6908612
마른미역,떡국떡,소고기,청양고추,소금,후추가루,다진마늘
쉽게 만드는 백종원표 일반떡국 - 백종원이 추천하는 집밥메뉴 52,https://www.10000recipe.com/recipe/6903296
떡국떡,소고기,달걀,대파,참기름,식용유,물,다진마늘,국간장,꽃소금,후춧가루
1월 1일 새해떡국! 미역으로 끓이는 미역떡국 ♥,https://www.10000recipe.com/recipe/6835072
건미역,떡국떡,물,참기름,소고기,다진마늘,국간장,소금
"떡국, 비빔밥 고명 등 활용도 높은 소고기볶음 만들기",https://www.10000recipe.com/recipe/6949708
소고기,다진마늘,맛술,쯔유,후추
[레시피] 신김치와 떡국떡 해치우기 '떡담은 김치전',https://www.10000recipe.com/recipe/6882262
신김치,양파,떡국 떡,부침가루,물,식용유
간단 떡국 끓이기,https://www.10000recipe.com/recipe/6886635
떡,다시육수,달걀,대파,소금,후추,참기름
떡국,https://www.10000recipe.com/recipe/6926987
떡국 떡,달걀,쪽파,멸치다시마육수,국간장,참기름,후추가루
소고기떡국 끓이는법 :: 담백하고 맛있게 떡국 한그릇,https://www.10000recipe.com/recipe/6953577
떡국떡,소고기국거리,멸치다시마육수,국간장,맛술,다진마늘,후추,참기름,양파,대파,국간장,참치액,소금,구운김,계란
겨울철 별미 매생이떡국 간단하며맛있어요~~^^,https://www.10000recipe.com/recipe/6949737
매생이,양파,떡국떡,국물용멸치,다시마,대파,국간장,다진마늘,참기름,소금,후추
장조림 국물과 떡국떡으로 만든 궁중 떡볶이,https://www.10000recipe.com/recipe/6884366
떡국떡,장조림국물,양파 채썬것,브로콜리,파 썬것
떡국떡으로 만드는 간장떡볶이 (+당면) 레시피 !,https://www.10000recipe.com/recipe/6865311
떡국떡,당근,대파,양파,고기,당면,감자,주키니호박,홍파프리카,건고추,다진마늘,설탕,간장,굴소스,올리고당,소금,참기름
명절음식 - 떡국 끓이기,https://www.10000recipe.com/recipe/6879730
떡국떡,달걀,대파,멸치육수,멸치 액젓,다진 마늘,소금,후춧가루
멸치육수로 깔끔하게~후다닥! 맛있는떡국 끓이기~!,https://www.10000recipe.com/recipe/6883893
떡국떡,파,멸치,다시마,대파,북어,계란,김가루,국간장,다진마늘,소금,후춧가루
초간단 떡국/떡만둣국 : 멸치 육수를 사용해서 깔끔한 맛,https://www.10000recipe.com/recipe/6840536
떡국떡,물,국물용멸치,만두,달걀,국간장 밥숟가락,대파,김가루
1인분 떡국 후딱 만들기~,https://www.10000recipe.com/recipe/6924657
떡국떡,육수용멸치,다진마늘,국간장,소금,후추,대파,달걀
시원한 멸치육수로 끓인 떡국 ,https://www.10000recipe.com/recipe/6870215
멸치,다시마,떡국떡,다진마늘,대파,김가루,호박,계란,간장
바쁜아침에 간편하게 만드는 떡국,https://www.10000recipe.com/recipe/6639479
떡국떡,대파,계란,돌 김 자반,다시물,국간장,소금,참기름,통깨
"아침에 먹어도 좋네, 개운하니 맛있는 굴떡국 육수내기 팁까지",https://www.10000recipe.com/recipe/6901857
굴,떡국떡,대파,다진마늘,액젓
"국물요리
시판 사골곰탕으로 간단하게 떡국 끓이기",https://www.10000recipe.com/recipe/6881024
떡국떡,인스턴트사골곰탕,계란,대파,소금
초간단 곰탕떡국 끓이기,https://www.10000recipe.com/recipe/6897612
곰국,떡국떡,계란,김,소금,후추,파
신축년 새해! 쌀떡으로 뚝딱 쉽게 끓이는 북어 떡국 레시피,https://www.10000recipe.com/recipe/6897769
가래떡,북어,청양초,대파,계란,멸치 육수,마늘,멸치 액젓,김가루,후추
"계란/달걀요리, 떡국떡과 계란의 만남 계란도우피자♪",https://www.10000recipe.com/recipe/6949744
계란,소세지,떡국떡,노란파프리카,빨간파프리카,당근,피자치즈,핫소스,칠리소스
 떡국 맛있게 끓이는 법 / 떡 만둣국 끓이는 법,https://www.10000recipe.com/recipe/6836519
떡국떡,소고기 다짐육,달걀,파,마늘,시판 사골육수,끓인사골육수,소금,후추,간장,설탕,맛술,참기름,후춧가루
수미네 반찬 떡국 만드는법,https://www.10000recipe.com/recipe/6924312
떡국떡,소고기,계란,진간장,설탕,마늘,후추,밴댕이,국물용 멸치,다시마,물,국간장,진간장,마늘
초간단 떡국 끓이기,https://www.10000recipe.com/recipe/6905843
떡국떡,소고기,대파,계란,국간장,참기름,김가루,훗춧가루,참기름
사골 육수로 끓인 떡국,https://www.10000recipe.com/recipe/6891383
떡국떡,사골육수,다진마늘,국간장,소금,대파,후춧가루
소고기떡국 맛있게 끓이기,https://www.10000recipe.com/recipe/6903117
떡국떡,소고기,멸치 다시육수,국간장,소금,다진마늘,대파,후추
설날 남은 떡국떡으로 만드는 김치떡볶이만들기,https://www.10000recipe.com/recipe/6902892
떡국떡,김치,다진마늘,다진파,멸치육수,참기름,설탕,간장,통깨
"새해 첫끼로 들깨미역떡국먹었습니다. 들깨미역떡국, 떡국",https://www.10000recipe.com/recipe/6842681
생미역,황태채,참기름,멸치육수,떡국떡,들깨가루,국간장
매생이 떡국 초간단 황금레시피:),https://www.10000recipe.com/recipe/6863356
매생이,떡국떡,표고버섯,국간장
떡국떡강정 명절 남은 음식 활용하기,https://www.10000recipe.com/recipe/6910155
떡국떡,올리고당,검은깨
진하고 구수한국물맛이 끝내줘요 사골떡국,https://www.10000recipe.com/recipe/6884661
사골국물,떡국떡,대파,쇠고기고명,달걀,소금,쇠고기,다진마늘,소금,후춧가루,참기름,다진대파,김가루
멸치다시육수 없이 만든 버섯떡국,https://www.10000recipe.com/recipe/1618403
떡국떡,물,버섯,호박,양파,대파,홍고추,다진마늘,까나리액젓,소금,후추
매생이굴떡국,https://www.10000recipe.com/recipe/6866934
떡국떡,매생이,굴,파,국간장,다진 마늘,다시마,멸치,디포리
멸치육수 떡국 끓이는법,https://www.10000recipe.com/recipe/6883744
떡국떡 한 대접,달걀,국간장,소금,다진마늘,대파,후추,참기름,국멸치,디포리,다시마,건새우,말린표고버섯
떡국떡 으로튀김 만들기,https://www.10000recipe.com/recipe/6880883
떡국떡,소금,설탕
떡국 끓이는 법,https://www.10000recipe.com/recipe/6950630
떡국떡,계란,김,소고기 국거리,파,다진마늘,참기름,진간장,후추,맛소금
# 달콤 새콤 떡국떡 디저트 #,https://www.10000recipe.com/recipe/6864340
떡국떡,설탕,식용유,시나몬가루,케찹,간장,설탕
떡국 간단하게 만들기,https://www.10000recipe.com/recipe/6852408
떡사리,계란,조미김,소금,다시 육수
된장떡국:구수하고 부드러운 된장과 떡국이 잘 어울려요,https://www.10000recipe.com/recipe/6905908
떡국떡,황태육수,된장,미소된장,굴소스,봄동잎,고춧가루,대파,계란,식용유,소금,구운 김
"멸치육수떡국, 집에서 간단하게",https://www.10000recipe.com/recipe/6864855
떡,간 소고기,대파,달걀,조미김,다진 마늘,국간장,생강즙,소금 한,후추,참기름,부순 깨,손질된 국물용 멸치,다시마,물,설탕,간장,후추
곰탕육수 떡국!! 만두넣고 푸짐하게~,https://www.10000recipe.com/recipe/6905540
떡국떡 넉넉히,국거리용 소고기,만두,곰탕육수,계란,대파,소금
(재료손질)파 한단 손질과 보관부터 세상쉬운 사골떡국까지,https://www.10000recipe.com/recipe/6863266
사골국물,떡국떡,소금,후추,,구운
"제철 요리, 굴떡국 만드는법 진짜 맛있어요!",https://www.10000recipe.com/recipe/6860046
사골육수,굴,떡국떡,소금,후추,계란,대파,참기름
사골떡국 사골끓이기 사골국끓이기,https://www.10000recipe.com/recipe/6883274
소 잡뼈,골반뼈,양지
사골떡만두국 - 사골 떡국 끓이는 법,https://www.10000recipe.com/recipe/6946622
사골국물,물,떡국떡,만두,대파,다진 마늘,국간장,구운 소금,후춧가루,달걀지단,김가루
황태오색떡국 - 딸에게# / 황태떡국만드는법,https://www.10000recipe.com/recipe/6905888
오색가래떡,황태,파,마늘,참기름,통깨,후추,김,계란지단
멸치육수 떡국 맛있게 끓이는법 ,https://www.10000recipe.com/recipe/6862751
떡국떡,다시용멸치,대파,김가루,계란,깨소금,국간장,참치액
사골곰탕 육수로 맛을 낸 떡국! 조미료는 필요 없어요~^^ ,https://www.10000recipe.com/recipe/6952645
떡국 떡,사골곰탕,애호박,버섯,계란,소금,후추
떡국 맛있게 끓여드셔요~~,https://www.10000recipe.com/recipe/6835153
떡국떡,멸치 육수,대파,다진마늘,집간장,천일염,다진소고기,간장,맛술,다진마늘,참기름,후추가루
아주 진~한 사골로 떡국 끓이는법~(*오천원의 행복),https://www.10000recipe.com/recipe/6562261
사골곰탕,달걀,떡국 떡,후추,대파,양파,다진마늘
"떡튀김 만들기,떡꼬치소스 만들기,떡국떡 활용요리",https://www.10000recipe.com/recipe/6940056
떡볶이떡,식용유,고추장,케찹,올리고당
"한식, 설날 떡국 대표 고명! 계란지단 예쁘게 만드는 법 / 자르는 법",https://www.10000recipe.com/recipe/6842585
계란,소금,샤르텐 하겐노르딕IH 사각에그팬
정말 맛있는 떡국을 손쉽게 만드는 법 (비비고 사골곰탕 활용),https://www.10000recipe.com/recipe/6903754
떡국 떡,비비고 사골곰탕,대파,계란
국물이 시원한 굴떡국,https://www.10000recipe.com/recipe/6953171
굴,떡국떡,김,멸치,표고버섯,간장,마늘,참기름
새해 첫날 떡국 한 그릇 하세요~ 소고기떡국,https://www.10000recipe.com/recipe/6862491
소고기,대파,참기름,국간장,다시마멸치육수,떡,계란,물,후추
2018년도에도 든든하게 떡국으로 시작!♥ 떡국,https://www.10000recipe.com/recipe/6903207
떡국 떡,건표고버섯,쥬키니호박,대파,김가루,사골육수,떡국시즈닝,참기름
소고기 떡국 맛있게 끓이는법,https://www.10000recipe.com/recipe/6881378
한우 양지,떡국떡,달걀,대파,마늘,청양고추,국간장,소금,후추
떡국떡떡볶이#분식집떡볶이#매콤한떡볶이#떡국떡떡볶이만들기#떡국떡떡볶이레시피,https://www.10000recipe.com/recipe/5897014
떡국떡,사각어묵,대파,물,고운고추가루,설탕 크게,소금,물엿 크게,다시다,미원,후추
떡국떡으로 만드는 떡볶이 황금레시피,https://www.10000recipe.com/recipe/6948911
떡국떡,어묵,양파,마늘,대파,각종야채,양배추,버섯,고추장,간장,설탕,고춧가루
간단한 한끼 만두떡국(떡국&만두국),https://www.10000recipe.com/recipe/6830504
다시멸치,건다시마,떡국떡,냉동만두,대파,계란,생수,조미김,국간장,후추
#김칫국 #김칫떡국만들기 #색다른떡국 #김칫떡국만들기 #칼칼한 떡국 #김칫국에빠진떡국!!!,https://www.10000recipe.com/recipe/6892656
떡국떡,천연조미료육수,김치,다진마늘,김칫국물,국간장,후추,고춧가루,썬파,도시락 조미김,통깨,참기름
"떡국떡으로 떡볶이, 라볶이 만들기",https://www.10000recipe.com/recipe/6906573
떡국떡,어묵,파,고추장,간장,올리고당,고추가루,청양고추가루
새해 설날 맑은 소고기떡국 끓이기,https://www.10000recipe.com/recipe/6840669
떡국떡,국거리용 소고기,무,달걀,조미김,대파,국간장,다진마늘,물,다시마,무
설날 떡국맛있게 끓이는방법 : 경상도식 소고기끼미 만드는방법,https://www.10000recipe.com/recipe/6863650
소고기,두부,집간장,참기름,소금,떡국떡,소고기끼미,계란지단,김가루
떡국 쉽게 끓이기.~외국에서 혼자 사는 딸들에게 주는 엄마 레시피.,https://www.10000recipe.com/recipe/6925105
시판 사골국물,떡국떡,시판 구운김,달걀,시판 장조림캔,소금,후추
깔끔하니 맛있는 굴떡국,https://www.10000recipe.com/recipe/6905780
떡국떡,굴,대파,다싯 물,액젓
까치 까치 설날은 떡국 먹는 날 굴떡국 만드는 법,https://www.10000recipe.com/recipe/6924855
떡,굴,디포리,계란,다진 마늘,간장,소금
수미네반찬 멸치육수떡국 개운하니 맛나요,https://www.10000recipe.com/recipe/6905962
떡국떡,계란,소고기불고기용,대파 흰부분,김,멸치육수,국간장
남은 떡으로 만드는 떡국떡볶이,https://www.10000recipe.com/recipe/6904597
떡국떡,어묵,대파,삶은계란,다진마늘,멸치,새우,고추장,간장,올리고당,매실청
 멸치육수로 간단하게 떡국 끓이는법,https://www.10000recipe.com/recipe/5698232
떡국떡,계란,대파,국간장,다진마늘,소금,후추,마른멸치,양파
만개한알로 쉽게 끓이는 따뜻한 설날떡국 ,https://www.10000recipe.com/recipe/6864215
떡국떡,물,만개한알,달걀,국간장,소금,후추,다진 마늘,김가루,대파,소고기,간장,설탕,다진 마늘,후추,참기름
[설 떡국떡 활용레시피] 돼지고기무떡국,https://www.10000recipe.com/recipe/6953235
돼지고기앞다리살,미니새송이버섯,무,떡국떡,참기름 냄비에,생강가루,멸치다시다육수
굴떡국,https://www.10000recipe.com/recipe/6864710
﻿봉지,떡국떡,부추,당근,애호박​,어간장,소금,멸치육수,다시마,디포리,무,양파,파뿌리,물
"간단 점심메뉴,초간단 떡만둣국, 사골떡국 만드는법.",https://www.10000recipe.com/recipe/6841062
불려둔 떡국떡,만두,사골 국,달걀,대파,당근,청양고추,다진마늘,국간장,후추
소고기떡국,https://www.10000recipe.com/recipe/6908921
떡국떡,양지고기,달걀,마늘,참기름,국간장,후추,소금,파,김
매생이 굴떡국,https://www.10000recipe.com/recipe/6840977
매﻿생이,떡국떡,굴,국간장,소금, ,멸치,무,다시마,통마늘
사골국물 요리 간단하게 떡국 만들어 먹었어요,https://www.10000recipe.com/recipe/6841551
인스턴트사골곰탕,떡국떡,대파,후추
"떡국 끓이기! 고명만 만들어 두면 세상 쉬운 쌀떡국, 경상도식 꾸미 떡국~",https://www.10000recipe.com/recipe/6878782
떡국 떡,소고기,두부,김가루,계란,멸치 육수 멸치,다시마,맛술,다진마늘,다진파,국간장,설탕,참기름,후추
"천상의 맛,떡국편",https://www.10000recipe.com/recipe/6949634
소고기 사태,떡국떡,계란,김,만두,다시마,볶은검정콩,멸치,무,양파,표고버섯,소금,후추,맛간장,마늘,깨소금
떡국떡으로 떡볶이 만들기,https://www.10000recipe.com/recipe/6863411
삶은달걀,오뎅,육수 다시마,표고버섯,멸치,떡국떡 종이컵,대파,고추장,올리고당,간장
【15분완성 꿀팁】간단한 소고기 떡국 맛있게 끓이는법/설날 음식,https://www.10000recipe.com/recipe/6910091
떡국떡,소고기 양지머리,대파 흰부분,대파,다진마늘,물,다시마,참기름,국간장,소금,후춧가루
떡국떡 떡볶이,https://www.10000recipe.com/recipe/6883803
떡국떡,오뎅,양파,당근,대파,다시마,고추장,간장,올리고당,매실액,다진마늘,고춧가루
굴 매생이 떡국,https://www.10000recipe.com/recipe/6884364
매생이,굴,떡국떡,다시다명품골드쇠고기,물,국간장,다진마늘,달걀지단,표고버섯
"설 떡국 만드는 법, 그냥 따라하면 완성 (소고기)",https://www.10000recipe.com/recipe/6849315
양지머리,떡,물,계란,김,국간장,다진 마늘,후추,참기름,대파,물만두
소고기떡국 끓이기,https://www.10000recipe.com/recipe/6903238
떡국떡,멸치다시육수,소고기다짐육,달걀,소금,기름,간장,참기름,다진마늘,다진파,설탕,깨소금
초간단 떡국떡 떡볶이,https://www.10000recipe.com/recipe/2477819
떡국떡,핫도그,어묵,썬 파,고추장,고춧가루,카레가루,흑설탕,다진마늘
매생이 떡국 끓이기,https://www.10000recipe.com/recipe/6910146
매생이,굴,떡,참기름,소금
설날 맞이 간단하지만 맛있게 끓이는 떡국 황금레시피 ,https://www.10000recipe.com/recipe/5708413
떡,소고기,계란,물,파,김,참기름 또는 들기름,집간장,소금
매생이 떡국 끓이기,https://www.10000recipe.com/recipe/6864316
매생이,떡,천연조미,소금
설날 떡국 끓이는법 고기육수 보다 맛있는 황태육수 떡만두국,https://www.10000recipe.com/recipe/6505364
황태머리,대파,다시마,다시멸치,새우,황태채,다진마늘,떡,만두,대파,국간장
떡국 맛있게 끓이는 법,https://www.10000recipe.com/recipe/6925284
떡국떡,만두,계란,대파,맛타리버섯,바지락,멸치,물,소금,후추
전복매생이떡국,https://www.10000recipe.com/recipe/4510870
떡국떡,매생이,꼬마전복,다시마육수,다진마늘,국간장,소금
새해엔 꼭 먹는 두가지! 나이...그리고 떡국♥,https://www.10000recipe.com/recipe/5815103
떡국 떡,시판사골,물,대파 10cm,소고기,소금,후추,다진 마늘,달걀
떡국,https://www.10000recipe.com/recipe/6863295
고기,떡국떡,간장,참기름,달걀,파,두부
떡국 끓이기...,https://www.10000recipe.com/recipe/6835947
떡국떡,사골육수,물,소고기 국거리용,대파,다진마늘,소금,다시다,후춧가루
소고기 다색 떡국 ! 알록달록 예쁘고 맛좋은 떡국♥ ,https://www.10000recipe.com/recipe/6924367
다색 떡국떡,태백 명품 가마솥 설렁탕,소금,대파,삶은 소고기,달걀
사골 떡국 끓이는법 설날 사골떡국 만드는법,https://www.10000recipe.com/recipe/6904892
떡국 떡,계란,소고기,사골곰탕,김가루,후추
떡국 맛있게 끓이는 법 ,https://www.10000recipe.com/recipe/6948173
떡국,디포리 육수 혹은,대파,계란,김가루,소금
떡국떡 떡볶이,https://www.10000recipe.com/recipe/6840948
달걀,떡국떡,양파,고추,파,어묵,다진마늘,고추장,고추가루,꿀,간장,참기름
진한 사골 떡국,https://www.10000recipe.com/recipe/6833038
사골국물,파,떡국떡,김가루,당근,지단,다진마늘,소금이나 국간장
