꽁치김치찌개,추천순,79
백종원 꽁치김치찌개 끓이는 법,https://www.10000recipe.com/recipe/6904987
꽁치통조림,김치,양파,대파,물,고춧가루,된장,다진 마늘,설탕,참기름
꽁치 김치찌개 - 간단 찌개 요리,https://www.10000recipe.com/recipe/6878016
꽁치통조림,김치,대파,청양고추,참기름,설탕,된장,다진 마늘,고춧가루
묵은지로 만든 백종원 꽁치김치찌개 설탕잡기,https://www.10000recipe.com/recipe/6840237
꽁치통조림,김치,참기름,물,파,청양고추,된장,고추가루,설탕,다진마늘
백종원 꽁치김치찌개 초보도 가능한 국물요리!!,https://www.10000recipe.com/recipe/6897172
김치,꽁치통조림,육수 또는 물,대파,고추가루,참기름,간장
백종원 꽁치김치찌개,https://www.10000recipe.com/recipe/6876631
꽁치통조림,신김치,다진마늘,파,청양고추,된장,설탕,고춧가루,들기름,쌀뜨물,미림,간장
꽁치김치찌개,https://www.10000recipe.com/recipe/6946943
통조림꽁치,김치,양파 작은거,청양고추,대파,물,참기름,다진마늘,된장,설탕,고춧가루
꿀처 꽁치김치찌개,https://www.10000recipe.com/recipe/6876073
김치,꽁치통조림,마늘,대파,고춧가루,다시다,생강가루,후춧가루,소주,물
꽁치김치찌개 끓이는법 백종원 레시피로 ,https://www.10000recipe.com/recipe/6899269
꽁치캔,청양고추,홍고추,김치,들기름,고춧가루,진간장,설탕,다진마늘,된장
꽁치통조림을 이용한 꽁치김치찌개,https://www.10000recipe.com/recipe/6856952
꽁치통조림,신김치 또는 묵은지,식용유,다진마늘,대파,고추장,소금,고춧가루
황금레시피 백종원 레시피 꽁치김치찌개 만들기,https://www.10000recipe.com/recipe/6848227
김장 김치,꽁치통조림,대파,청고추,홍고추,고추가루,된장,다진마늘,설탕,물
백종원 꽁치김치찌개,https://www.10000recipe.com/recipe/6840428
묵은지,식용유 1스푼 꽁치 통조림,청량고추,대파,설탕,다진마늘,된장,고춧가루
꽁치김치찌개 요대로만 하면 100% 성공!,https://www.10000recipe.com/recipe/6910461
배추김치,꽁치톰조림,양파,물,대파,물,다진마늘,설탕,고춧가루,집된장
간단 저녁 반찬-캔꽁치 김치말이찌개~,https://www.10000recipe.com/recipe/6874094
꽁치통조림,김장김치 길게,두부,대파,손질한 국물용 멸치,다시마,고춧가루,다진 마늘
꽁치통조림 김치찌개 맛있게 끓이는 법,https://www.10000recipe.com/recipe/6947079
꽁치 통조림,김치,김치 국물,쌀뜨물,양파,청양고추,들기름,고춧가루,다진 마늘,국간장,후추
밥도둑 '통조림 꽁치 김치찌개' 비린내 없이 끓이는 비법,https://www.10000recipe.com/recipe/6895008
통조림 꽁치,신김치,팽이버섯,깻잎,청양고추,들기름,설탕,고추가루,된장,다진마늘
꽁치통조림 열무얼갈이김치찌개 진합니다,https://www.10000recipe.com/recipe/6941739
익은열무 얼갈이 김치,꽁치통조림,양파,청양고추,설탕,대파,쌀뜬물,참기름,다진마늘,새우젓,된장,고추가루,매실액,후추,치킨스톡
밥도둑 꽁치김치찌개 만들기!,https://www.10000recipe.com/recipe/6851536
푹~익은 배추김치,꽁치통조림,대파,김치국물,된장,다진마늘,고추가루,설탕
[자취요리] 꽁치 김치찌개 만들기! 밥슥슥 비벼서 한입bb,https://www.10000recipe.com/recipe/6847069
신김치,꽁치통조림,다진마늘,고춧가루,설탕,다시마,멸치,무
꽁치캔으로 만든 김치찌개,https://www.10000recipe.com/recipe/4433595
꽁치통조림,배추김치,감자,양파,대파,물,참치액,맛술,다진마늘
꽁치김치찌개,https://www.10000recipe.com/recipe/6907305
신김치,꽁치통조림,양파,대파,청양고추,두부,고춧가루,설탕
백종원의 꽁치 통조림 김치 찌개,https://www.10000recipe.com/recipe/6832348
꽁치통조림,김치,갓김치,대파,물 ,들기름,설탕,된장,다진마늘,고추가루
통조림꽁치김치찌개:신김치가 아닐지라도,https://www.10000recipe.com/recipe/6895405
김치,양파,식용유,고추장,고춧가루,쌀뜨물,김칫국물,맛술,식초,꽁치통조림,파,참기름
"꽁치통조림김치찌개-쉽고,간단한 10분요리",https://www.10000recipe.com/recipe/6925131
꽁치통조림,김치,다진마늘,양파,대파,고추,물,소금
밥도둑 꽁치김치찌개 황금레시피 입니다,https://www.10000recipe.com/recipe/6908490
된장,설탕,고추가루,꽁치통조림,김치,마늘,양파,쌀뜬물,청양고추
꽁치김치찌개 만들기,https://www.10000recipe.com/recipe/6854286
꽁치통조림,김치,된장,다진마늘,대파,청양고추,고춧가루
"꽁치 김치찌개, 묵은지 꽁치 김치찌개",https://www.10000recipe.com/recipe/6875388
묵은지,묵은지 국물,꽁치 통조림,꽁치 통조림 국물,쌀뜨물,대파,두부,청양고추,식용유,설탕,고추가루,맛술,간장,다진마늘,후추 톡톡,소금
백종원 꽁치김치찌개 만드는법 꽁치통조림요리,https://www.10000recipe.com/recipe/6864050
김치,꽁치통조림,된장,고춧가루,설탕,다진마늘,들기름or참기름
꽁치 김치찌개,https://www.10000recipe.com/recipe/6882225
꽁치통조림,김장 김치,양파,대파,다진마늘,소금,후추,청양고추,고추가루
"[꽁치김치찌개, 백종원레시피] 꽁치통조림과 묵은지의 완벽한 조화. 비린내 하나 없는 김치찌개, 꽁치찌개.",https://www.10000recipe.com/recipe/6685137
꽁치통조림,묵은지 김치,참기름,고춧가루,간 마늘,대파,청양고추,설탕
"꽁치통조림 김치찌개 만드는 법, 비리지 않게 만들어 봐요 :)",https://www.10000recipe.com/recipe/6894653
신김치,꽁치통조림,대파,들기름,쌀뜨물,다진 마늘,된장,고춧가루
꽁치김치찌개 비린내 잡는 비법,https://www.10000recipe.com/recipe/631472
꽁치 통조림,양파,김치,식용유,청양고추,육수,대파,화이트와인,다진마늘,다진생강,고춧가루
#꽁치통조림으로 간단하게 끓이는 꽁치김치찌개만들기,https://www.10000recipe.com/recipe/6893014
꽁치통조림,묵은지,김칫국물,다진파,다진마늘,매실액,맛술/청주,통깨
"꽁치통조림 김치찌개, 방아잎 꽁치김치찌개 ",https://www.10000recipe.com/recipe/6862827
꽁치통조림,김치,방아잎,마늘,양파,고춧가루,소금,국간장,설탕
꽁치김치찌개 맛있게끓이는법,https://www.10000recipe.com/recipe/6879781
꽁치통조림,총각김치,김치국물,청양고추,다진 마늘,물
비린내 없는 꽁치 통조림 김치찌개,https://www.10000recipe.com/recipe/6830452
꽁치통조림,양파,파,김치,설탕,된장,설탕,마늘,고춧가루,참기름
꽁치 김치찌개,https://www.10000recipe.com/recipe/6852222
꽁치,김치,양파,홍고추,대파,김치국물,물,식용유,다진마늘,고춧가루,소금
꽁치통조림김치찌개,https://www.10000recipe.com/recipe/6879401
신김치,김치찌개용 꽁치통조림,쌀뜨물,대파,들기름
백종원 꽁치 김치찌개 만들기!,https://www.10000recipe.com/recipe/527132
김치,꽁치통조림,양파,파,청양고추,고춧가루,국간장,물,설탕,다진 마늘,된장
#꽁치통조림 #초간단꽁치김치찌개만들기 #꽁치통조림과묵은지의맛남!!! 칼칼하고 구수한 꽁치김치찌개,https://www.10000recipe.com/recipe/6855538
꽁치통조림,김치,고춧가루,다진마늘,매실액,썬파
백종원의 초간단 꽁치 통조림 김치 찌개 만들기~~ 백주부 꽁치 김치찌개 포인트~~ 된장 한 큰술~~,https://www.10000recipe.com/recipe/6834369
꽁치 통조림,신김치,김치 국물,물,고춧가루,된장,청양고추,다진 마늘,설탕
꽁치 통조림 김치찌개 ,https://www.10000recipe.com/recipe/501193
무,다시마,양파껍질,마른표고,김장김치,꽁치통조림,양파,고춧가루,다진 마늘,생강술,김치국물,국간장,고추,대파
김치찌개 꽁치통조림 김치찌개,https://www.10000recipe.com/recipe/6900890
꽁치통조림,묵은 지,김치 국물,대파,홍고추,육수,고춧가루,다진 마늘,생강즙,들깻잎 가루,맛술,후추
#편스토랑 #꽁치김치찌개만들기 #치즈가 들어간 꽁치김치찌개 #김장김치활용요리,https://www.10000recipe.com/recipe/6838138
포기김치,꽁치통조림,슬라이스치즈,매실액,다진마늘,대파,천연조미료 해물육수
엄마 손맛이 느껴지는 꽁치김치찌개 레시피!,https://www.10000recipe.com/recipe/6623468
꽁치 통조림,김치,양파,대파,청양고추,설탕,고춧가루,다진마늘,된장,들기름
"고소한 꽁치와 칼칼한 김치의 만남, 꽁치김치찌개",https://www.10000recipe.com/recipe/6880376
꽁치 통조림,배추김치,대파,청양고추,해물육수,식용유,다진마늘,고춧가루,설탕,김칫국물,꽁치 통조림 국물
캔꽁치 김치찌개,https://www.10000recipe.com/recipe/6953933
꽁치통조림,양파,신김치,대파,청양고추,무우,진간장,맛술,다진마늘,고추장,고춧가루
"진정한 밥도둑, 꽁치 김치찌개 간단 황금레시피 두공기 순삭이에요!",https://www.10000recipe.com/recipe/6952468
꽁치,신김치,양파,미나리,다진마늘,간장,멸치액젓,설탕,고추가루
꽁치 김치찌개,https://www.10000recipe.com/recipe/6950532
잘익은맛 김치 크게,꽁치,양파,대파,고춧가루,다진마늘,후추,물
#꽁치통조림요리 #꽁치김치찌개만들기 #초간단꽁치김치찌개 #덜익은김치활용 #남은겉절이활용,https://www.10000recipe.com/recipe/6950446
겉절이,배추김치,김칫국물,천연조미료해물육수,꽁치통조림,다진마늘,천연조미료,매실액,썬파,식초
비오는날 밥도둑 건강한맛 꽁치통조림 만들어 맛있는 꽁치김치찌개,https://www.10000recipe.com/recipe/6947290
꽁치,소금,청주,마늘,생강청,조미료,꽁치,김치,어묵,두부,마늘,참치액,파,물,김치국물
열무꽁치김치찌개 만들기. 버릴뻔한 시어버린 열무김치의 환골탈태.,https://www.10000recipe.com/recipe/6943392
꽁치 캔,열무김치,양파,대파나 쪽파,청양고추,간마늘,고춧가루,맛술,설탕,된장
꽁치김치찌개,https://www.10000recipe.com/recipe/6941107
김치,꽁치캔,대파,마늘,멸치육수,물,고추가루,소금
간단하지만 맛있다~꽁치김치찌개!,https://www.10000recipe.com/recipe/6938768
배추 묵은지,통조림 꽁치캔,대파,김치국물,다진마늘,쌀뜨물,소금,설탕
꽁치김치찌개,https://www.10000recipe.com/recipe/6933698
김치,대파,꽁치캔,참기름,다진양파,된장,설탕,고추가루
밥도둑 꽁치김치찌개,https://www.10000recipe.com/recipe/6933567
양파,대파,마트에서파는 꽁치 찌개,물,김치
국물이 맛있는 꽁치 김치찌개,https://www.10000recipe.com/recipe/6931922
꽁치통조림,배추김치,대파,디포리,멸치,다시마,물,김치국물,식용유,들기름,다진생강,다진마늘,고추가루,설탕
애호박꽁치김치찌개,https://www.10000recipe.com/recipe/6930481
묵은김치,감자,애호박,토마토,꽁치통조림,다시마,고추,설탕,다진마늘,김치국물,김치국물,쌈장
꽁치김치찌개,https://www.10000recipe.com/recipe/6930229
꽁치캔,김치,양파,무,설탕,들기름
초간단 맛보장 묵은지 꽁치 김치찌개 만들기,https://www.10000recipe.com/recipe/6921176
묵은지,김칫국물,꽁치통조림,된장,다진마늘,멸치액젓,고추가루,물,대파
꽁치김치찌개,https://www.10000recipe.com/recipe/6913854
김치,꽁치통조림,파,양파,고추,고추가루,다진마늘,들기름,고추가루,국간장,청주,참치액,후추
밥도둑 꽁치김치찌개,https://www.10000recipe.com/recipe/6911914
신김치,김치찌개용 꽁치캔,청양고추,홍고추,대파,맛술,후추,고춧가루,액젓
꽁치 김치찌개맛있게끓이는법,https://www.10000recipe.com/recipe/6911500
꽁치통조림,묵은지,양송이버섯,양파,물,참치액
꽁치김치찌개:설탕 대신 양파로 신맛을 잡아요,https://www.10000recipe.com/recipe/6900640
신김치,꽁치통조림,양파,쌀뜨물+다시마,들기름+식용유,3311양념장,대파,사리면,다시육수,고춧가루,액젓,다진마늘
 꽁치김치찌개,https://www.10000recipe.com/recipe/6894571
꽁치캔,김치,김치국물,무 반달모양,양파 작은 것,대파,청고추,물,청주,카놀라유,고춧가루,다진마늘,생강가루,소금
[해외자취Cook.feel通]118. 꽁치김치찌개 레시피 ,https://www.10000recipe.com/recipe/6893079
꽁치통조림,익은 김치,참기름,물,대파,다진마늘,다진청양고추
꽁치김치찌개 맛있게 끓이는 법,https://www.10000recipe.com/recipe/6888933
신김치,꽁치통조림,멸치다시마 육수,대파,양파,다진마늘,생강즙,울금가루
꽁치김치찌개 ,https://www.10000recipe.com/recipe/6868931
김치,꽁치캔 큰거,스팸,들기름,대파,청고추
시원한 국물맛이 일품인 '꽁치 어묵 김치찌개',https://www.10000recipe.com/recipe/6844418
묵은지,꽁치통조림,어묵,파,양파,청양고추
칼칼한 꽁치 김치찌개 레시피,https://www.10000recipe.com/recipe/6841443
꽁치캔,김치,두부,청양고추,양파,대파,들기름,고추장,고추가루,매실청
꽁치 갓 김치찌개,https://www.10000recipe.com/recipe/6838338
꽁치통조림,갓김치,양파,다진마늘
꽁치김치찌개,https://www.10000recipe.com/recipe/6835977
찌개용 꽁치,김치,물,대파,청양고추,김치국물
주말 음식으로 좋은 칼칼한 꽁치김치찌개 ,https://www.10000recipe.com/recipe/6834835
꽁치통조림,김치,대파,청양고추,고춧가루,설탕,소금,카놀라유,참기름,물
꽁치 김치찌개 ,https://www.10000recipe.com/recipe/6780101
꽁치 통조림,김치,김치국물,청양고추,대파,고추가루,소금,설탕,카놀라유,참기름
다른반찬이 필요없는 묵은지가 통째로~묵은지꽁치찌개/꽁치김치찌개/꽁치비린내않나고 맛있게끓이는법,https://www.10000recipe.com/recipe/6768140
꽁치,묵은지,두부,대파,양파,무,국멸치,황태,물,김칫국물,홍고추,다진마늘,후추,고춧가루,청주,맛술
꽁치 김치찌개 맛있게 끓이는 법,https://www.10000recipe.com/recipe/6762169
김치,김치찌개용 꽁치 통조림,대파,김치국물,멸치 다시마 국물,설탕,소금,들기름,다진마늘,국간장
꽁치 김치찌개 ,https://www.10000recipe.com/recipe/6248376
묵은지,꽁치통조림,대파,생수,MSG,버터,참기름,설탕
얼큰한 꽁치김치찌개,https://www.10000recipe.com/recipe/4884154
꽁치통조림,김치,멸치다싯물,두부,양파,대파,고추,김치국물,맛술,다진마늘,고춧가루,국간장,후춧가루
 꽁치김치찌개,https://www.10000recipe.com/recipe/3559171
찌개용 꽁치,김치,물,대파,청양고추,김치국물
꽁치김치찌개 끓이기,https://www.10000recipe.com/recipe/2468435
잘 손질된 꽁치,신김치,양파,대파,청고추,멸치다시마육수,고춧가루,청주,황설탕,마늘,생강즙,후춧가루,국간장,소금
