콩나물찌개,추천순,61
반찬 없을때~ [백종원콩나물찌개]정말 대박대박 맛있어요~♡,https://www.10000recipe.com/recipe/6837643
콩나물,돼지고기다짐육,양파,표고버섯,청 고추 &홍 고추,파,식용유,다진마늘,새우젓,간장
백주부표 얼큰 콩나물 찌개로 밥한공기 뚝딱!^^,https://www.10000recipe.com/recipe/6833358
콩나물,돼지고기,양파,물,고추가루,간장,새우젓 또는 멸치액젓,대파,마늘,청양고추
얼큰한 백종원 콩나물찌개,https://www.10000recipe.com/recipe/6832049
식용유 ,대파,콩나물,돼지고기간것,물,대파,청양고추,홍,고추가루 ,새우젓,소금,간장
집밥백선생 콩나물찌개,https://www.10000recipe.com/recipe/6831807
콩나물,돼지고기,양파,버섯 한,파,청홍고추,식용유,굵은 고춧가루,물,진간장,멸치액젓,소금,다진마늘 한
콩나물찌개 - 콩나물 돼지고기 찌개,https://www.10000recipe.com/recipe/6882516
콩나물,다진 돼지고기,새송이버섯,양파,대파,청양고추,물,고춧가루,다진 마늘,고추장,맛술,새우젓,멸치 액젓,후춧가루
집밥백선생 백종원 콩나물찌개 황금레시피,https://www.10000recipe.com/recipe/6835974
콩나물,간 돼지고기,식용유,고추,파,양파,송이버섯,식용유,물,진간장,고춧가루,다진마늘,소금
캠핑에서 즐기는 얼큰 시원 돼.콩 찌개(돼지 콩나물찌개),https://www.10000recipe.com/recipe/6871289
돼지고기,콩나물,대파,다진마늘,고추가루,국간장,멸치액젓,양파,참기름,소금,후추,물
백종원 콩나물찌개 ,https://www.10000recipe.com/recipe/6839408
콩나물,식용유,버섯,간돼지고기,파,마늘,고춧가루 소주,양파
백선생 콩나물찌개,https://www.10000recipe.com/recipe/6832803
콩나물,다진 돼지고기,양파,버섯,대파,청양고추,식용유 소주잔,고춧가루 소줏잔,새우젓,다진마늘,소금,물
얼큰콩나물찌개 비오는날 끓여먹는 찌개,https://www.10000recipe.com/recipe/6886786
콩나물,돼지고기 다짐육,양파,대파,고춧가루,멸치액젓,국간장,맛술,소금,후추,기름,물
집밥 백선생 백종원의 콩나물찌개,https://www.10000recipe.com/recipe/6834586
콩나물,돼지고기,새송이버섯,양파,대파,다진마늘,고추가루,청양고추,홍고추,새우젓,식용유
콩나물찌개 얼큰칼칼한맛!,https://www.10000recipe.com/recipe/6910833
콩나물,돼지고기다짐육,양파,표고버섯,대파,물,식용유,고춧가루,새우젓,간장,다진마늘,소금/후추
백종원 콩나물찌개 얼큰한게 맛있네요,https://www.10000recipe.com/recipe/6841681
콩나물,돼지고기 다짐육,양파,느타리버섯,대파,청양고추,홍고추,다진 마늘,굵은 고춧가루,간장,소금,식용유,물
얼큰한 콩나물찌개 - 아침저녁으로 쌀쌀하니 국물요리 생각나,https://www.10000recipe.com/recipe/6857221
콩나물,다짐육,양파,버섯,대파,청양고추,마늘,고춧가루, ,대파,식용유, ,진간장,참치액,소금
#새우젓요리 #두부새우젓찌개만들기 #무를 넣고 만든 두부새우젓찌개 #콩나물을 데쳐서 토렴한 두부새우젓찌개,https://www.10000recipe.com/recipe/6946285
두부,무,콩나물,참기름,썬파,다진마늘,새우젓,천연조미료해물 육수
냉파요리 콩나물 김치 소세지 찌개 냉장고 파먹기,https://www.10000recipe.com/recipe/6927257
멸치육수,김치,콩나물,프랑크 소세지,대파,슬라이스 치즈,식용유,고추장,까나리액젓,다진마늘,설탕,국간장 간
돼지고기 콩나물찌개,https://www.10000recipe.com/recipe/6832949
콩나물,돼지목살 ,표고버섯,양파,대파,청양고추,홍고추,다진마늘,어간장,고추가루,물
백종원 콩나물찌개 ,https://www.10000recipe.com/recipe/6843493
콩나물,간 돼지고기,양파,청양고추,대파,식용유,고춧가루 소주잔,진간장 소주잔,다진마늘,소금
백종원콩나물찌개:아침 국밥으로 먹으니 딱 좋더라,https://www.10000recipe.com/recipe/6929796
콩나물,식용유,대파,돼지고기다짐육,맛술,고춧가루,물,양파,표고,다진마늘,새우젓,간장 or소금,청양고추
술한잔 한 다음날! 얼큰한 해장의 끝판왕! 콩나물찌개,https://www.10000recipe.com/recipe/6866405
콩나물,돼지고기 다짐육,버섯,양파,청양고추,대파 10cm,물,고춧가루,다진 마늘,간장,새우젓,후추,국간장
콩나물 요리 / 콩나물 찌개,https://www.10000recipe.com/recipe/6930009
콩나물,간 돼지고기,양파,청양고추,홍고추,대파,식용유,물,고춧가루,간장,다진 마늘
현미콩나물밥/다이어트식단/콩나물/현미밥/된장국/두부된장찌개,https://www.10000recipe.com/recipe/1883178
현미쌀,일반쌀,콩나물,물,두부,청양고추,달래,다진마늘,된장,다시마국물,달래,깨소금,참기름,진간장,조선간장,고추가루
백종원콩나물찌개 황금레시피.,https://www.10000recipe.com/recipe/6866449
콩나물,돼지고기,대파,마늘,양파,진간장,새우젓,고추가루,청양고추,식용유,설탕
알토란 콩나물동태찌개 (임성근샘),https://www.10000recipe.com/recipe/6897179
동태,물,꽃소금,콩나물,애호박,두부,대파,오만둥이,바지락,청양고추,홍고추,쑥갓 한,미나리 한,물,황태머리,마른새우,다시마,마른 고추씨,통후추,수염 대파,양파,무,중간 고춧가루,고운 청양고춧가루,다진마늘,꽃소금,다진 새우젓
돼지고기 콩나물 김치찌개,https://www.10000recipe.com/recipe/4507499
김치,콩나물,돼지고기,양파,느타리버섯,새송이버섯,당근,청양고추,파,소금,후추,미림,고춧가루,굴소스,다시다,미림,고추장,설탕
콩나물까지 더해 시원하고 칼칼한 동태찌개(국물이 끝내줘요),https://www.10000recipe.com/recipe/6900256
멸치육수,손질 된 동태,무,콩나물,새우젓,된장,고춧가루,국간장,생강술,다진마늘
콩나물찌개~ 백종원 콩나물찌개...,https://www.10000recipe.com/recipe/6896817
콩나물
백종원 콩나물찌개 만들기,https://www.10000recipe.com/recipe/6837203
콩나물,돼지고기 다짐육,새송이버섯,양파,대파,청양고추,물,고춧가루 소주컵,간장 소주컵,소주,소금
김치 콩나물 비지찌개,https://www.10000recipe.com/recipe/1536496
비지,김치,콩나물,대파,마늘,청홍고추,물,멸치,다시마,마늘,표고버섯가루,소금
얼큰한 쇠고기 콩나물찌개,https://www.10000recipe.com/recipe/3238824
쇠고기 불고기감,무,콩나물,맛타리버섯,풋고추,홍고추,대파,멸치 다시마 육수,청주,소금,후춧가루,고춧가루,다진마늘,국간장,맛술,소금
콩나물육수를 이용한 참치김치찌개 만들기 ,https://www.10000recipe.com/recipe/6834119
익은김치,참치,양파,두부,청양고추,홍고추,대파,콩나물육수,후추,설탕,참기름,김치국물,다진마늘,고추가루
대합 콩나물 된장찌개,https://www.10000recipe.com/recipe/1807010
대합,콩나물,된장,대파,소금
얼큰한 콩나물 김치찌개,https://www.10000recipe.com/recipe/6943810
콩나물,김치,대파,청양고추,소금,고춧가루,다진마늘,해물육수팩,두부
얼큰 느타리콩나물찌개 만드는법- 딸에게#,https://www.10000recipe.com/recipe/6934372
콩나물,느타리,돼지고기,청양고추,파,마늘,맛 집간장,까나리액젓,소금,양파
< 찌개 > 돼지고기 콩나물 찌개 ,https://www.10000recipe.com/recipe/6928432
무김치,돼지고기 약,콩나물,두부,고추,된장,미향,고추가루,멸치액젓
얼큰콩나물국(죽):콩나물파절이에 이어서 (feat.백종원콩나물찌개),https://www.10000recipe.com/recipe/6928242
콩나물,양파,대파,대게다시팩+ 파뿌리,물,고춧가루,양조간장,새우젓,다진마늘,소금 부족한,콩나물국,찬밥,육수필요할경우만,달걀,참기름,깨,다진채소,김가루
집밥 백선생 백종원 콩나물찌개 만드는 법,https://www.10000recipe.com/recipe/6915422
콩나물 크게 한,간 돼지고기,식용유,대파,표고버섯,양파,청양고추,홍고추,물,고춧가루,다진 마늘,진간장,소금 입맛에
-콩나물찌개-,https://www.10000recipe.com/recipe/6911977
콩나물,돼지고기,양파,대파,표고버섯,다진마늘,고춧가루,진간장,멸치액젓
돼지고기 콩나물찌개 매콤하게 끓이기,https://www.10000recipe.com/recipe/6910645
간 돼지고기,콩나물,대파,기름,양파,김치,다진 마늘,국간장,멸치액젓,소금,고춧가루,다싯물
집밥백선생 레시피♪ 이건 딱 해장각! 얼큰 콩나물찌개,https://www.10000recipe.com/recipe/6898319
물,콩나물,간 돼지고기,양파,표고버섯,기름,다진파,고춧가루 소주,새우젓,다진마늘,파,청양고추,소금,후추
콩나물 부대찌개 라면 ,https://www.10000recipe.com/recipe/6882714
부대찌개 라면,프랭크햄,콩나물,표고버섯,양파,쪽파,물,멸치액젓,고춧가루,청양고추,홍고추,달걀
콩나물찌개 크~~간단하고 맛있고!!!,https://www.10000recipe.com/recipe/6869706
콩나물,돼지고기간거,파,양파,표고버섯,고추가루,새우젓,식용유
"두부 콩나물 요리, 조기찌개와 대패삼겹살 콩나물",https://www.10000recipe.com/recipe/6868606
두부,수조기,무,붉은 고추,청양초,양파,콩나물,대파,멸치육수,어간장,고춧가루,마늘,대패 삼겹살,콩나물,느타리버섯,양배추,대파,마늘,진간장,매실진액,고춧가루
#집밥백선생보다 간편한 햄어묵콩나물찜만들기 #만능찌개간장이 없이 육수만으로 간편하게 만들 수 있는 콩나물찜,https://www.10000recipe.com/recipe/6868347
천연조미료,파뿌리,건표고버섯,통후추,대파,편마늘,청주,진간장,생강가루,콩나물,소세지,어묵,양파,대파,육수,고춧가루,설탕,후추,전분물,참기름
콩나물 찌개 ,https://www.10000recipe.com/recipe/6867407
배추김치,콩나물,참치 캔,대파,청양고추,다진마늘,들기름,김치국물,황태육수 대체 멸치육수,물,설탕,국간장,새우젓,고춧가루
해장으로 딱! 얼큰 콩나물오징어찌개,https://www.10000recipe.com/recipe/6866571
오징어,콩나물,애호박,청양고추,다진마늘,대파,순두부양념장,새우젓,후추,다시마,멸치
백종원 콩나물 찌개 끓이는 법,https://www.10000recipe.com/recipe/6856942
콩나물,돼지고기 다짐육,파,양파,표고버섯,고추가루,다진마늘,국간장,새우젓,청양고추
백종원 콩나물찌개 따라해봤어요 ,https://www.10000recipe.com/recipe/6850661
콩나물,대파,버섯,호박,돼지고기,청량고추,간마늘,올리브오일,고춧가루,물,국간장
콩나물김치찌개만드는방법! 간단해요!,https://www.10000recipe.com/recipe/6848275
쉰김치,콩나물,돼지고기,팽이버섯
얼큰한 백종원 콩나물찌개 레시피,https://www.10000recipe.com/recipe/6847562
콩나물,돼지고기 다짐육,양파,느타리버섯,대파 or 쪽파,청양고추,식용유,고춧가루,물,다진마늘,새우젓 or 국간장
"백주부레시비, 백종원의 얼큰한 콩나물찌개",https://www.10000recipe.com/recipe/6844111
콩나물,새송이버섯,간돼지고기,파1대,다진마늘,애호박,청양고추,홍고추,양파,고춧가루,새우젓,소금
콩나물찌개,https://www.10000recipe.com/recipe/6837446
콩나물,포프리두부,돼지고기간것,대파,매운고추,홍고추,고춧가루,액젓,다진마늘,들깨가루
집밥백선생 콩나물찌개만들기,https://www.10000recipe.com/recipe/6836625
다진돼지고기,다진마늘,파 소주잔,생강가루,고춧가루,콩나물,호박,양파,청양고추,간장이나멸치액젓
집밥백선생 따라하기 콩나물찌개 대박~! 진짜 소주를 부르는맛 ㅋㅋ,https://www.10000recipe.com/recipe/6835623
간 돼지고기,콩나물,양파,표고버섯,빨간고추,대파,식용유,물,식용유,굵은고춧가루,진간장,다진마늘,소금
백선생 콩나물찌개,https://www.10000recipe.com/recipe/6835049
소고기,콩나물,대파,고추,식용유,호박,양파,무,고추가루,다진마늘,새우젓,액젓,물
백종원 얼큰 콩나물찌개집밥 백선생 콩나물찌개,https://www.10000recipe.com/recipe/6833944
콩나물,돼지고기​ 간것,양파,당근,홍고추,청양고추,대파,국간장,멸치액젓,고춧가루,다진 마늘,소금,물
집밥 백선생 콩나물 찌개 만들기,https://www.10000recipe.com/recipe/6833739
콩나물,파,돼지고기 다짐육,양파,표고버섯,홍고추,파,식용유,고추가루 소주컵,진간장,소금,다진마늘
"백주부 집밥, 얼큰한 콩나물 찌개",https://www.10000recipe.com/recipe/6832859
콩나물,돼지고기,대파,청양초,들 깻잎,물,콩기름,마늘,고추장,고춧가루,맛술,설탕
집밥 백선생 콩나물찌개,https://www.10000recipe.com/recipe/6832728
콩나물,돼지등심 채,양파,표고버섯,청양고추,대파,식용유,굵은 고춧가루,물,국간장,간마늘,소금
[집밥백선생]콩나물찌개 만드는법(끓이기),https://www.10000recipe.com/recipe/6832659
돼지고기,콩나물,대파,버섯,기름,양파,고춧가루,새우젓,액젓이나 국간장,마늘,소금
콩나물요리!! 얼큰한 돼지고기콩나물찌개 만들기!!,https://www.10000recipe.com/recipe/6832520
돼지고기 목살,콩나물 크게,다시마,대파,고추,국간장,고추장,고춧가루,다진마늘,미림,국간장,후추
