청국장,추천순,192
"청국장, 김치와 돼지고기 넣은 매콤하고 구수한 청국장",https://www.10000recipe.com/recipe/6856237
청국장,김치,김치국물,돼지고기,양파,두부,대파,청양고추가루,설탕,맛술,다진마늘,된장,간장,마지막간ㅡ소금
구수한 청국장 한그릇 하실래예?!,https://www.10000recipe.com/recipe/6876870
청국장,된장,양파,김치,대파,육수용멸치,물,다진마늘,두부 작은거
 청국장찌개 황금 레시피♥,https://www.10000recipe.com/recipe/6843282
청국장,신김치약간,무,두부,애호박,대파,청양고추,홍고추,다진마늘,멸치육수
한우차돌박이청국장찌개! 구수한 향내에 반한다! (국물요리),https://www.10000recipe.com/recipe/6879113
한우 차돌박이,청국장,된장,신김치,두부,양파,애호박,청양홍고추,청양고추,쪽파,멸치다시마육수,오일
자작한 청국장,https://www.10000recipe.com/recipe/6897941
청국장,양파,파,고추,호박등 각종,액젓,소금,설탕
백종원의 고기청국장 끓이기,https://www.10000recipe.com/recipe/6935536
돼지고기다짐육,미림 또는 맛술,후추,김장김치,청국장,된장,고춧가루,애호박,양파,두분,파,새우젓,청양고추,쌀뜬물
시래기 청국장 끓이기,https://www.10000recipe.com/recipe/6866137
시래기,청국장,소금,무,청양고추,다시마,고춧가루
구수한 청국장 끓이기,https://www.10000recipe.com/recipe/6864135
청국장,집된장,두부,대파,다진마늘,청홍고추,무우,고춧가루,다시육수 멸치,마른홍합
청국장 수미네 반찬보다 더 맛있게 끓이는 방법 ,https://www.10000recipe.com/recipe/6901994
양파,대파,홍고추,묵은지,두부,식용유,고춧가루,설탕,쌀뜨물,다진 마늘,청국장
"한국의 맛, 묵은지 청국장 맛있게 끓이는 방법",https://www.10000recipe.com/recipe/6946376
청국장,묵은지,두부,대파,청양고추,표고버섯,다시마,된장
속편하고 구수한 청국장,https://www.10000recipe.com/recipe/6954777
시판 청국장,된장,대파,양파,애호박,청양고추,양송이버섯,우렁이,김치,두부,육수 다시 포,다진 마늘
"총각김치된장찌개, 청국장을 더해~진하게",https://www.10000recipe.com/recipe/6856231
총각김치,파,양파,멸치육수,된장,다진마늘,참기름,생청국장
묵은지와 쫀득한 삼겹살을 넣어 끓인 '김치청국장찌개',https://www.10000recipe.com/recipe/6901660
멸치육수,청국장,묵은지,두부,홍고추,청고추,대파,구이용 삼겹살,식용유,고춧가루,집간장,된장,다진마늘,김칫국물,양파
깍두기청국장찌개:두부만 넣어도 맛있다,https://www.10000recipe.com/recipe/6898467
깍두기,다시국물,청국장,된장,양파,소금,대파
"구수하고 맛있는 청국장 파스타, 히트다 히트~!! ",https://www.10000recipe.com/recipe/6857323
스파게티면,청국장,마늘,양파,애느타리버섯,구워먹는치즈,애호박,청양고추,소금,후춧가루,파슬리가루
청국장찌개,https://www.10000recipe.com/recipe/6948720
묵은지,청국장,두부,양파,청양고추,홍고추,대파,멸치 다시마 육수,다진 마늘,고춧가루
"청국장맛있게끓이는법 , 꼬릿한 냄새까지 맛있다 ♪",https://www.10000recipe.com/recipe/6892650
청국장,김치,호박,대파,두부,멸치다시육수,다진마늘,고춧가루
구수한 청국장 맛있게 끓이는 법,https://www.10000recipe.com/recipe/4509175
두부,김치,무,애호박,팽이버섯,청량고추,양파,다진마늘,청국장
청국장 카레 (간단한 레시피),https://www.10000recipe.com/recipe/6875405
당근 엄지 손가락 길이 정도,양파 중간 사이즈,물,고형 카레,돼지 목살,식용유,알청국장,밥
청국장찌개 만들기~ 구수하니 청국장 맛있게 끓이는 법,https://www.10000recipe.com/recipe/6899017
애호박,양파,감자,산타리버섯,청양고추,청국장,된장,고춧가루,마늘,다시마,물
칼칼하고 구수한 묵은지 청국장찌개,https://www.10000recipe.com/recipe/6955770
생 청국장,묵은지,김치국물,다진마늘,액젓,양파,애호박,청양고추,대파
밥에 비벼먹는 무청국장찌개,https://www.10000recipe.com/recipe/5468521
청국장,된장,다진마늘,고추가루,무,양파,배추김치,표고버섯,두부,청양고추,대파,다시마물,마른다시마
[삼시세끼 고창편] 청국장 # 차승원 청국장 만들기,https://www.10000recipe.com/recipe/6854520
청국장,무,양파,애호박,고춧가루,파,청양고추,두부
"청국장 넣고 끓인 구수한
청국장배추국",https://www.10000recipe.com/recipe/6871670
배추,디포리,쌀뜨물,팽이버섯,청국장,된장,멸치다시다,마늘,파
청국장 찌개,https://www.10000recipe.com/recipe/5246623
애호박,양파,두부,대파,홍고추,청양고추,청국장,다진마늘,고룻가루
겨울에 먹으면 더 맛있는 청국장찌개,https://www.10000recipe.com/recipe/6924148
청국장,무,두부,양파,대파,청양고추,다시 백,물,다진마늘,고추가루,참치액
청국장끓이기 깨쟁이요리,https://www.10000recipe.com/recipe/6913133
청국장,쌀뜬물,진간장,양파,두부,호박
청국장찌개 오늘 저녁 반찬,https://www.10000recipe.com/recipe/6866470
청국장,돼지고기,배추김치,두부,호박,양파,청양고추,홍고추,대파,다진마늘,참기름,멸치육수,쌀뜨물,고춧가루,된장,국간장,소금
엄마가 끓여준 청국장찌개처럼~끓이는 방법,https://www.10000recipe.com/recipe/6903352
청국장,김치,돼지고기,두부,느타리버섯,새송이버섯,대파,청양고추,다진마늘,들기름,후추가루
뜨끈한~청국장찌개 맛있게 끓이는 방법*^^*,https://www.10000recipe.com/recipe/6904072
청양고추,배추김치,김치국물,다진마늘,국간장,고춧가루
"이원일표 필살기 청국장찌개,",https://www.10000recipe.com/recipe/6837790
청국장,삼겹살,대파,청양고추,양파,다진마늘,고춧가루,밀가루,멸치 육수,소금
청국장찌개 ,https://www.10000recipe.com/recipe/6923053
물,김치,무우 중간크기,청양고추,판매 청국장,된장,고추가루,다진마늘,소고기다시다,후추,소금,파
청국장찌개 맛도 영양도 최고!,https://www.10000recipe.com/recipe/6931043
돼지고기,청국장,김치,두부,양파,대파,청양고추,홍고추,참기름,다진마늘,육수,다시팩
바지락청국장:뜨끈한 국물로 겨울 맞을 준비를 하다,https://www.10000recipe.com/recipe/6877987
쌀뜨물,다시마,청국장,바지락,고춧가루,두부,무,호박,다진마늘,대파,고추
두그릇도 끄떡없는 '돼지고기 청국장찌개',https://www.10000recipe.com/recipe/6947358
돼지고기,김치,양파,대파,청양고추,애호박,두부,팽이버섯,청국장,고춧가루,간 마늘,새우젓,소금,후추
된장 청국장찌개~깊은맛이 더 풍부하고 맛있어요!,https://www.10000recipe.com/recipe/6953249
청국장,양파,애호박,새송이버섯,무,대파,청양고추,두부,다시멸치,건다시마 작은크기,된장 크게,다진마늘,후추가루
돼지고기청국장 밥한공기 뚝딱!,https://www.10000recipe.com/recipe/6923581
청국장,대패삼겹살,김치,고춧가루,양파,대파,청양고추,두부,멸치육수
오늘 저녁은 맛있는 청국장찌개 끓여보아요 :),https://www.10000recipe.com/recipe/6876873
돼지고기,신김치,두부,감자 작은 것,애호박,양파,대파,청고추,홍고추,청국장,고춧가루,국간장,다진마늘,물
#청국장찌개 [초딩들도좋아하는맛],https://www.10000recipe.com/recipe/6920875
청국장,두부,김치,고기 한주먹,애호박,소금,대파
청국장찌개 구수하면서 맛있다!,https://www.10000recipe.com/recipe/6829017
애호박,양파,두부,청국장,홍고추,쌀뜨물,다진마늘,고춧가루
해물청국장,https://www.10000recipe.com/recipe/5132420
쌀뜨물,해물,청국장,익은배추,김치,호박,양파,두부,청고추,홍고추
김치청국장 찌개 맛있게 먹어요,https://www.10000recipe.com/recipe/6884101
청국장,김치,두부,양파,고춧가루,다진마늘,홍고추,대파,다시육수
청국장 끓이는 법,https://www.10000recipe.com/recipe/6603339
청국장,김치,두부,대파,고추,쌀뜬물,국간장,고추가루,다진마늘
청국장! 어렵지 않아요~,https://www.10000recipe.com/recipe/6923566
청국장,돼지고기간거,두부,애호박,무우,양파,김치,물,된장
'건강'한그릇 - 청국장 찌개 맛있게 끓이는 법,https://www.10000recipe.com/recipe/6881562
청국장,쇠고기,된장,다진마늘,양파,,마른멸치,청양고추,애호박,두부
"묵은지청국장찌개:날씨는 쌀쌀해지고 기분도 저기압일 때, 딱이다.",https://www.10000recipe.com/recipe/6860150
청국장,묵은지,쌀뜬물,두부,양파,대파,청양고추/고춧가루
정식품 콩국물 진한 청국장,https://www.10000recipe.com/recipe/6942084
청국장,콩국물,두부,멸치가루,청양고추 또는 홍고추,대파,김치,채썬 애호박,다진마늘,표고버섯 중,고춧가루
냄새는 싫지만 몸에는 좋은 청국장찌개,https://www.10000recipe.com/recipe/6901054
물,청국장,양파,두부,호박,마늘 혹은 다진마늘 2개 또는,고추가루
0’s 집밥 | 국물 맛이 찐~한 “김치 돼지고기 청국장”,https://www.10000recipe.com/recipe/6897555
멸치 다시마 육수,청국장,무 썰은것,잘 익은 김치,양파,두부,삼겹살 썰은것
냄새는 나지만 맛있는 소고기 넣은 청국장찌깨,https://www.10000recipe.com/recipe/6846236
소고기,두부,돼지호박,대파,표고버섯,양파,팽이버섯,국간장,청국장 수북히,된장,국물짠 김치,쌀뜬물
돼지고기 청국장 고추장볶음. 밥에 슥슥 비벼 드세요.,https://www.10000recipe.com/recipe/6876514
간돼지고기,청국장,고추장,식용유,대파,청양고추,다진마늘,파프리카,당근
구수한청국장끓이기,https://www.10000recipe.com/recipe/6900129
청국장,신김치,멸치 다시마 육수,청고추,홍고추,대파,다진마늘,버섯 잘게 썰어둔 것,무,두부,소금
세상 얼큰하고 깔끔한 청국장찌개:D,https://www.10000recipe.com/recipe/6905111
쌀뜨물,국물용멸치,매운고추,청국장,무,언 두부,양파,대파
청국장 맛있게 끓이는 법,https://www.10000recipe.com/recipe/6920615
청국장,돼지고기,두부,김치,양파,대파,청양고추,다진마늘,멸치육수,생수,표고버섯
국물요리 청국장이 들어간 된장찌개~,https://www.10000recipe.com/recipe/6908108
돼지고기찌개용,양파,애호박,무,새송이버섯,청양고추,청국장,다시멸치,다시마,대파,두부,된장,다진마늘,후추가루
청국장 맛있게 끓이는 법,https://www.10000recipe.com/recipe/5379464
두부,청양고추,표고버섯,양파,호박,김치,멸치,다시마,청국장,마늘,고춧가루
청국장 끓이는법. 소고기를 넣고 끓인 구수한 청국장,https://www.10000recipe.com/recipe/6904294
청국장,다진김치,무,다진소고기,양파,청양고추,홍고추,대파,간장,후춧가루,다진마늘,고춧가루
고향의 맛~ 구수한 버섯청국장찌개,https://www.10000recipe.com/recipe/6943526
쌀뜨물,두부,맛송이버섯,다시멸치,김치,청국장,된장,멸치다시다,마늘,파
#각종 나물과 함께 먹는 청국장양푼비빔밥 만들기 #밑반찬 총동원하여서 청국장찌개 넣고 먹는 양푼비빔밥~~ 끝내주네요,https://www.10000recipe.com/recipe/6866107
호박나물,콩나물,오이나물,무생채,상추,시금치나물,시금치고추장무침,고추장,참기름,통깨,청국장찌개
청국장 황금레시피 따라잡기 ♩,https://www.10000recipe.com/recipe/6861436
청국장,청양고추,익은 김치,대파,두부,양파,무,애호박,육수
[청국장찌개] 간단하고 맛있는 청국장찌개 끓이기 -양싸,https://www.10000recipe.com/recipe/6844137
청국장,김치,대파,청양고추,두부,고추가루
겨울되면 꼭 먹는 김치 청국장 찌개,https://www.10000recipe.com/recipe/6922955
김장김치,청국장,두부,대파,육수,액젓,들기름,된장
(국물요리)청국장김치찌개/김치청국장찌개:김치가 들어가 더 훈훈하다,https://www.10000recipe.com/recipe/6896990
신김치,청국장,쌀뜨물,무,두부,다진마늘,대파
구수한 맛이 일품인 돼지고기청국장찌개 만드는법!,https://www.10000recipe.com/recipe/6889901
쌀뜨물,돼지고기,시판청국장,된장,다진마늘,대파,애호박 3분의,두부,신김치
쌀쌀한 날씨에 잘 어울리는 청국장 찌개로 추위 이겨내기!,https://www.10000recipe.com/recipe/6942816
청국장,김치,감자,양파,호박,청양고추,홍고추,대파,두부,고춧가루,들기름,멸치가루,참치액,다진마늘,다시다
#구수한 초스피드로 청국장찌개 만들기 #스피드하게 누구나 맛있게 먹는 청국장찌개 만들기,https://www.10000recipe.com/recipe/6853283
두부,호박,양파,무,된장,청국장,쌀뜨물,홍고추,다진마늘,대파
뚝배기에 바글바글~청국장찌개,https://www.10000recipe.com/recipe/5990219
청국장,두부,송송썬김치,대파,청양고추,총고추
엄마의 손맛이 그리울때 뽀글뽀글 간단하지만 맛있는 청국장찌개 끓이기,https://www.10000recipe.com/recipe/6866591
김치,두부,느타리버섯,멸치,청국장,쌀뜬물,고추가루,다시다,대파
"구수하고 시원한 청국장&된장
시금치국",https://www.10000recipe.com/recipe/6879453
시금치,디포리,쌀뜨물,청국장,된장, ,마늘,멸치다시다,파
청국장 맛있게 끓이는 방법 깊고 구수하게!,https://www.10000recipe.com/recipe/6949566
청국장,찌개 두부,김치,표고버섯,무,청양고추,홍고추,대파,멸치,다시마,물,다진마늘
청국장 찌개..,https://www.10000recipe.com/recipe/6919116
청국장,다진 돼지고기,김치,다진마늘,들기름,느타리 버섯,애호박,양파,청양고추,홍고추,대파,두부,참치액,다시다
매콤칼칼 묵은지 청국장 찌개,https://www.10000recipe.com/recipe/6925419
청국장,무,묵은지김치,대파,양파,두부,청양고추,홍고추,국물용멸치,다시마,물,다진마늘,참치액
 청국장찌개,https://www.10000recipe.com/recipe/6906016
청국장 시판용,김치,멸치가루,두부,청양고추,고추가루,대파,다진마늘,생수
구수하고 칼칼한 청국장찌개만드는법,https://www.10000recipe.com/recipe/6834457
돼지고기,신김치,느타리버섯,청양고추,홍고추,된장,청국장,멸치육수
청국장찌개:고기없이 김치없이 오롯이 진한 청국장맛을 즐겨요,https://www.10000recipe.com/recipe/6868756
쌀뜨물,다시마+황태,청국장,두부,무,애호박,대파,다진 쪽파,3311양념장,국간장,육수 또는 물,고춧가루,액젓 또는 국간장,다진마늘
초간단 청국장찌개,https://www.10000recipe.com/recipe/6832578
두부,양파 중간크기,새송이버섯,대파 썬것,청양고추,붉은고추 썬것,시판 청국장,신김치국물
냄새 없는 청국장찌개 끓이기,https://www.10000recipe.com/recipe/6847487
청국장,돼지고기,두부,애호박,김치,대파,고추장
달래청국장찌개 보글보글 끓여요.,https://www.10000recipe.com/recipe/6906172
달래,청국장,쌈장,멸치육수,김치,호박,느타리버섯,양파,대파,고춧가루
담백한 청국장찌개,https://www.10000recipe.com/recipe/5354602
청국장,돼지고기,김치,두부,양파,애호박,대파,홍고추,풋고추,고춧가루,소금,물
청국장맛 그대~로 단순하게 끓였어요.가담청국장찌개,https://www.10000recipe.com/recipe/6895547
된장,청국장,멸치 가루,표고버섯가루,애호박,두부,대파,생수,설탕
청국장 찌개,https://www.10000recipe.com/recipe/1895462
쇠고기,감자,양파,양송이버섯,표고버섯,청국장,신김치,청고추,홍고추,물,다시마,멸치,다진마늘,고춧가루,참기름
청국장찌개 맛있게 끓이는 법,https://www.10000recipe.com/recipe/6911279
청국장,묵은지,두부,양파,홍고추,청양고추,대파,국물용 멸치,쌀뜨물,다진 마늘,고춧가루
구수한 청국장찌개 ,https://www.10000recipe.com/recipe/6839256
청국장,묵은지,청양고추,두부,멸치가루,다진마늘,고추가루,대파
김치청국장찌개:고기 한점 멸치 한마리 안들어가도 맛있는 이유,https://www.10000recipe.com/recipe/6932708
청국장,쌀뜨물 +콩나물삶은물,무,애호박,두부,신김치,대파,부추
뽀글뽀글 청국장찌개 맛있게 끓이는 법~ 구수하니 좋네요.,https://www.10000recipe.com/recipe/6912848
청국장,애호박,무,대파,양파,막장,건고추,마늘,다시멸치,다시마
청국장찌개 만들기 청국장찌개 황금레시피,https://www.10000recipe.com/recipe/6879911
두부,대파,애호박,양파,김치,청국장,다진마늘,된장,디포리,멸치
#쌀뜬물로 끓인 구수한 청국장찌개만들기,https://www.10000recipe.com/recipe/6881401
두부,애호박,양파,청양고추,배추,다진마늘,썬파,쌀뜬물,청국장,집된장
#초스피드로 끓이는 청국장찌개만들기 #쉽고 간편하게 청국장찌개,https://www.10000recipe.com/recipe/6866015
감자,양파,쌀뜨물,천연조미료,두부,호박,된장,청국장,다진마늘,다진파,팽이버섯
간단한하게 만드는 힘이 불끈~ 수삼 청국장^^,https://www.10000recipe.com/recipe/6839571
청국장,애호박,청양고추,수삼,파,다시마,멸치,다진마늘,소금 커피수저로
구수한 맛있는 청국장 끓이기 ♥♥,https://www.10000recipe.com/recipe/6885316
청국장,돼지고기 ,된장,고추가루,다진마늘,두부,애호박,양파,파,표고버섯
청국장찌개 추울때 더 맛나쥐~ ,https://www.10000recipe.com/recipe/6947163
애호박,두부,대파,김치,청양고추,무염 청국장,집된장,멸치가루,다진마늘
청국장찌개 황금레시피,https://www.10000recipe.com/recipe/6853111
청국장,무,감자,양파,애호박,두부,멸치,다시마,다진마늘,된장,고춧가루,청양고추
구수한 청국장찌개 끓이기,https://www.10000recipe.com/recipe/6848462
신김치,청국장,된장,애호박,대파,양파,팽이버섯,두부,다진마늘,멸치 가루,새우 가루
(쉬운요리) 겨울에 먹어야 맛있는 청국장찌개!,https://www.10000recipe.com/recipe/6924558
청국장,김치,말린호박,건표고버섯,두부,다시멸치,다진마늘,소금
청국장찌개 끓이기,https://www.10000recipe.com/recipe/6878715
멸치육수,묵은지,청국장 시판용,된장,마늘,두부,파
구수하고 맛있는 청국장찌개 쌀쌀 할 때 더 맛있지,https://www.10000recipe.com/recipe/6897517
청국장,집된장,무,표고버섯,양파,신김치,청양고추,다진마늘
*홈매드 청국장*,https://www.10000recipe.com/recipe/6864502
메주콩,청국장가루,소금,마늘,고춧가루
청국장찌개,https://www.10000recipe.com/recipe/6911504
두부,양파,대파,통마늘,감자,애호박,다시마,청양고추,물,청국장,된장,고춧가루,소금,미원,다진마늘
청국장찌개 만드는법 추운날 바글바글 뜨끈한 찌개,https://www.10000recipe.com/recipe/6901916
청국장,배추 데친것,감자,양파,팽이버섯,두부,청고추,홍고추,쌀뜬물,소금,된장,고춧가루
김치 청국장 찌개,https://www.10000recipe.com/recipe/6901310
청국장,묵은지 김치,두부,고춧가루,설탕,멸치야채육수,액젓,된장
김치청국장찌개,https://www.10000recipe.com/recipe/6951304
청국장,김치,돼지고기다짐육,두부,멸치,다시마,물
달래냉이 청국장찌개,https://www.10000recipe.com/recipe/6637208
청국장,쌀뜨물,냉이 크게,달래,팽이버섯,감자,양파,양송이버섯,소금
구수하고 맛있는 밥도둑 청국장찌개,https://www.10000recipe.com/recipe/6904789
디포리육수,두부,표고버섯 밑둥,알타리무 김치,청국장,된장,마늘,파
추운겨울 밥도둑!! 청국장찌개 만들기 구수함이 두배~*,https://www.10000recipe.com/recipe/6880859
청국장,된장,멸치다시백,애호박,가지,양파,두부,표고버섯,느타리버섯,돼지고기 ,묵은김치
듬뿍 떠 먹으면 기운나는 청국장 맛있게 만드는 방법,https://www.10000recipe.com/recipe/6910253
청국장 한개,묵은지 크게,애호박,무,감자,버섯,당근,양파,청양고추,두부,고춧가루,멸치육수,대파,간마늘
김치 청국장찌개 ,https://www.10000recipe.com/recipe/6882229
청국장,멸치육수,신 김치,김치 국물,무,두부,새송이버섯,대파,홍고추,다진 마늘
구수하고 맛있는 청국장찌개,https://www.10000recipe.com/recipe/6865010
청국장,무,김치,멸치 가루,쌀뜨물,두부,대파,고추,다진마늘
낫또로 차돌청국장찌개,https://www.10000recipe.com/recipe/6858520
낫또,된장,고추장,호박,양파,두부,버섯,차돌박이,청양고추,액젓,다진마늘
청국장찌개 초간단 구수하게 만들기♪,https://www.10000recipe.com/recipe/6838904
청국장,김치,고기,양파,호박,버섯,두부,대파,멸치,쌀뜬물,된장
청국장찌개 추워서 더 땡기는 맛!,https://www.10000recipe.com/recipe/6864031
청국장,두부,우삼겹,김치,양파,대파,김칫국물,설탕,물
육수로 만든 청국장찌개,https://www.10000recipe.com/recipe/6893716
청국장,양파,호박,대파,무,두부,된장,고춧가루,쇠고기다시다,육수
"고기먹기 싫을 때, 고기 없을 때, 김장김치국물로 얼큰~뜨끈~한 청국장찌개",https://www.10000recipe.com/recipe/6880727
청국장 밥숟가락으로 크게 퍼서 한번/두번,감자,당근,양파,호박,잔파,청양고추/세라노고추/할라피뇨고추,두부,김장김치국물/깍두기국물,물,새우젓,참치액
구수구수 청국장찌개 끓이는법~,https://www.10000recipe.com/recipe/6907857
김치,청국장,대파,디포리,마늘,건고추,물
청국장 한그릇에 구수함이 한가득 ,https://www.10000recipe.com/recipe/6903858
청국장,된장,돼지고기,자른 두부,자른 김치,멸치다시마육수,대파,청양고추,들기름,다진마늘,고춧가루
청국장찌개 끓이기,https://www.10000recipe.com/recipe/6837613
청국장,김치,소고기,두부,대파,청홍고추,물,다진마늘,국간장,고춧가루,간장,맛술,다진마늘
"청국장찌개, 무 & 두부를 넣어 맛있게",https://www.10000recipe.com/recipe/3128022
청국장,무,양파,고춧가루,다진 마늘,두부,대파,멸치 다시마 육수,쌀뜨물
청국장찌개 - 겨울이면 생각나는 청국장,https://www.10000recipe.com/recipe/6877763
청국장,김치,양파,애호박,두부,버섯,소고기,육수,대파,고춧가루,다진마늘,소금,청양고추
보글보글 청국장찌개 맛있게 끓이는 법,https://www.10000recipe.com/recipe/6864160
쌀뜬물,감자,호박,양파,두부,팽이버섯,파,청국장,된장
"구수하니 맛있는 청국장찌개, 겨울에 먹으면 더 맛나지~",https://www.10000recipe.com/recipe/6836383
신김치,청국장,된장,두부,애느타리버섯,양파,대파,청양고추,다진마늘
"칼칼 매콤한 청국장찌개, 더워도 맛나네~~ ",https://www.10000recipe.com/recipe/6842003
청국장,된장,김치,멸치육수,두부,애느타리버섯,청양고추,대파,다진마늘
구수한 청국장 찌개,https://www.10000recipe.com/recipe/6854636
청국장,두부,소고기,파,마늘,고추가루,무,김장김치
"구수함에 업그레이드
청국장된장찌개",https://www.10000recipe.com/recipe/6927765
다시멸치,쌀뜨물,표고버섯,호박,두부,어묵,청국장,된장,마늘,파
들기름 청국장찌개,https://www.10000recipe.com/recipe/6872431
두부,배추김치,대파,쌀뜨물,국물멸치,다시마,청국장,된장,들기름,다진마늘,다진돼지고기,표고버섯,청양고추,고춧가루
청국장찌개 당뇨에 도움되는 청국장,https://www.10000recipe.com/recipe/6834692
청국장,된장,배추김치,두부,표고버섯,양파,대파,청양고추,다진 마늘,고춧가루,볶은 멸치,다시마 작은것,양파 껍질 끓인물
"청국장 끓이는법, 청국장 찌개 맛있게 만들어요 :)",https://www.10000recipe.com/recipe/6886133
쌀뜬물,청국장,두부,호박,김치,김치국물,다진마늘,소금,청양고추,대파
자취생의 시판용 청국장으로 청국장 맛있게 끓이기,https://www.10000recipe.com/recipe/6875289
양파 작은거,대파,두부,청국장,느타리버섯 말린거,멸치,청양고추,신김치,집간장,다시다,다진마늘,고추가루,물
칼칼한 열무 청국장,https://www.10000recipe.com/recipe/6841921
열무,두부 작은것,김치,양파,청국장,고추가루,대파,후추, ,멸치,다시마,새우,황태머리,대파,양파우려낸물
김치 청국장찌개,https://www.10000recipe.com/recipe/1824312
청국장,김치,배추,양파,두부,쌀뜨물,다진마늘,고추가루,들기름,소금
청국장 찌개,https://www.10000recipe.com/recipe/6689827
청국장,무,두부,풋고추,붉은고추,대파,물 or 쌀뜨물,송화버섯,고춧가루,소금,다진마늘
구수한 청국장 한그릇,https://www.10000recipe.com/recipe/6904092
청국장,두부,양파,대파,고추,육수
#삼겹살과 목살로 간편하게 수육만들기 #청국장찌개까지 곁들여서 새우젓에 찍어 먹는 수육~~ 쉽고 간단하죠~~,https://www.10000recipe.com/recipe/1724118
삼겹살,목살,월계수잎,통마늘,대파,통후추,양파,청주,냉이된장찌개양념,청국장,냉이,양파,다진마늘,대파,건표고버섯,천연조미료
우거지 송송 구수한 청국장 두부찌개 ,https://www.10000recipe.com/recipe/6937066
두부,새송이 버섯,우거지,청고추,홍고추,대파 흰부분,다진마늘,양파,호박,국간장,멸치다시물,청국장
청국장찌개 황금레시피,https://www.10000recipe.com/recipe/6869158
쌀뜨물,청국장,신김치,고춧가루,다진 마늘,두부,청양고추,양파,대파
백종원 청국장찌개 멸치넣고 구수하게~,https://www.10000recipe.com/recipe/2447811
청국장,집 된장,감자,두부,호박,표고버섯,송송 썬 김치,양파,물,국멸치,청고추,홍고추,다진마늘,파,소금
청국장찌개,https://www.10000recipe.com/recipe/6499643
청국장,쌀뜨물,김치,돼지고기목살,두부,양파,대파,고춧가루
청국장 끓이는 방법[간단하게 청국장 만드는방법],https://www.10000recipe.com/recipe/6897275
쌀뜬물,김치,된장,청국장,다진마늘,양파,고춧가루,멸치액젓,대파,고추,두부,버섯
집밥 백선생) 백종원 멸치청국장찌개,https://www.10000recipe.com/recipe/6843944
청국장,된장,다시멸치,물,대파,두부,신김치,청양고추,풋고추,양파,다진마늘
청국장찌개 만드는법~ 황금레시피,https://www.10000recipe.com/recipe/6907242
멸치육수,두부,고추가루
청국장찌개 맛있게 끓이는법,https://www.10000recipe.com/recipe/6853978
청국장,두부,양파,총각김치,대파,된장,버섯가루,멸치다시육수
KBS여섯시내고향 제철밥도둑 순무 청국장 찌개_박서란 요리연구가 ,https://www.10000recipe.com/recipe/6858070
청국장,순무,소고기,두부,밴댕이,다시마육수,고추,대파
청국장찌개-구수한 청국장 끓이기~!,https://www.10000recipe.com/recipe/6883279
청국장,김치,돼지고기,호박고지,말린버섯,두부,마늘,쌀뜨물
청국장찌개 끓이는 법~ 보글보글 구수한 청국장 따듯해서 좋구나!!,https://www.10000recipe.com/recipe/6838436
청국장,둥근호박,감자,두부,대파,양파,느타리버섯,멸치,고춧가루,마늘,땡초,물 200ml
청국장맛있게끓이는법 청국장찌개,https://www.10000recipe.com/recipe/2402045
묵은지,청국장,집된장,애호박,양파,대파,청양고추,다진마늘,두부
"매콤 청국장, 초간단 청국장, 돼지고기 청국장 ₩",https://www.10000recipe.com/recipe/6855491
청국장,돼지고기,양파,애호박,새송이버섯,두부,다시마,고추가루,마늘,후추,간장,소금
#청국장찌개만들기 #청국장찌개끓이기 #생청국장을 넣어서 더욱 구수한 청국장찌개!!!,https://www.10000recipe.com/recipe/996198
천연조미료해물 육수,된장,다진마늘,썬파,애호박,양파,두부,감자,목이버섯,홍고추,청양고추,생 청국장
구수한 김치청국장,https://www.10000recipe.com/recipe/29266
청국장,익은김치,돼지고기,두부,양파,대파,멸치육수,국간장,다진마늘,후추,설탕,소금,김치국물
구수하고 진한 소고기청국장찌개 만들기,https://www.10000recipe.com/recipe/6855537
소고기국거리 용,생 청국장,무우,두부,양파,대파 흰부분,청양고추,다진마늘,된장
알토란 청국장찌개 ,https://www.10000recipe.com/recipe/6881977
무김치,애호박,건표고버섯 블랙,팽이버섯,두부,대파,청국장,집된장,다진마늘,청양고추,고춧가루,참기름
오늘 저녁은 차돌박이 청국장,https://www.10000recipe.com/recipe/6936505
​감자,무,양파,두부,버섯,청국장,고추장,된장
더먹고가 임지호 묵은지청국장 도전♡ ,https://www.10000recipe.com/recipe/6853545
묵은지,청국장,집된장 듬뿍,묵 간장,다랑어 액젓,들기름,두부,청양고추,홍고추,대파,맛술
청국장찌개 만들기,https://www.10000recipe.com/recipe/6922467
청국장,소고기,김치,두부,양파,대파,청양고추,고춧가루,간장,육수,다진 마늘,간장,맛술,참기름,대파,후추
청국장맛있게끓이는법 구수해,https://www.10000recipe.com/recipe/6957243
청국장,된장,다진마늘,양파,김치,대파,국물용멸치,물,두부
#청국장요리 #청국장마요마끼만들기 #청국장마요소스만들기 ,https://www.10000recipe.com/recipe/6956770
시금치,소금,청국장 마요소스,밥,식초,설탕,소금,청국장,마요네즈,매실액,꿀,다진마늘,썬파
청국장찌개 끓이기~*,https://www.10000recipe.com/recipe/6956258
냉동 모듬해물,감자,두부,대파,팽이버섯,청양초,양파,애호박,건표고버섯,멸치,다시마,물,청국장,된장
청국장 끓이기 ~,https://www.10000recipe.com/recipe/6956047
청국장,묵은김치,양파,두부,대파,물,멸치,다시마 사방 10cm,마른 표고버섯,고추가루,국간장,마늘
고기 없이 청국장 맛있게 끓이는법 ,https://www.10000recipe.com/recipe/6955278
멸치육수,청국장,호박,표고버섯,양파,두부,대파,청양고추,홍고추,된장,고추가루
포도와 한라봉 청국장스무디,https://www.10000recipe.com/recipe/6954792
포도,한라봉,청국장 가루
#청국장요리 #청국장찌개만들기 #청국장이 듬뿍 들어간 구수하고 진한 청국장찌개!!,https://www.10000recipe.com/recipe/6954726
무,애호박,양파,청양고추,두부,된장,청국장,다진마늘,썬파,쌀뜨물
"구수한 청국장 맛있게 끓이는법, 달래넣어 향긋하게~~",https://www.10000recipe.com/recipe/6954637
청국장,두부,갈아놓은 돼지고기,대파,오일,총각김치,버섯,된장,다진마늘,참치액,멸치육수,청양고추,소금
청국장찌개~초간단하게 초스피드하게,https://www.10000recipe.com/recipe/6953701
청국장,배추김치,대파,돼지고기,청양고추,다진마늘,후추가루,물,소금
<알토란>구수한 밥도둑 강청국장 만드는법,https://www.10000recipe.com/recipe/6953547
청국장,들기름,대파,마늘,목살,감자,애호박,새송이버섯,두부,고추가루,신 김칫국물,물,무,양파,대파,멸치
청국장 맛있게 끓이는 법 ,https://www.10000recipe.com/recipe/6953508
청국장,목살,신김치 배춧잎,청양고추,홍고추,애호박,양파,멸치육수,국간장,다진마늘,고춧가루
청국장찌개 구수하게~~,https://www.10000recipe.com/recipe/6952032
알타리김치,소고기,멸치가루,들기름,된장,애호박,1/,양파,표고버섯,두부,청국장
백종원 청국장찌개 끓이는법 겨울철 뜨끈한 찌개요리,https://www.10000recipe.com/recipe/6952030
송송썬 김치,두부,감자,양파,청국장,된장 크게,표고버섯,팽이버섯,물,중간크기 국멸치,청홍고추 각,다진마늘,소금,파
고소하게 즐기는 청국장찌개 (알토란레시피) ,https://www.10000recipe.com/recipe/6951490
생표고버섯,팽이버섯,새송이버섯,애호박,두부,대파,청양고추,멸치가루,다진마늘,집된장,무김치,홍고추
청국장끓이는법 구수한 냄새가 너무 좋다,https://www.10000recipe.com/recipe/6950618
청국장,신김치,두부,무,표고버섯,파,청양고추,간마늘,육수티백,고추가루
구수하고 맛있는 청국장 레시피,https://www.10000recipe.com/recipe/6950580
물,청국장,국물용 멸치,신김치,호박,두부,대파,다진마늘
추운 겨울 뜨끈하고 구수한 청국장 끓이는법,https://www.10000recipe.com/recipe/6950259
육수,청국장,고춧가루,간마늘,김치,파,두부,고추,양파
얼큰하고 고소한 김치 청국장 만들기!,https://www.10000recipe.com/recipe/6949244
청국장,김치,깍두기,두부,마늘,느타리버섯,양파,파,고춧가루,물
청국장 / 청국장찌개 대패삼겹살 넣어서 만들었어요. ,https://www.10000recipe.com/recipe/6949161
청국장,무,대패삼겹살,대파,신김치,양파,물,두부,고추가루,새우젓,후추
바지락 청국장찌개,https://www.10000recipe.com/recipe/6948193
바지락,건새우,무 나박썬 것,애호박 썬 것,두부 썬 것,양파 나박썬 것,팽이버섯,청양고추,대파,청국장,물,소금,홍고추
[아이반찬] 어린이 청국장 / Children's cheonggukjang,https://www.10000recipe.com/recipe/6947812
멸치 육수,청국장,감자,양파,새송이버섯,씻은 김치 한,애호박,두부,다진 마늘,대파,후추,국간장
청국장찌개,https://www.10000recipe.com/recipe/6947595
청국장,배추김치,멸치가루,표고버섯가루,집된장,주키니호박,양파,새송이버섯,두부,청양고추,다진마늘
청국장찌개 끓이는법,https://www.10000recipe.com/recipe/6947071
청국장,신김치,다진파,호박,두부,양파,멸치육수,멸치액젓,고춧가루,천연조미료
#방아잎요리 #방아잎청국장찌개만들기 #방아잎된장찌개 #향긋한 방아잎을 넣고 구수하게 끓여낸 방아잎청국장찌개!!,https://www.10000recipe.com/recipe/6946982
방아잎,감자,두부,주키니,양파,된장,고추장,청국장,다진마늘,썬파,쌀뜨물,천연조미료해물 육수
청국장찌개,https://www.10000recipe.com/recipe/6946901
청국장,된장,두부,대파,팽이버섯,작은 감자,건표고버섯 작은,청양초,홍고추,천연조미료작은,멸치육수팩
얼큰 칼칼하게 순부두청국장 ,https://www.10000recipe.com/recipe/6946865
배추김치,김치국물,멸치가루,표고버섯가루,애호박,표고버섯,양파,청국장,집된장,순두부,청양고추,다진마늘
청국장 찌개 끓이기,https://www.10000recipe.com/recipe/6946551
청국장,황태채,감자 소,양파,버섯,두부,풋고추,김치,된장,간장,멸치액젓
청국장끓이기,https://www.10000recipe.com/recipe/6946322
청국장,양파,대파,청양고추,두부,무우,다시육수,고추가루,소금
(코로나극복)돼지고기묵은지청국장찌개:시원~한 청국장국물 맛좀 보고 가세요,https://www.10000recipe.com/recipe/6945034
돼지고기 살코기,소주,묵은지,양파,두부,쌀뜨물,다시마,청국장,고춧가루,부추
청국장찌개 끓이는법- 딸에게#,https://www.10000recipe.com/recipe/6944323
청국장,고추멸치찌개장,김치,양파,파,다진마늘,된장,고추가루,두부
[청국장찌개 만드는 법]면역력에 좋은 음식 청국장찌개 먹고 다함께 코로나 극복해요!!,https://www.10000recipe.com/recipe/6943909
두부,청국장,바지락,무,감자,양파,애호박,대파,묵은지,다진마늘,고춧가루
백종원 청국장 맛있게 끓이는 법 맛있는 집 밥,https://www.10000recipe.com/recipe/6943875
청국장,두부,호박,홍고추,멸치,생수,간마늘,대파,표고버섯,고춧가루
♥[신혼밥상] 콩국물 청국장찌개,https://www.10000recipe.com/recipe/6943408
청국장,집된장,삼겹살,김치,두부,진한콩국물,표고버섯,양파,대파,청양고추,고춧가루,새우젓,다진마늘
돼지고기청국장맛있게끓이는법 청국장 맛있게 끓이는 방법,https://www.10000recipe.com/recipe/6942769
청국장,버섯,양파,호박,고추가루
청국장찌개 만드는법 청국장 맛있게 끓이는 방법 청국장찌개 끊이는법,https://www.10000recipe.com/recipe/6942293
청국장,돼지고기,신김치,애호박,양파,버섯,땡초
보글보글 구수한 청국장 레시피 ,https://www.10000recipe.com/recipe/6941829
감자,새송이버섯,양파,풋고추,두부,청국장,된장,새우젓,다진마늘
청국장 찌개 맛있게 끓이는법 구수한 맛 최고,https://www.10000recipe.com/recipe/6941645
육수,청국장,고춧가루,간마늘,김치,파,두부,고추,양파
청국장 찌개-김치 청국장 맛있게 끓이는 법,https://www.10000recipe.com/recipe/6941585
청국장찌개양념,물,김치,두부,양파,애호박,감자,청양고추,대파,다진마늘,된장,고춧가루
정말쉬운 청국장찌개 끓이기,https://www.10000recipe.com/recipe/6941068
청국장,멸치다시육수,김치,양파,호박,표고버섯,두부,파,청양고추,고추가루,다진마늘,소금
청국장찌개 비빔밥,https://www.10000recipe.com/recipe/6940639
청국장,집된장,멸치가루,신김치,두부,애호박,청양고추,대파,다진마늘
생청국장 아보카도 명란 비빔밥,https://www.10000recipe.com/recipe/6940156
생 청국장,아보카도,명란,밥,계란노른자,참기름,간장
