차돌박이된장찌개,추천순,92
차돌박이 된장찌개 레시피ㅣ고깃집에서 먹던 바로 그 맛!ㅣ,https://www.10000recipe.com/recipe/6922749
차돌박이,두부,애호박,양파,대파,청양고추,팽이버섯,된장,고추장,국간장,고춧가루,다진 마늘,해물다시팩
고깃집 차돌박이 된장찌개 끓이는법.,https://www.10000recipe.com/recipe/6951804
차돌박이,애호박,양파,배추속,대파,두부,팽이버섯,표고버섯,멸치액젓,재래된장,쌈장,고추장
매일 먹어도 좋은 [차돌박이 된장찌개],https://www.10000recipe.com/recipe/6879196
차돌박이,애호박,두부,청양고추,송송 썬 대파,된장,고추장,멸치+다시마 육수
차돌박이된장찌개 만드는 법,https://www.10000recipe.com/recipe/6865062
차돌박이,양파,호박,두부,청양고추,버섯,대파,소금,후추,다시육수
차돌박이 된장찌개,https://www.10000recipe.com/recipe/6685538
차돌박이,감자,애호박,양파,청양고추,팽이버섯,두부,된장,고추장
차돌박이 된장찌개 감칠맛 백종원 팁,https://www.10000recipe.com/recipe/6917332
차돌박이,양파,애호박,버섯,청양고추,홍고추,감자,두부,대파,된장,고추장,다진마늘,설탕,고춧가루,쌀뜨물
구수한 차돌박이 된장찌개~*,https://www.10000recipe.com/recipe/6877586
차돌박이,양파,대파,애호박,두부,땡초,재래식된장,쌈장,고춧가루,다진마늘,다시육수
도담레시피 고깃집된장찌개 레시피 차돌박이 된장찌개,https://www.10000recipe.com/recipe/6927892
차돌박이,된장,대파,무우,감자,간마늘,두부,물
"고기집스타일 된장찌개, 차돌박이를 넣어 끓인 차돌된장찌개 레시피! ",https://www.10000recipe.com/recipe/6955008
차돌박이,물,육수팩,된장,쌈장,감자,양파,청양고추,파,고춧가루,다진마늘
차돌박이 된장찌개 밥두그릇은 기본 ,https://www.10000recipe.com/recipe/6865689
차돌박이,채썬무,애호박,대파,청양고추,된장,고추장,고춧가루,설탕,다진마늘
기름지지않은 차돌박이 된장찌개,https://www.10000recipe.com/recipe/6920183
두부,양파,작은 크기 둥근 애호박,팽이버섯,다진마늘,대파,청양고추,된장,쌀뜨물,차돌박이
차돌박이 된장찌개 맛있게 보글보글,https://www.10000recipe.com/recipe/6829292
애호박,감자,양파,다진마늘,청고추,표고버섯,팽이버섯,새송이버섯,차돌박이,두부,육수용 멸치,다시마,된장,고추장
차돌박이된장찌개 ,https://www.10000recipe.com/recipe/4674532
소고기차돌박이,호박,양파,표고버섯,팽이버섯,대파,청양고추,두부,멸치육수,된장,고춧가루
차돌박이된장찌개 - 구수하게 끓이는법,https://www.10000recipe.com/recipe/6846983
차돌박이,무,호박,양파,두부,대파,된장,고추장
백종원의 차돌박이 된장찌개 ,https://www.10000recipe.com/recipe/6895478
차돌박이,무,호박,양파,감자 작은거,버섯,파,청양고추,두부,쌀뜨물,된장,고추장,고춧가루,다진 마늘
차돌박이 된장찌개 구수하니~ 맛이 없을수가 없죠 !,https://www.10000recipe.com/recipe/6883648
차돌박이 듬뿍,양파 작은것,애호박,새송이버섯,멸치다시마육수,대파,집된장,시판된장,고춧가루
차돌박이된장찌개만들어 캠핑분위기 살려보아요,https://www.10000recipe.com/recipe/6944776
차돌박이,쌀뜨물 or물,두부,고추,호박,대파 종이컵,양파,된장,고추장,고추가루
차돌박이된장찌개 만드는 법 실패 없는 된장찌개 황금레시피,https://www.10000recipe.com/recipe/6912841
차돌박이,감자,애호박,표고버섯,대파,두부,양파,청양고추,홍고추,쌀뜨물,시판 된장,고추장,다진 마늘,설탕
백종원 차돌박이된장찌개 끓이는법 단호박 넣었어요,https://www.10000recipe.com/recipe/6949663
차돌박이,버섯,무,대파,집된장+ 쌈장,육수,청양고추,단호박,다진마늘,고춧가루,설탕
차돌박이말이 찜 & 차돌 된장찌개 한번에 뚝딱!,https://www.10000recipe.com/recipe/6880452
설탕,소금,밀가루,간마늘,통깨,참기름,된장,고춧가루,후춧가루,간장
매콤한 차돌박이 된장찌개 ,https://www.10000recipe.com/recipe/6836489
육수티백,양파,애호박,청양고추,두부,대파,차돌박이,다진마늘,된장,고춧가루
고소함이 일품인 차돌박이 된장찌게,https://www.10000recipe.com/recipe/6863385
차돌박이,두부,청양고추,홍고추,무우,대파,다진마늘,멸치육수 ,고춧가루,된장
차돌박이된장찌개! 뜨끈한 찌개요리 (국물요리),https://www.10000recipe.com/recipe/6876364
차돌박이,된장,고춧가루,감자,양파,두부,대파,애호박,청양고추,청양홍고추,들기름,다진마늘,멸치다시마육수
차돌박이된장찌개 구수한 된장찌개,https://www.10000recipe.com/recipe/6857112
차돌박이,감자,호박,느타리버섯,청양고추,대파,두부,쌀뜨물,다진마늘,된장,고추장,설탕
차돌박이된장찌개,https://www.10000recipe.com/recipe/6842092
차돌박이,두부,새송이,양파,대파,청양고추,무,다진마늘,쌀뜨물,된장,고추가루
맛깔스러운 차돌박이 된장찌개,https://www.10000recipe.com/recipe/6888136
차돌박이 슬라이스,된장,물,양파,주키니호박,감자,부추,팽이버섯,매운고추,다진마늘,두부,고춧가루,멸치다시백,건다시마
차돌박이 된장찌개 끓이기,https://www.10000recipe.com/recipe/6892411
소고기차돌박이,집된장,쌈장,감자,호박,표고버섯,양파,대파,청양고추,멸치,다시마
<신혼요리> 차돌박이된장찌개 맛있게 끓이는 법!!!,https://www.10000recipe.com/recipe/6874067
양파,애호박,다진마늘,차돌박이,청양고추,대파,다시마육수,된장,고춧가루
차돌박이 된장찌개 맛있게 끓이는법,https://www.10000recipe.com/recipe/6892588
차돌박이,두부,호박,꽈리고추,팽이버섯,청양고추,된장,육수,야채,육수 팩,다시마
"집밥백선생3 백종원 차돌말이찜,차돌박이 된장찌개 만들기",https://www.10000recipe.com/recipe/6869256
소불고기,숙주,대파,새송이버섯,표고버섯,양파,당근,부추,밀가루,후추,소금,설탕,땅콩버터,물,설탕,액젓,통깨,식추,간마늘,쪽파,고기,양파,대파,버섯,두부,된장
TV요리) 꼬들꼬들 깊은맛♥ 차돌박이된장찌개,https://www.10000recipe.com/recipe/6891438
차돌박이,무,대파,청양고추,쌀뜨물,된장,고추장,설탕,다진마늘
집밥 한식 소고기(차돌박이)된장찌개 ,https://www.10000recipe.com/recipe/6954444
물,표고버섯,다시마,된장,고춧가루,두부,대파,청고추,홍고추,차돌박이
차돌박이 된장찌개,https://www.10000recipe.com/recipe/6743519
차돌박이,두부,애호박,양파,팽이버섯,홍고추,청양고추,멸치,건다시마,된장,다진마늘,고춧가루,건새우가루
된장찌개 어성초 된장으로 끓인 차돌박이 된장찌개,https://www.10000recipe.com/recipe/6894897
차돌박이,육수 팩,어성초 된장
오늘 뭐 먹지? 성시경의 차돌된장찌개/차박된장찌개/차돌박이된장찌개 끓이는방법~,https://www.10000recipe.com/recipe/6864584
육수용 멸치,된장,고추장,애호박,양파,감자,팽이버섯,표고,두부,청양고추,다진마늘,대파,소금,차돌박이
차돌박이된장찌개,https://www.10000recipe.com/recipe/6887355
차돌박이,감자,양파,파,청양고추,육수용 멸치,다시마
백종원 된장찌개 레시피- 차돌박이 된장찌개,https://www.10000recipe.com/recipe/6830628
차돌박이,무,쌀뜨물,대파,청양고추,된장,고추장,다진 마늘,설탕
차돌박이 된장찌개,https://www.10000recipe.com/recipe/6839382
차돌박이,감자,호박,두부,대파,양파,된장,소금
차돌박이 된장찌개 맛있게 건강하게 끓이는 법,https://www.10000recipe.com/recipe/6876842
차돌박이,된장,양파,애호박,말린느타리버섯,말린느타리버섯육수,들기름,매운고추
*풋마늘 차돌박이 된장찌개*구수한 집된장찌개,https://www.10000recipe.com/recipe/6863416
풋마늘,고추장,된장,고춧가루,두부,차돌박이
된장찌개는 차돌박이가 진리! 차돌된장찌개 만들기!,https://www.10000recipe.com/recipe/6853699
다시마 우린 물,감자,애호박,양파,차돌박이,바지락,두부,대파,고추,부추,된장,고춧가루,다진 마늘
된장찌개 구수하고 맛있는 차돌박이 된장찌개,https://www.10000recipe.com/recipe/6895998
차돌박이,호박,자색양파,감자,두부,청양고추,홍고추,꽈리고추,된장,고춧가루,다진 마늘,쌀뜨물,천연조미료
"차돌박이 된장찌개, 구수함 폭발 된장찌개끓이기",https://www.10000recipe.com/recipe/6957394
차돌박이,두부,쌀뜨물,애호박 4cm,양파,청양고추,쪽파,팽이버섯,다진마늘,고추가루,된장,고추장,버섯 가루,다시다
칼칼한 차돌박이된장찌개,https://www.10000recipe.com/recipe/6956110
차돌박이,두부,양파,애호박,부추,팽이버섯,청양고추,대파,된장,다진마늘,고춧가루,후추,물
차돌박이 두부 된장찌개,https://www.10000recipe.com/recipe/6953835
차돌박이,양파,대파,청양고추,된장,다시마,표고버섯,두부,참치액,고추가루,다진마늘,소금
차돌박이 냉이 된장찌개 맛있게 끓이는 법,https://www.10000recipe.com/recipe/6952951
차돌박이,냉이 데친 것,두부,감자,표고버섯,청양고추,홍고추,양파,대파,다시마육수,물,쌀뜨물,된장,고춧가루,다진 마늘,국간장
차돌박이 된장찌개,https://www.10000recipe.com/recipe/6950249
돼지고기,무 작은크기,양파 작은것,두부,청양고추,새송이버섯,대파,건다시마 작은크기,다시멸치,된장,다진마늘,고추가루,후추가루,소금
차돌박이된장찌개 만들기,https://www.10000recipe.com/recipe/6946231
차돌박이,멸치,다시마 육수,호박,팽이버섯,양파,두부,된장,쌈장,고춧가루,다진 마늘
차돌박이된장찌개 레시피/백종원 차돌된장찌개,https://www.10000recipe.com/recipe/6942561
차돌박이,무,대파,청양고추,애호박,양파,느타리버섯,두부,된장,다진마늘,고춧가루
차돌박이 된장찌개 만드는법 구수하고 칼칼한 된장찌개,https://www.10000recipe.com/recipe/6937637
된장 큰,차돌박이,호박,양파,버섯
차돌박이 된장찌개 ~ 이거 하나면 밥 한그릇이 뚝딱! ,https://www.10000recipe.com/recipe/6935186
차돌박이,호박,양파,표고버섯,두부,홍고추,청양고추,대파,물,된장,시판된장,고추가루
69레시피 차돌박이 된장찌개 소고기요리,https://www.10000recipe.com/recipe/6934217
차돌박이,두부,애호박,양파,감자,표고버섯,청양고추,홍고추,다시팩,육수,된장,고춧가루,다진 마늘,다진 파
구수하고 맛있는 차돌박이 된장찌게,https://www.10000recipe.com/recipe/6930607
된장,차돌박이,무우,두부,죽순,청양고추,홍고추,대파,다진마늘,멸치육수
차돌박이 순두부 된장찌개!,https://www.10000recipe.com/recipe/6930462
차돌박이,말린 애호박,말린 새송이,순두부,다시멸치,건다시마 작은크기,무우,양파,청양고추,대파,된장,다진마늘,고추가루,후추가루
# 소고기요리 #냉이요리 #냉이차돌박이된장찌개만들기,https://www.10000recipe.com/recipe/6930412
냉이,차돌박이,무,양파,애호박,두부,다진마늘,썬파,된장,육수
"달래향 찐한 차돌박이 된장찌개, 기름지지않게 차돌박이 된장찌개 끓이는 법",https://www.10000recipe.com/recipe/6929750
차돌박이,달래,두부,양파,다진마늘,대파,청양고추,된장,고추가루,물
차돌박이냉이된장찌개,https://www.10000recipe.com/recipe/6929189
차돌박이,육수,양파,애호박,표고버섯 큰거,대파,냉이,두부,고추,다진마늘,된장,고추장,고춧가루
된장찌개 플렉스 했지뭐야~차돌박이 된장찌개 만들기! 고깃집 된장찌개 맛JMT,https://www.10000recipe.com/recipe/6925978
차돌박이,된장,쌈장,양파,감자,버섯,두부,멸치육수
차돌 된장 찌개..,https://www.10000recipe.com/recipe/6924705
차돌박이,감자,호박,양파 작은거,청양고추,홍고추,대파,표고버섯,팽이 버섯,다진마늘,두부,된장,고추장,고춧가루,참치액,소금,다시다
차돌박이 된장찌개 ,https://www.10000recipe.com/recipe/6921172
차돌박이,표고버섯,대파,두부,된장찌개양념
차돌된장찌개 깨쟁이요리 명절한우차돌 청국장,https://www.10000recipe.com/recipe/6919243
소고기,양파,파,김치,감자,청국장,된장,진간장
차돌박이 된장찌개 더 맛있게 끓이는 법,https://www.10000recipe.com/recipe/6918506
차돌박이,양파,대파,호박,청양고추,표고버섯,부추,된장,멸치 육수 또는 물,고춧가루,다진마늘,두부
구수한 차돌박이 된장찌개 만들기,https://www.10000recipe.com/recipe/6916571
된장,물,고추장,소금약간,마늘
차돌박이 된장찌개,https://www.10000recipe.com/recipe/6910443
차돌박이,두부,애호박,양파,감자,표고버섯,대파,청양고추,쌀뜬물,집된장,시판된장,고추장,고추가루,다진마늘,버섯 가루,다시다
차돌박이 된장짜글이찌개 밥 비벼 먹으면 최고~!,https://www.10000recipe.com/recipe/6908943
두부,차돌박이,애호박,팽이버섯,만가닥버섯,대파,된장,디포리육수,디포리,다시마 큰 거
포슬한 감자와 쫄깃한 차돌박이로 맛을 낸 '차돌박이된장찌개',https://www.10000recipe.com/recipe/6905051
차돌박이,감자 중,고춧가루,물,집된장,양파,느타리버섯,다진마늘,파,두부
된장찌개 구수한 차돌박이 된장찌개 만드는 법,https://www.10000recipe.com/recipe/6903373
차돌박이,두부,호박,감자,양파,청양고추,홍고추,표고버섯,된장,고춧가루,다진마늘,쌀뜨물
차돌박이 된장찌개(된장찌개의 격이 보인다ㅋ),https://www.10000recipe.com/recipe/6901704
차돌박이,감자,무 얇게,된장,청국장,두부,청양고추,양파,대파
기름지지않고 깔끔하게 끓이는 차돌박이 된장찌개,https://www.10000recipe.com/recipe/6900962
차돌박이,대파,양파,두부,청양고추,물,불린 표고버섯,고추가루,된장
차돌박이 된장찌개 맛있게 끓이는법 맛보장! ⓦ 한된장,https://www.10000recipe.com/recipe/6900444
멸치육수,감자,애호박,양파,버섯,대파,차돌박이,한된장
"차돌박이된장찌개, 깔끔한 국물맛",https://www.10000recipe.com/recipe/6895182
차돌박이,두부,애호박,대파,양파,홍고추,된장,다진 마늘,고춧가루,들기름,무,대파,청양고추,국물용 멸치,다시마,물
차돌박이 된장찌개 냉이넣고 향긋하게~*,https://www.10000recipe.com/recipe/6892501
차돌박이,냉이,애호박,대파 흰부분,다시백,무,된장 크게,다진마늘,버섯
발효식품 차돌박이 된장찌개,https://www.10000recipe.com/recipe/6888812
차돌박이,된장,고춧가루,천연조미료,다진마늘
차돌박이 된장찌개 포프리두부로 끓인 된장찌개,https://www.10000recipe.com/recipe/6883484
포프리두부,차돌박이,호박,양파,청양고추,홍고추,양송이버섯,대파,된장,마늘가루,차돌박이야채찜국물
비오는날에는 뜨끈한 차돌박이된장찌개가 최고지!,https://www.10000recipe.com/recipe/6873118
차돌박이,작은감자,애호박,대파,양파,청양고추,다진마늘,된장,마른표고,다시마
차돌박이 된장찌개,https://www.10000recipe.com/recipe/6872732
차돌박이,호박,양파중,표고버섯,두부,청양고추,홍고추,대파,감자 소,쌀뜨물,된장,고추장,고춧가루
백종원 차돌박이찜 만드는법 된장찌개까지 알차게,https://www.10000recipe.com/recipe/6871046
차돌박이,새송이버섯,팽이버섯,양파,당근,대파,부추,숙주,설탕,소금,후추,밀가루,땅콩버터,설탕,물,액젓,식초,참깨,다진마늘,파,고기,된장,양파,대파,애호박,두부
차돌박이 된장찌개 맛있게 끓이는법 ,https://www.10000recipe.com/recipe/6869754
차돌박이,두부,애호박,버섯,대파,청양고추,된장,고추장,고추가루,진마늘,국물멸치,다시마,건새우,​
"차달두 안성탕면(차돌박이+달래+두부), 진한 된장찌개 맛 라면, 좋쥬?",https://www.10000recipe.com/recipe/6865285
안성탕면,차돌박이,두부,달래,다진 마늘,된장,물,고춧가루
차돌박이 된장찌개,https://www.10000recipe.com/recipe/6856173
차돌박이,양파,애호박,감자,쪽파,청양고추,국물용멸치,된장,팽이버섯,고추가루,다진마늘
차돌박이 된장찌개,https://www.10000recipe.com/recipe/6853925
국물용멸치,다시마,물,감자,차돌박이,애호박,표고버섯,행복한콩두부,부추,대파,청양고추,해찬들그대로된장찌개,한식예찬,굵은고춧가루,통마늘
백종원 된장찌개 차돌박이넣고 끓이기,https://www.10000recipe.com/recipe/6849610
차돌박이,무,표고버섯,양파,대파,청양고추,다진마늘,된장,고추장,쌀뜨물,설탕
(대식구/대용량)집에있는 재료모아서 차돌박이 된장찌개 야무지게 만들기,https://www.10000recipe.com/recipe/6845354
차돌박이or우겹살,단호박,애호박,양파,버섯,두부,청양고추,파채,간마늘,고추장,고춧가루,된장,설탕
차돌박이된장찌개 만들기 ^^ ,https://www.10000recipe.com/recipe/6835870
차돌박이,양파,애호박,대파,된장,다진마늘,고추가루,멸치육수
맛있고 건강하게 먹는 쌀뜬물 넣어 끓인 차돌박이 된장찌개 ,https://www.10000recipe.com/recipe/6834575
차돌박이,멸치,쌀뜬물,양파,대파 중지손가락 길이,느타리버섯,차돌박이,된장,고추가루
고소한 차돌박이된장찌개 만드는법,https://www.10000recipe.com/recipe/6833476
차돌박이,애호박,감자,두부,양파,청양고추,대파,참기름,된장,다진마늘,국물용멸치,다시마,고춧가루,고추장,국간장
[찌개요리] 차돌박이된장찌개 맛있게 끓이는방법,https://www.10000recipe.com/recipe/6833074
감자,양파,애호박,홍고추,청양고추,대파,두부,표고버섯,차돌박이,쌀뜨물,집 된장,멸치다시마
차돌박이 된장찌개 만들기,https://www.10000recipe.com/recipe/6830016
쇠고기 차돌박이,표고버섯,두부,애호박,양파,홍고추,청양고추,다진마늘,대파,된장,멸치다시마 육수,무,멸치,다시마
차돌박이된장찌개,https://www.10000recipe.com/recipe/6566996
호박,감자,양파,표고버섯,청고추,홍고추,대파,마늘,차돌박이,두부,디포리육수,표고버섯우린물,된장
차돌박이 된장찌개,https://www.10000recipe.com/recipe/5733375
한우 차돌박이,애호박,감자 작은것,두부,양파 작은것,쪽파,팽이버섯,마른고추,다진마늘,표고버섯,된장,표고버섯,멸치,다시마
깊고 진한 차돌박이 된장찌개,https://www.10000recipe.com/recipe/2416088
멸치맛국물,호박,양파,차돌박이,두부 작은 것,대파,청양고추,된장
차돌박이 된장찌개,https://www.10000recipe.com/recipe/2015012
차돌박이,두부 작은 것,애호박,감자,양파,청양고추,홍고추,팽이버섯,대파,멸치다시물,소금,후춧가루,생강술,된장,고추장,고춧가루
