돼지고기김치찌개,추천순,195
돼지고기 김치찌개 맛내는 비법,https://www.10000recipe.com/recipe/1785098
물,돼지고기 찌개용,신김치,김칫국물,참기름,양파,청고추,대파,고추장,미림,국간장,소금,다진마늘,국간장,후추
초간단 돼지고기 김치찌개 - 입맛 없을 땐 딱!!,https://www.10000recipe.com/recipe/6906217
익은 김치,삼겹살,두부,양파,대파,참기름,간장,후추,마늘
백종원 새마을식당 7분김치찌개 만들기 초간단 돼지고기 김치찌개 만드는 방법,https://www.10000recipe.com/recipe/6886109
돼지고기앞다리살 약,김치,대파,된장,쌀뜨물,맛술,고추가루,다진마늘,간장
돼지고기 듬뿍~김치도 듬뿍~색다른 짜글이찌개,https://www.10000recipe.com/recipe/6903640
돼지고기목살,김치,양파,대파,고추장,다진마늘,후추가루,설탕,들기름,생강가루
"돼지고기김치찌개, 김치찌개 맛있게 끓이는법, 돼지김치찌개 만드는법, 목살 김치찌개..",https://www.10000recipe.com/recipe/4295567
배추김치,돼지목살,멸치육수,대파,양파,다진마늘,고추가루,국간장,김치국물,참기름,후추
대박식당 돼지고기 김치찌개 황금 레시피,https://www.10000recipe.com/recipe/6923487
돼지고기,김치,간장,고춧가루,참기름,다진마늘,김치국물
돼지고기 김치찌개 너무 쉽지만 맛있는 맛,https://www.10000recipe.com/recipe/6909693
돼지고기 앞다리살 찌개용,김치,대파,소금,고추장,다진마늘,고추가루,맛술,후추
백파더 돼지고기 콩부침개 콩김치찌개 만드는법 간단하네,https://www.10000recipe.com/recipe/6941744
백태,다진 돼지고기,대파,소금,다진 마늘,부침가루,식용유,간장,식초,청양고추,다진 마늘,콩물,물,다진 돼지고기,양파,대파,청양고추,식용유,참기름,신김치,다진 마늘,고춧가루,소금,멸치액젓,국간장
돼지고기 김치찌개 :: 김치찌개 맛있게 끓이는법,https://www.10000recipe.com/recipe/6859777
김치,파,돼지고기,고춧가루,간장,미림,마늘,김치 국물,설탕,생강가루,참기름,물
돼지고기 김치찌개,https://www.10000recipe.com/recipe/6869097
묵은지,돼지고기,쌀뜨물,김칫국물,대파,양파,두부,청양고추,고춧가루,설탕,다진마늘
돼지고기김치찌개 보글보글 소리만들어도 침샘이...ㄷㄷㄷ,https://www.10000recipe.com/recipe/6902460
돼지고기목살,묵은지,김칫국물,쌀뜨물,양파,대파,들기름,설탕,된장,국간장,고춧가루,다진마늘,후추,청양고추,두부
돼지고기 김치찌개 맛있게 끓이는법 저녁메뉴로 딱,https://www.10000recipe.com/recipe/6930292
김치,고기,물,간장,간마늘,두부,고춧가루,대파,양파,김칫국물
돼지고기김치찌개 쉽고 만만한 맛있는 집밥,https://www.10000recipe.com/recipe/6863873
김치,돼지살코기,된장,새우젓,고춧가루,설탕,다진마늘,쌀뜨물,홍고추,청양고추,대파
돼지고기김치찌개 맛있게 끓이는법 초간단하게~,https://www.10000recipe.com/recipe/6870442
김치,돼지고기,들기름,설탕
돼지고기김치찌개 맛있게 끓이기,https://www.10000recipe.com/recipe/6946815
콩나물,돼지고기,김치,김치국물,두부,물,다진마늘,고추가루,미림,정종,액젓,다시다,미원,대파,청양고추
돼지고기김치찌개 황금레시피 감탄할껄,https://www.10000recipe.com/recipe/6910515
돼지고기 찌개용 약,김치,대파,된장,쌀뜬물,고춧가루,맛술,다진마늘,간장
돼지고기 김치찌개 만들기ㅣ깊은 맛의 핵심은?ㅣ,https://www.10000recipe.com/recipe/6922163
돼지고기 앞다리살,김치 약,두부,파,청양고추,국간장,다진마늘,통후추,고춧가루,된장
돼지고기 김치찌개,https://www.10000recipe.com/recipe/6684668
돼지고기앞다리살,김치,양파,대파,식용유,물,다시다,고추장,고춧가루,된장,국간장,다진 마늘
초보분들도 쉽게 따라 할 수 있는 돼지고기 김치찌개 황금레시피 돼지고기 김치찌개 맛있게 만드는 방법,https://www.10000recipe.com/recipe/6941291
김치,돼지고기,양파,파,두부,미원,소금,쌀뜨물,고춧가루,국간장,다진 마늘,후추
돼지고기 듬뿍넣은 김치찌개 레시피,https://www.10000recipe.com/recipe/6951480
배추김치,돼지고기,두부,멸치육수 팩,대파,다진마늘,소금,고추가루,식용유
돼지고기 김치찌개 맛있게 끓이는 법,https://www.10000recipe.com/recipe/6903454
돼지고기,김치,두부,고춧가루,김칫국,국간장,설탕,맛술,양파,대파,청양고추,홍고추,생수 또는 다시육수
"한국인의 소울푸드, 돼지고기 듬뿍 넣은 매콤칼칼한 김치찌개 만들기",https://www.10000recipe.com/recipe/6941095
김치,김칫국물,돼지고기,청양고추,두부,대파,고춧가루,다진마늘,소금,생수
돼지고기김치찌게,https://www.10000recipe.com/recipe/6951810
돼지고기,양파,두부,숙성된김치,팽이버섯,대파,청양고추,마른고추,액젓,설탕,다진마늘,고춧가루
돼지앞다리살로 고기랑 김치가 더 맛있는 김치찌개 끓이기,https://www.10000recipe.com/recipe/6947771
익은김치,돼지고기,대파,설탕,진간장,식용유
돼지고기 듬뿍 넣어 더 맛있는 김치찌개 레시피,https://www.10000recipe.com/recipe/6921284
김치,돼지고기 앞다리살,양파,파,청양고추,팽이버섯,새송이버섯,두부,식용유,후추,물,고춧가루,맛술,간장,다진마늘
돼지고기 김치찌개 만들기 엄마의레시피로 칼칼한김치찌개,https://www.10000recipe.com/recipe/6917729
김치,돼지고기,다진마늘,두부,파,청양고추,고추가루
#돼지고기목살요리 #목살김치찌개만들기 #김장김치요리 #살코기김치찌개,https://www.10000recipe.com/recipe/6955645
돼지목살,배추김치,두부,김칫국물,다진마늘,매실액,멸치액젓,쪽파,천연조미료 황태육수
돼지고기 김치찌개 맛있게 끓이는 황금 레시피,https://www.10000recipe.com/recipe/6923083
돼지고기 앞다리살,묵은지,양파,두부 160 gx,대파,홍고추,다진 마늘,김치 국물,다시마 육수나 쌀뜨물,식용유,들기름,설탕,고춧가루,후추,맛술,고춧가루,생강가루,후추
맛있는 돼지고기김치찌개레시피(+나만의팁!),https://www.10000recipe.com/recipe/2750435
김치,두부,돼지고기 앞다리살,다진마늘,고추가루,들기름,새우젓,대파,설탕,후추가루
돼지고기 김치찌개 푸욱~ 끓여줘야 제맛이죠,https://www.10000recipe.com/recipe/6943715
목살,김치,김치국물,양파,대파,고추가루,다진마늘,생강가루,쌀뜨물
"돼지고기 김치찌개 맛있게 끓이는법, 잡내없이 얼큰하고 진하게~!",https://www.10000recipe.com/recipe/6950185
돼지고기 목살,김치,두부,양파,파,청양고추,홍고추,쌀뜨물,생강술,다진마늘,김치국물,고추가루,새우젓,설탕
한국의 대표찌개요리! 돼지고기김치찌개 끓이는 법 !! ,https://www.10000recipe.com/recipe/6944974
돼지고기 뒷다리살,묵은지,새우젓,양파,대파,국간장,소금,다진 마늘,고춧가루,라면사리,물
[간단 자취요리] 입에 착! 식당 돼지김치찌개 만들기 / 육수X ! 초간단!,https://www.10000recipe.com/recipe/6954588
김치,돼지고기,다진마늘,파,라면스프
[자취생요리] 돼지고기김치찌개,https://www.10000recipe.com/recipe/6848362
돼지고기 앞다리살,김치,파,두부,진간장,고춧가루,다진마늘,소고기 다시다
김치찌개 돼지고기 듬뿍~넣고 얼큰하게,https://www.10000recipe.com/recipe/6926117
돼지고기찌개용,김치,대파,청양고추,다진마늘,생강가루,소금,설탕,후추가루
"이건 반칙!♥
돼지고기스팸 김치찌개~
흰쌀밥에 김치 척~",https://www.10000recipe.com/recipe/6907943
묵은지,돼지고기앞다리살,스팸,양파,다진마늘,파
돼지고기 김치찌개 ,https://www.10000recipe.com/recipe/6927489
돼지고기,오일,김치,멸치다시마국물,김치국물,소금,다진 마늘,대파
"얼큰한 ""돼지고기김치찌개""♪",https://www.10000recipe.com/recipe/4014047
신김치,삼겹살,대파,청양고추,물,다진마늘,멸치액젓
돼지고기 목살로 만든 김치찌개♡ ,https://www.10000recipe.com/recipe/6841099
목살,김치,양파,대파,고춧가루,다진마늘,국간장,새우젓,미림,참기름,설탕
얼큰돼지고기 김치찌개.,https://www.10000recipe.com/recipe/6880077
돼지고기,썰어놓은 김치,양파,대파,다진마늘,멸치육수,된장,새우젓,고추가루
돼지고기에 당면까지 들어가 더 맛있는 김치찌개 레시피,https://www.10000recipe.com/recipe/6875776
김치,돼지고기,팽이버섯,멸치국물,당면
돼지고기 김치찌개,https://www.10000recipe.com/recipe/6830940
김치,돼지고기,두부,양파,대파,올리브유,멸치국물,다진마늘,고춧가루
돼지고기김치찌개,https://www.10000recipe.com/recipe/4088920
돼지고기목살,묵은지,식용유,고춧가루,야채육수,물,꽃소금,간마늘,후추
[Cooking] #2 돼지고기김치찌개: 누구나 쉽게 따라할수있는 맛있는 레시피 l Pork Kimchi stew ,https://www.10000recipe.com/recipe/6890288
돼지고기,잘익은김치,대파,양파,청양고추
돼지고기 듬뿍넣은 묵은지 김치찌개 ,https://www.10000recipe.com/recipe/6896772
​돼지고기,묵은지,참기름,설탕,쌀뜨물,다진마늘,양파,대파
돼지고기 김치찌개 맛있게 끓이는법,https://www.10000recipe.com/recipe/6849954
김치,찌개용 돼지고기 앞다리살,다진마늘,두부,대파,홍고추,청고추,무,물,국물내기용 멸치,고춧가루,식초,매실액
보글보글 두부 돼지고기 김치찌개!!,https://www.10000recipe.com/recipe/6830485
돼지고기,배추김치,김치국물,두부,대파,양파,다진마늘,들기름,고추가루,디포리,무,대파뿌리,물
<얼큰찌개>느끼하지않아서 좋다~ 돼지고기 김치찌개!,https://www.10000recipe.com/recipe/6881140
돼지고기,배추김치,다진파,다진마늘,설탕,후추가루
돼지고기김치찌개 끓이는 법,https://www.10000recipe.com/recipe/6926941
배추김치,돼지고기,대파,마늘,식용유,물,새우젓,김치국물
추운 겨울이면 더 먹고 싶은 돼지고기 김치찌개,https://www.10000recipe.com/recipe/4426115
신김치,돼지고기 삼겹살,양파,대파,청양고추,다시마,들기름,새우젓,간장,맛술,다진마늘,황설탕,다진 생강,후추,새우가루,표고버섯 가루
돼지고기 듬뿍넣은 묵은지 김치찌개 만드는법! 밥도둑 b,https://www.10000recipe.com/recipe/6863847
삼겹살,목살,묵은지김치,참기름,설탕,쌀뜬물,다진마늘,양파,대파
 돼지고기 당면 김치찌개,https://www.10000recipe.com/recipe/6908119
돼지고기,잘익은 김치,양파,불린 당면,물,고춧가루,참기름,소금,국간장,청주,다진마늘,고춧가루,후추약간
백종원 돼지고기 김치찌개 레시피,https://www.10000recipe.com/recipe/1526812
돼지고기앞다리살,신김치,물,대파,두부,청양고추,간마늘,새우젓,국간장,설탕,굵은고춧가루,고운고춧가루,새송이버섯,팽이버섯
돼지고기 김치찌개 황금레시피,https://www.10000recipe.com/recipe/6952859
묵은지,돼지고기,대파,식용유,물,국간장,올리고당,고춧가루,다진 마늘
돼지고기 김치찌개 맛있게 끓이기 밥도둑,https://www.10000recipe.com/recipe/6902058
김치,돼지고기,참기름,설탕,김치국물,물,고춧가루,다진마늘,국간장,케첩,대파
돼지고기김치찌게,https://www.10000recipe.com/recipe/6866224
묵은지,돼지안심,두부,대파,청양고추,쌀뜨물 &물,올리브유,김치국물,설탕이나 매실엑기스
돼지고기 콩나물 김치찌개,https://www.10000recipe.com/recipe/6948155
김치,콩나물,돼지고기,양파,느타리버섯,새송이버섯,당근,청양고추,파,소금,후추,미림,고춧가루,굴소스,다시다,미림,고추장,설탕
기름진 음식을 많이 먹어 기름질 땐 돼지고기 김치찌개로 느끼한 속을 달래요~,https://www.10000recipe.com/recipe/4507499
돼지고기 앞다리살,김치,다진마늘,양파,파,고추,후추
돼지고기 김치찌개,https://www.10000recipe.com/recipe/6896549
김치,대파,양파,돼지고기,다진마늘,청양고추,소고기다시다,설탕,고춧가루
돼지고기 김치찌개,https://www.10000recipe.com/recipe/6939937
돼지고기,김치,느타리버섯,다진 마늘,다시다,대파
찬바람 불면 생각나는 돼지고기 김치찌개 황금레시피 ♪,https://www.10000recipe.com/recipe/6838084
배추김치,돼지고기,두부,대파,청양고추,고춧가루,설탕,식초,육수or물,무,다시마,황태대가리,대파뿌리
"#돼지고기 김치찌개만들기 #간편하게 육수도 필요없이 물, 두부, 돼지고기 넣고 만드는 김치찌개",https://www.10000recipe.com/recipe/6835866
돼지고기,김치,다진마늘,파,들기름,매실액,액젓,두부
[#뉴스프링] #돼지고기김치찌개만들기 #김치찌개,https://www.10000recipe.com/recipe/6864817
돼지고기 1줄=,신김치,파,양파,다진마늘,간장,고춧가루,설탕
백종원 돼지고기 김치찌개 레시피 간단해,https://www.10000recipe.com/recipe/6949582
돼지고기 뒷다리살,신김치,육수,양파,대파,청양고추,고춧가루,국간장,설탕,다진마늘,새우젓
돼지고기 김치찌개 맛있게 만드는 법 ,https://www.10000recipe.com/recipe/6932469
돼지고기 찌개용,신김치,김치국물,대파,양파,청양고추,두부,마늘,식용유,미림,소금
한국인의 소울푸드 돼지고기 김치찌개♡,https://www.10000recipe.com/recipe/4401308
삼겹살,신김치,대파,두부,들기름,고춧가루,설탕,육수,김칫국물
돼지고기김치찌개! (국물요리),https://www.10000recipe.com/recipe/6929681
돼지고기 앞다리살,신 김치,양파,대파,청양고추,두부,오일,김치 국물,멸치다시마 육수,고춧가루,국간장,청주,다진마늘,후춧가루
저녁메뉴 돼지고기김치찌개 보글보글~,https://www.10000recipe.com/recipe/6863834
김치,돼지고기,양파,대파,쌀뜨물,다진마늘,국간장,고추가루,소금
돼지고기 김치찌개 얼큰하고 시원하게 끓여먹기,https://www.10000recipe.com/recipe/6876379
김치,돼지고기,청양고추,대파,두부,마늘,기름,스팸,김치 국물,멸치육수,액젓 or 소금
돼지고기 듬뿍 넣어 끓인 맛있는 김치찌개 황금레시피,https://www.10000recipe.com/recipe/6907820
김치,대파,고기,올리브유,설탕,다시다,고추가루,후추,다진마늘,쌀뜬물
돼지고기 김치찌개 맛있게 끓이는 법,https://www.10000recipe.com/recipe/6868181
돼지고기,김치,두부,대파,청양고추,다진마늘,국간장,고춧가루,후추
"최고의맛
돼지고기 김치찌게",https://www.10000recipe.com/recipe/6853882
돼지고기,김치,두부,양파,대파,다진마늘,들기름,고춧가루,김치국물,멸치다시마육수,생강술,미림
돼지고기김치찌개 빠르고 간단해!,https://www.10000recipe.com/recipe/6866953
김치,돼지고기,파,마늘,청양고추,고추가루,후추,설탕,미림
돼지고기 김치찌개~*,https://www.10000recipe.com/recipe/6937106
돼지고기,김치,대파,땡초,미림,김치국물,액젓,올리고당,후추,고춧가루,천연조미료,물
고기 등심을 이용하여 국물맛이 진한 돼지고기김치찌개 끓이기,https://www.10000recipe.com/recipe/6865287
김치,양파,대파,쌀뜬물,등심,후추,된장,다진마늘,고추가루,설탕
돼지고기 김치찌개,https://www.10000recipe.com/recipe/6850668
돼지고기,두부,김치 종이컵,김치국물 종이컵,청양고추,대파,멸치액젓,참치액,고춧가루,마늘,진간장,고추장,참기름,후추
"돼지고기 김치찌개 끓이기, 칼칼한 국물요리",https://www.10000recipe.com/recipe/6912807
신김치,돼지고기 앞다리살,두부,해동된 만두,대파,양파,청양고추,홍고추,쌀뜨물,김치국물,다진마늘,새우젓
돼지고기 김치찌개 만들기 ,https://www.10000recipe.com/recipe/6920468
돼지고기,김치,햄,고춧가루,마늘,맛술
맛있는 돼지고기 김치찌개 만들기,https://www.10000recipe.com/recipe/6842496
물,돼지고기,배추김치,두부,된장,고추장
돼지고기 김치찌개 묵은지 목살김치찌개 만드는 방법,https://www.10000recipe.com/recipe/6949283
돼지고기 목살 약,신김치,대파,청양고추,간장,고추가루,올리고당
돼지고기 김치찌개 맛있게 끓이는 법,https://www.10000recipe.com/recipe/6853101
쌀뜨물,돼지고기,김치,두무,양파,청양고추,파,고춧가루,설탕,참치액,소금
돼지고기 김치찌개 고기밑간으로 더 맛있게♩,https://www.10000recipe.com/recipe/6893773
돼지고기,김치,다진마늘,파,양파,설탕,김치국물, ,고춧가루,소주,올리고당,후추
쇠고기다시다로 간단하게 만드는 돼지고기김치찌개,https://www.10000recipe.com/recipe/6857149
돼지고기,김치,대파,진간장,고추가루,소고기다시다,간마늘
"김치찌개, 돼지고기 듬뿍넣은 매콤한 김치찌개",https://www.10000recipe.com/recipe/6911385
김치,김치국물,돼지고기,두부,대파,소시지,식용유,설탕,청양고추가루,다진마늘,맛술,간장,후추,소금
김치찌개 맛있게 끓이는법 - 맛내기 비법은 돼지고기 굽기,https://www.10000recipe.com/recipe/6856393
돼지고기앞다리,김치,양파,대파,고추가루,마늘,새우젓,김치국물
"돼지고기김치찌개, 잔멸치고추장볶음",https://www.10000recipe.com/recipe/6849711
돼지고기,멸치육수,다진마늘,고춧가루,국간장,김치국물,참기름,후추,채썬양파,어슷썬 대파,잔멸치,오일,고추장,설탕,생강술,간장,올리고당,후추,참기름
돼지고기 김치찌개 맛있게 끓이기,https://www.10000recipe.com/recipe/4451677
김치,돼지고기앞다리,콩나물 한 줌,김치 국물,물,다시마멸치육수,마늘,고춧가루,소금,다시용 멸치,다시마,양파 중,무
#수미네반찬 #돼지고기김치찌개만들기 #목살을 넣고 끓인 칼칼한 김치찌개 #매실액과 새우젓이 키포인트!!!,https://www.10000recipe.com/recipe/6893711
김장김치,돼지목살,두부,다진마늘,썬파,천연조미료,매실액,들기름,새우젓
초간단 돼지고기김치찌개 : 신김치와 3가지 양념만 있으면 뚝딱~,https://www.10000recipe.com/recipe/6918477
돼지고기,신김치,물,김치국물,양파,멸치액젓,다진마늘,고춧가루
초간단 돼지고기 김치찌개..,https://www.10000recipe.com/recipe/6921035
돼지고기뒷다리살,배추김치,고춧가루,들기름,생강술,참치액,다시다
#돼지고기김치찌개 [두부김치찌개],https://www.10000recipe.com/recipe/6916843
돼지고기뒷다리살,김치,두부,대파,다진마늘,새우젓,참기름,소금,설탕
재료간단 돼지고기 김치찌개,https://www.10000recipe.com/recipe/6921564
배추김치,돼지고기 앞다리살,쌀뜨물,고추장,된장,고춧가루,양파,설탕,대파,소금
백종원 돼지고기김치찌개 쉽게만들기,https://www.10000recipe.com/recipe/6848178
김치,돼지고기,쌀뜨물,설탕,국간장,고추가루,청양고추,파,후추
레이먼킴의 돼지고기김치찌개 만들기!!,https://www.10000recipe.com/recipe/6838972
돼지고기목살,김치,대파,두부,새우젓,통깨,육수,김칫국물,설탕
돼지고기 김치찌개,https://www.10000recipe.com/recipe/6346688
돼지고기,김치,대파,청양고추,양파,고추장,다진마늘,들기름,고춧가루,물,쇠고기다시다
#돼지앞다리살을 이용한 돼지고기김치찌개만들기 #묵은지와 저렴한 돼지고기 앞다리살의 만남!!!,https://www.10000recipe.com/recipe/6893573
돼지앞다리살,묵은지,다진마늘,썬파,참기름,고춧가루,생강가루,후추,액젓,천연조미료육수,청주
돼지고기 김치찌개 만드는 법 쉬워요,https://www.10000recipe.com/recipe/6875915
김치 한,돼지고기,양파,대파,청양고추,다진마늘,맛술,김치 국물,고운 고춧가루,굵은 고춧가루,국간장 작은,소금,식초,쌀뜨물
돼지고기 김치찌게,https://www.10000recipe.com/recipe/6841039
돼지목살,김장김치,두부,들기름,김치국물,대파,고춧가루,다진마늘
겨울에는 나도 먹어보자! 돼지고기 김치 비지찌개,https://www.10000recipe.com/recipe/6913717
돼지고기,김치,들기름,물,액젓,국간장,비지,큰 냄비 그냥 적당히
돼지고기 김치찌개 보글보글 끓이는 찌개요리,https://www.10000recipe.com/recipe/6924874
김치,돼지앞다리살,다진마늘,후추,맛술,기름,양파,고춧가루,멸치육수,김칫국물,설탕,국간장,두부,파
돼지고기김치찌개:맛있게 끓이는 꿀팁이 숨어있어요,https://www.10000recipe.com/recipe/6902632
신김치,돼지고기,쌀뜬물,다시마,소금,국간장,대파,들기름+참기름,다진마늘,올리브오일,청주,양파청
김치찌개 돼지고기 김치찌개 맛있게 끓이는 법,https://www.10000recipe.com/recipe/6841158
묵은지,대파,돼지고기,두부,김치 국물,고춧가루,​다시마 육수,맛술,설탕
들기름을 넣은 구수한 돼지고기 김치찌개,https://www.10000recipe.com/recipe/6932538
김치,돼지고기,두부,들기름,멸치,대파
저녁메뉴 돼지고기김치찌개,https://www.10000recipe.com/recipe/6843370
돼지고기 앞다리살,배추김치,대파,멸치육수,생강가루,후추가루,청주,김치국물,다진마늘,설탕,고춧가루,소금,후추
돼지고기김치찌개,https://www.10000recipe.com/recipe/6912751
돼지고기,김치,두부,양파,홍고추,청양고추,맛술,마늘,김치국물,부추,물,식용유
오늘 저녁은 너로 정했다! 진한 국물맛이 일품인 자작자작 돼지고기김치찌개,https://www.10000recipe.com/recipe/5018338
돼지고기 목살,묵은지,김칫국물,쌀뜨물,채 썬 양파,어슷 썬 대파,어슷 썬 청양고추,도톰하게 납작 썬 두부,들기름,설탕,된장,국간장,고춧가루,다진 마늘
집밥 백선생 돼지고기 김치찌개 끓이는법,https://www.10000recipe.com/recipe/6850019
배추김치,돼지고기,쌀뜨물,새우젓,국간장,다진마늘,고춧가루,된장,청양고추,파
돼지고기 김치찌개 ~*,https://www.10000recipe.com/recipe/6844922
신김치 작은,돼지고기,김치국물,후추,액젓,고춧가루
돼지고기김치찌개,https://www.10000recipe.com/recipe/6930841
김치,돼지고기,파,소금
"돼지고기 짜글이,두부김치짜글이 찌개 밥도둑이지요!",https://www.10000recipe.com/recipe/6909583
물,대파,무 7cm,멸치다시팩,두부,대파,감자,양파,김치,돼지고기,고춧가루,고추장,마늘,후추,소주,국간장,설탕,소금
김치찌개 돼지고기 김치찌개가 생각나게 하네요,https://www.10000recipe.com/recipe/6859821
묵은지,돼지고기,김치 국물,쌀뜬물,고춧가루,다진 마늘,설탕,대파,홍고추
돼지고기 김치찌개 만들기 ,https://www.10000recipe.com/recipe/6884913
배추 김치,돼지고기,두부,쪽파,김치국물,미림
돼지고기 김치찌개,https://www.10000recipe.com/recipe/6846929
돼지고기,쌀뜬물 죽그릇으로,김치,김치국물,액젓,고추장,고춧가루,고추,설탕
돼지고기 김치찌개 ,https://www.10000recipe.com/recipe/6862850
돼지고기목살,김치,쌀뜨물,다진마늘,대파,청양고추,고춧가루,국간장,새우젓,된장
돼지고기 김치찌개 ~ 묵은지 김치찌개 팍팍!!,https://www.10000recipe.com/recipe/6796756
돼지고기앞다리살,김치,김칫국물,양파,대파,참기름,고춧가루,마늘,물
돼지고기 김치찌개 만들어서 소주한잔 / 오늘은 기분 안좋은날,https://www.10000recipe.com/recipe/6857243
돼지고기 찌개용,다진마늘,후추,신김치,청양고추,매실청
돼지고기 김치찌개 ,https://www.10000recipe.com/recipe/1701550
돼지고기,김치,육수,대파,김치국물,다진마늘,청주,생강가루,고춧가루
돼지고기김치찌개 이렇게 끓이면 맛있다,https://www.10000recipe.com/recipe/6894182
김치,청양고추,돼지고기,물
"돼지고기 김치찌개, 김치찌개 맛있게 끓이기 ",https://www.10000recipe.com/recipe/6839483
배추김치,돼지고기,양파,대파,청양고추,생강,마늘,매운 고춧가루,설탕,소금,포도씨유,참기름
"돼지고기목살 김치찌개,자취생 간단요리 추천해요~^^",https://www.10000recipe.com/recipe/6863628
잘익은 김치,돼지고기목살,설탕,식초,양파,대파,간마늘,코코넛오일,국간장,멸치다시마육수
얼큰한 돼지고기 묵은지 김치찌개,https://www.10000recipe.com/recipe/6835068
묵은지,돼지고기,양파,대파,홍고추,청양고추,김치국물,설탕,다진마늘,새우젓,멸치액젓,고춧가루,멸치,다시마,물
매콤하고 시원한 돼지고기 김치찌개,https://www.10000recipe.com/recipe/6865286
묵은지,돼지고기,양파,대파,물,당면,포도씨유,고춧가루,국간장,다진 마늘,맛술,소금,후추,라면스프
돼지고기김치찌개,https://www.10000recipe.com/recipe/1673980
신김치,선진포크돼지고기,물,느타리버섯,파,청양고추,소금
백종원 김치찌개는 돼지고기와 새우젓의 궁합 (간단한 백종원 돼지고기 김치찌개 레시피),https://www.10000recipe.com/recipe/6858266
돼지고기 앞다리살 150g~,신김치,대파,양파,쌀뜨물,두부,간마늘,새우젓,굵은고춧가루,김치국물,설탕
돼지고기 김치찌개 - 김치찌개 맛있게 만드는 방법,https://www.10000recipe.com/recipe/1046527
묵은지,돼지고기,두부,양파,대파,김칫 국물,쌀뜨물 또는 생수,가래떡,청양고추,홍고추,고춧가루,설탕,다진 마늘
돼지고기 김치찌개 황금레시피,https://www.10000recipe.com/recipe/3092985
돼지고기,김치,대파,양파,두부,소주,청양고추,다진마늘,천일염,고춧가루
얼큰한 돼지고기 호박고지김치찌개 ,https://www.10000recipe.com/recipe/6945824
돼지고기 앞다리살,호박고지,김치,양파,대파,홍고추,다진마늘,고춧가루,들기름,물,조선간장,매실엑기스,고춧가루,소금,들기름,다진마늘,조선간장,고춧가루,소금,들기름,다진마늘
돼지고기 김치찌개~~ 국민대표 메뉴 김치찌개 끓이는법 김치찌개 만드는법....,https://www.10000recipe.com/recipe/6888223
김장김치,양파,돼지고기 앞다리살,양파,대파,청양고추,김치국물,육수,고춧가루 수북히,설탕,청주,맛술,후추가루,마늘
#콩비지찌개만들기 #돼지고기콩비지찌개 #김치콩비지찌개만들기 #두가지버전으로 만든 콩비지찌개,https://www.10000recipe.com/recipe/6843701
콩비지,돼지고기 다짐육,김치,새우젓,다진마늘,썬파,천연조미료육수,참기름,콩비지,김치,다진마늘,멸치액젓,천연조미료 육수,참기름
[집밥] 돼지고기 김치찌개 # 백종원 김치찌개,https://www.10000recipe.com/recipe/2411645
돼지고기,김치,간 마늘,고춧가루,국간장
"김치찌개, 돼지고기 김치찌개,목살 김치찌개,초간단 김치찌개",https://www.10000recipe.com/recipe/6878473
돼지고기 국거리용,양파 or 양파김치,묵은김치 or 익은김치,청양고추 다짐용,청양고추,다진마늘,청양고추 작은거 다져서,고춧가루
돼지고기김치찌개,https://www.10000recipe.com/recipe/6908698
돼지고기,대파,양파,김치,연두,김치국물
완전 소중한 메뉴 돼지고기김치찌개 ,https://www.10000recipe.com/recipe/6866542
김치 큰 크기,돼지고기,대파,청양고추,두부,진한 멸치다시마 육수,김치 국물,다진 마늘,청주,설탕,생강즙이나 가루,후춧가루,고춧가루,소금
백종원 돼지고기 김치찌개 만들기 ,https://www.10000recipe.com/recipe/6890914
돼지고기,김치,설탕,고춧가루,간장,양파,대파,다진마늘,청양고추,들기름,물,된장,새우젓
돼지고기 김치찌개 맛있게 끓이는법 황금레시피,https://www.10000recipe.com/recipe/6862661
김치,찌개용 돼지고기,두부,대파,홍고추,청고추,무,물,국물내기용 멸치,고춧가루,식초,다진마늘,매실액
"돼지고기 듬뿍~ 김치찌개, 돼지고기 김치찌개",https://www.10000recipe.com/recipe/964827
묵은지,돼지고기 앞다리,참기름,다시마 멸치육수,대파
백종원 돼지고기 김치찌개 끓이는법,https://www.10000recipe.com/recipe/6850116
돼지고기목살,신김치,새우젓,고춧가루,국간장,설탕,다진마늘,파,청양고추
돼지고기 김치찌개 끓이기 ,https://www.10000recipe.com/recipe/6692468
돼지고기,후추,신김치,양파,김치국물,대파,다진마늘,두부,소금
실패없는 맛있는 김치찌개 레시피 : 백종원 김치찌개 / 돼지고기 김치찌개 20분만에 맛있게 끓이는 꿀팁 ♥,https://www.10000recipe.com/recipe/6903277
신김치,돼지고기,두부,새우젓,국간장,다진마늘,대파
김수미 돼지고기김치찌개 밥도둑 인정,https://www.10000recipe.com/recipe/6957287
목살,김치,쌀뜨물,양파,두부,대파,청양고추,김치국물,다진 마늘,고춧가루,매실청,새우젓,간장,후추
짜글이 스타일의 돼지고기김치찌개!,https://www.10000recipe.com/recipe/6954966
돼지고기삼겹살,김치,설탕,맛술,후추,식초,올리고당,들기름,고춧가루,간장,고추장,물,양파,청양고추
돼지고기 김치찌개 맛있게 끓이는법,https://www.10000recipe.com/recipe/6954942
돼지고기,김치,두부,국간장,새우젓,고춧가루,다진마늘,들기름,대파,물
한국인의 소울푸드 돼지고기 김치찌개,https://www.10000recipe.com/recipe/6954508
돼지고기,양파,김치,두부,통마늘,고춧가루,국간장,설탕,식초
"돼지고기 김치찌개, 재료 딱 3가지면 끝~",https://www.10000recipe.com/recipe/6953433
돼지고기 앞다리,묵은지,다시마 멸치육수,두부,대파,청양고추
얼큰달달 깍두기국물이 들어간 간단한 돼지고기김치찌개,https://www.10000recipe.com/recipe/6952678
돼지고기,배추김치,총각김치,대파,사골육수,쌈장,고춧가루,다진마늘,깍두기국물
돼지고기 김치찌개 끓이는법 칼칼한 국물요리,https://www.10000recipe.com/recipe/6952358
김치,돼지고기 목살,다진 양파,고춧가루,다진마늘,참기름,소금,생강가루 또는 다진생강,후춧가루
얼큰함이 일품인 [돼지고기 김치찌개] 만들기,https://www.10000recipe.com/recipe/6952249
김치,삼겹살,다시물 또는 쌀뜨물,양파,두부,대파,고춧가루,설탕,간장,된장,마늘,맛술 또는 소주
돼지고기 비지찌개 . 김치 넣고 콩비지찌개 만드는 법,https://www.10000recipe.com/recipe/6951939
돼지고기 앞다리살,비지,대파,양파,청양고추,홍고추,봄동,국간장,다진 마늘,후추,맛술,들기름,멸치 다시마 육수
묵은지로 돼지고기김치찌개 끓이기,https://www.10000recipe.com/recipe/6951428
묵은김치,돼지고기,양파,대파,시판용 사골곰탕 1팩,진간장,고추가루,맛술,설탕,다진마늘,새우젓,생강가루,후추
돼지고기김치찌개,https://www.10000recipe.com/recipe/6951023
묵은지,돼지고기,두부,표고버섯,새송이버섯,홍고추,청양고추,식용유,새우젓,고춧가루,물
구수하고 얼큰한 돼지고기 김치찌개,https://www.10000recipe.com/recipe/6950664
김치,고기,물,간장,간마늘,두부,고춧가루,대파,양파,김칫국물
돼지고기요리/저녁메뉴 추천/찌개/돼지고기 김치찌개,https://www.10000recipe.com/recipe/6950655
돼지고기 목살,청양고추,대파,양파,두부,배추 김치,스팸 통조림,참기름,후추,소주,생수 혹은 육수,참치 액
돼지고기 무청 김치찌개 만들기 ,https://www.10000recipe.com/recipe/6948439
돼지고기,김치,무청,무,미향,설탕
밥도둑 찌개 ♪ 돼지고기김치찌개 황금레시피 :),https://www.10000recipe.com/recipe/6948006
김치,목살,두부,양파,참기름,국간장,설탕,다진마늘,김치국물
돼지고기김치찌개 만들기,https://www.10000recipe.com/recipe/6947998
김치,돼지고기,두부,팽이버섯,물,된장,다진 마늘,간장,설탕,고춧가루,새우젓
돼지고기 김치찌개~쉬운찌개,https://www.10000recipe.com/recipe/6947728
배추묵은지,돼지고기,대파,다진마늘,고추가루,설탕,후추가루,소금
돼지고기 없이 담백하게 즐기는 콩비지 김치찌개,https://www.10000recipe.com/recipe/6947642
신김치,김치국물,콩비지,물,자른 다시마,멸치 다시팩,멸치액젓,다진 마늘,참기름
돼지고기 듬뿍~김치찌개 만드는법- 딸에게#,https://www.10000recipe.com/recipe/6946478
배추김치,김치국물,돼지고기,고추장,김치가 시면 설탕
돼지고기 삼겹살 김치찌개 - 딸에게# /김치찌개 맛있게 끓이는법,https://www.10000recipe.com/recipe/6945882
김치,삼겹살,고추장,설탕,식초
#김치요리 #돼지고기김치찌개 #목살김치찌개만들기 #라면사리 넣어먹는 목살김치찌개!!,https://www.10000recipe.com/recipe/6945789
열무얼갈이김치,배추김치,김칫국물,두부,천연조미료해물육수,돼지고기목살,다진마늘,고춧가루,멸치액젓
돼지고기 김치찌개 돼지고기 잡내 없이 맛있게 만드는 법,https://www.10000recipe.com/recipe/6945381
돼지고기,배추김치,김치국물,쌀뜨물,두부,대파,청양고추,홍고추,들기름,다진 마늘,고춧가루,맛술,생강가루,후추
돼지고기김치찌개 황금레시피 국물맛이 끝내주네,https://www.10000recipe.com/recipe/6944686
묵은지,찌개용 돼지고기,양파,두부,청고추,홍고추,쌀뜨물,김치국물,고추장,다진마늘,맛술,국간장,참기름,후추
"얼큰한 돼지고기 김치찌개(국물요리, 김치요리, 소주안주,밥반찬)",https://www.10000recipe.com/recipe/6944434
신김치,돼지고기,대파,물,설탕,새우젓,고춧가루,후추,국간장,다진마늘
[워킹맘 10분 레시피] 실패확률0 초간단 \'돼지고기 김치찌개\'/백종원 7분김치찌개 만큼 맛있어요.,https://www.10000recipe.com/recipe/6944296
돼지고기앞다리살,김치,대파,간마늘,연두
백종원의 요리비책에 나온 돼지고기 김치찌개,https://www.10000recipe.com/recipe/6944184
돼지고기,김치,양파,대파,청양고추,물,고춧가루,국간장,간마늘,설탕,새우젓
찬란한 돼지고기 김치찌개,https://www.10000recipe.com/recipe/6943653
돼지고기,김치,파,홍고추,청고추,양파,설탕,진간장,국간장,고춧가루
비오는 날 딱인 돼지고기 김치찌개 끓이는법,https://www.10000recipe.com/recipe/6943303
김치,고기,물,간장,간마늘,두부,고춧가루,대파,양파,김칫국물
맛없는 김치로 맛있는 돼지고기 김치찌개 끓이기,https://www.10000recipe.com/recipe/6942728
돼지고기,신김치,들기름,고춧가루,다진마늘,국간장,쌀뜨물,두부,파,고추
"돼지고기 김치찌개 맛있게 끓이는법, 육수 없이 쉽고 간단하게!",https://www.10000recipe.com/recipe/6941563
묵은김치,김치국물,물,돼지고기,식초,다진마늘,설탕,간장,액젓,소금,고춧가루,양파,대파,표고버섯가루,기름
돼지고기김치찌개,https://www.10000recipe.com/recipe/6940797
돼지고기,양파,대파,두부,김치,햄,고추가루,국간장,마늘,소금,후추
간단한 돼지고기 김치찌개!,https://www.10000recipe.com/recipe/6938107
배추김치,돼지고기,양파,대파,고추장,다진마늘,설탕,간장,고추가루,후추가루,생강술,미림)
고기의 맛이 깊게 우러난 돼지고기 김치찌개 만들기,https://www.10000recipe.com/recipe/6937992
돼지고기,김치,쌀뜨물,대파,청양고추,다진 마늘,고춧가루,국간장,멸치액젓
원팬에 하는 돼지고기 김치찌개 보글보글 끓이기,https://www.10000recipe.com/recipe/6935926
돼지고기,잘 익은 김치,양파,대파,두부,김치국물,설탕,국간장,멸치액젓,멸치육수,고춧가루
"돼지고기 김치찌개 뒷다리살 넣은 꿀맛 레시피,",https://www.10000recipe.com/recipe/6934740
돼지고기 뒷다리살,신김치,청양고추,대파,쌀뜨물,국간장,다진마늘,고춧가루,설탕,새우젓,후춧가루
#돼지고기요리 #묵은지요리 #김장김치요리 #돼지고기김치찌개만들기,https://www.10000recipe.com/recipe/6934281
찌개용 돼지고기,김장김치,다진마늘,매실액,고춧가루,두부,썬파,멸치액젓,육수
돼지고기김치찌개 맛있게 만드는법 초간단 레시피 [문주부TV],https://www.10000recipe.com/recipe/6933931
김치,돼지고기,대파,두부,양파,청양고추,다진마늘,다시다,고춧가루,맛소금,후추,맛술,간장
돼지고기 김치찌개 밥 도둑,https://www.10000recipe.com/recipe/6930740
양파,대파,돼지고기삼겹살,배추김치,청양고추,설탕,고춧가루,간장,김칫국물,다진마늘
김치찌개 맛있게 끓이는법 돼지고기 넣어 만들기,https://www.10000recipe.com/recipe/6930038
돼지고기 앞다리살,김치,양파,쌀뜨물,대파,홍고추,두부,맛술,설탕,다진마늘,고춧가루,국간장
"돼지고기 김치찌개, 신김치도 문제 없는 묵은지 김치찌개",https://www.10000recipe.com/recipe/6929530
돼지고기,묵은지,양파,청양고추,홍고추,대파,매실청,다진마늘,고추장,국간장,고춧가루,생강가루,후춧가루,물
돼지고기 김치찌개 만드는 법 이렇게 만들면 맛있어요,https://www.10000recipe.com/recipe/6923371
김치,돼지고기,두부,청양고추,대파,양파,디포리,김치 국물,고춧가루,다진 마늘,간장,소금
간단 돼지고기 김치찌개~*,https://www.10000recipe.com/recipe/6923104
작은 김치,김치국물,돼지고기,물,후추,액젓,갈색설탕
돼지고기 김치찌개 만들기,https://www.10000recipe.com/recipe/6921146
김치,돼지고기,대파,간마늘,소금,들기름,김치국물,후추 또는 맛술
슬기로운 한손요리 초간단 돼지고기스팸김치찌개,https://www.10000recipe.com/recipe/6919557
돼지고기,맥주,물,김치국물,김치,마일드스팸,버섯 파우더
진짜 맛나는 돼지고기 김치찌개 만들기,https://www.10000recipe.com/recipe/6917593
돼지앞다리살,신김치,김치국물,두부,고춧가루,설탕,국간장,파,후추약간,다시마,다진마늘,참치액
돼지고기 목살 김치찌개로 든든집밥 즐기기~,https://www.10000recipe.com/recipe/6914901
돼지고기목살,김치,두부,떡국떡,양파,대파,청양고추,쌀뜬물,고춧가루,설탕,국간장,다진마늘,새우젓,된장
국물이 시원한 돼지고기 김치찌개 끓이는법,https://www.10000recipe.com/recipe/6911573
돼지고기,물,김치,파,설탕,양파,고춧가루
"맛없는 김치로도 맛있어지게 만드는 요리법, 기본 돼지고기 김치찌개",https://www.10000recipe.com/recipe/6910061
김치,양파 ,두부,잔파or 쪽파,팽이버섯,매운고추,돼지목살,간마늘,간생강,까나리액젓,된장,고추가루,쌀뜨물
밥도둑 돼지고기 김치찌개 이렇게 만들어봐요~,https://www.10000recipe.com/recipe/6909393
찌개용 돼지고기,김치,쌀뜨물,대파,양파,참기름,고추장,고춧가루,다진 마늘,후춧가루,설탕
"[간편식 요리]bibigo돼지고기 김치찌개 한팩으로 두끼 해결_김치찌개덮밥,김치콩나물국밥",https://www.10000recipe.com/recipe/6909244
김가루,참기름,깨,대파,소시지,계란,비비고김치찌개,밥,계란,콩나물,대파,비비고김치찌개,밥
돼지고기 김치찌개 맛있게 만드는 방법,https://www.10000recipe.com/recipe/6907767
묵은지,돼지고기 앞다리삷,물,대파,식용유,참기름 또는 들기름,고춧가루,된장,설탕
파김치 돼지고기 김치찌개(돌돌말아 한입에 먹기 편해요),https://www.10000recipe.com/recipe/6907192
돼지고기 목살,파 김치,두부,고춧가루,국간장,다진마늘,생강술,설탕,소금
돼지고기 김치찌개 얼큰 칼칼한 김치찌개,https://www.10000recipe.com/recipe/6907061
돼지고기,김장김치,김치 국물,들기름,다진 마늘,고춧가루,참치 액,두부,대파,쌀뜬물,후추
한국인이라면 질리지않죠? 초초간단 '돼지고기김치찌개',https://www.10000recipe.com/recipe/6905516
돼지고기 찌개용,김치,김칫국물,물,설탕,집간장,치킨파우더,양파,두부,대파 파란부분,다진마늘
<찌망 레시피> 돼지고기 김치찌개 맛있게 만들기 ; ),https://www.10000recipe.com/recipe/6905381
돼지고기,김치,김치속 무,양파,두부,청양고추,고춧가루,들기름,다진마늘,소금,후추
돼지고기 김치찌개,https://www.10000recipe.com/recipe/6904703
김치,돼지고기,들기름,고춧가루,두부,참치액,소금
