찌개,추천순,200
명란두부찌개 ~ 간단하고 국물의 시원함이 끝내줍니다 ,https://www.10000recipe.com/recipe/6935659
명란젓,두부,대파,홍고추,청양고추,양파,호박,멸치다시마육수,소금,소주
새우살로 만드는 얼큰한 새우탕 만들기,https://www.10000recipe.com/recipe/6902441
냉동 새우살,양파,애호박,대파,청양고추,다시마,멸치,물,된장,다진 마늘,고춧가루,액젓
버섯찌개 - 숙주버섯찌개 ,https://www.10000recipe.com/recipe/6854147
느타리버섯,숙주나물,식용유,다진마늘,고춧가루,국간장,멸치다시마육수,소금,후춧가루
느타리버섯요리~느타리버섯찌개,https://www.10000recipe.com/recipe/6940366
느타리버섯,두부,양파,대파,물,다시마,국멸치,고추장,고춧가루,다진 마늘,국간장,소금
수미네 반찬 :: 전주식 콩나물탕 / 해장하기 좋은 시원한 맛,https://www.10000recipe.com/recipe/6896204
콩나물,다진마늘,청양고추,계란,대파,새우젓,참깨,고춧가루,다시물
짬뽕맛 나는 오징어찌개 만들기 ,https://www.10000recipe.com/recipe/6834020
오징어,애호박,양파,청양고추,콩나물,대파,멸치,포도씨유,고춧가루,다진 파,다진 마늘,국간장,고추장,소금,후춧가루
백종원중국식달걀탕,https://www.10000recipe.com/recipe/6902741
달걀,크래미 작은 사이즈,새송이버섯,양파,대파,당근,햄,간장,굴 소스,소금,물,후춧가루,참기름
뜨끈한 국물이 생각날때! 참치감자찌개.,https://www.10000recipe.com/recipe/6870873
감자,참치캔,양파,고추장,고추가루,청양고추,다진파,다진마늘,소금,후추,물
참치두부찌개 ,https://www.10000recipe.com/recipe/6864685
두부,참치,양파,대파 고춧가루,간장,올리고당,다진마늘,맛술,후추
반찬 없을때~ [백종원콩나물찌개]정말 대박대박 맛있어요~♡,https://www.10000recipe.com/recipe/6837643
콩나물,돼지고기다짐육,양파,표고버섯,청 고추 &홍 고추,파,식용유,다진마늘,새우젓,간장
<건강식단>부드러운 순두부달걀탕!,https://www.10000recipe.com/recipe/6925166
순두부,달걀,대파,다시멸치,건다시마,참치액,새우젓
캔 꽁치 무찌개~*,https://www.10000recipe.com/recipe/6875346
꽁치캔,양파,대파,무,간장,고춧가루,다진마늘,올리고당,후추,맛술
돼지고기고추장찌개,https://www.10000recipe.com/recipe/6885185
돼지고기,감자,애호박,청양고추,다진마늘,고추장,양파,간장,설탕,올리고당,소금,참기름,고춧가루
"순두부찌개. 바지락, 고기 없이도 기가 막힌 순두부찌개 만드는 법 / 만들기 / 순두부찌개 황금 레시피",https://www.10000recipe.com/recipe/6912220
순두부,대파,양파,애호박,청양고추,달걀,참기름,식용유,고추가루,소금,설탕,굴소스,간장,다진 마늘,멸치
집나간 입맛 모셔오는 '얼큰 계란탕',https://www.10000recipe.com/recipe/6949348
계란,양파,청양고추,홍고추,대파,물,새우젓,소금,후추,들기름+참기름,다진마늘,고춧가루
닭볶음탕 닭도리탕 황금레시피 짱짱맛 칼칼함이 남달라,https://www.10000recipe.com/recipe/6883937
닭,당근,양파,감자,대파 초록색 부분 20센티,청양고추,고추장,고추가루,설탕,국간장,마늘,물
참치 고추장찌개 하나면 한그릇 뚝딱이죠,https://www.10000recipe.com/recipe/6837933
참치 150g,양파,감자,대파,청양고추,홍고추,두부,물,고추장 1큰술,설탕,다진마늘,국간장,맛술
백종원 돼지갈비볶음탕 진짜 진짜 맛있네!,https://www.10000recipe.com/recipe/6879920
돼지갈비,양파,감자,당근,대파,청양고추,설탕,물,간장,다진 마늘,후춧가루,굵은 고춧가루,고운 고춧가루
참치두부짜글이찌개 밥도둑 인정,https://www.10000recipe.com/recipe/6891796
두부,양파,참치 작은거,대파,깨소금,두부,고추가루,맛술,다진마늘,간장,매실,후추,참기름
고깃집에서 맛보던 쌈장찌개! 고깃집 쌈장찌개,https://www.10000recipe.com/recipe/6856336
양파,애호박,두부,대파,청고추,홍고추,물,다시마,쌈장,된장,고추장,다진마늘
차돌박이 감자 고추장찌개,https://www.10000recipe.com/recipe/6746224
감자,애호박,양파,차돌박이,다진마늘,국간장,참기름,물,감자,고추장,된장,고춧가루
너무 쉬운 감자찌개,https://www.10000recipe.com/recipe/6941632
감자,양파,간장,물,다진마늘,고추가루,설탕,식용유
얼큰하고 맛있는 버섯 전골/감자 고추장 찌개,https://www.10000recipe.com/recipe/6879698
느타리버섯,감자,양파,청양고추,샤브샤브용 소고기,멸치,다시마 10cm,대파,무,고추장,고춧가루,국간장,다진마늘,매실청,맛술,소금,후춧가루
고소하고 진한 차돌박이 감자찌개 만들기,https://www.10000recipe.com/recipe/6919300
감자,차돌박이,양파,대파,청양고추,멸치육수,참기름,고춧가루,국간장,다진 마늘,된장,고추장,후춧가루
백종원 감자짜글이찌개 스팸과 환상궁합,https://www.10000recipe.com/recipe/6886747
스팸,감자,양파,홍고추,청양고추,대파,고춧가루,고추장,된장,간장,설탕,마늘,물
칼칼하고 시원한 애호박찌개,https://www.10000recipe.com/recipe/6837286
애호박,맛타리버섯,멸치육수,대파,청양고추,고춧가루,다진마늘,새우젓
참치고추장찌개 하나만 있으면 밥 한공기는 뚝딱! ,https://www.10000recipe.com/recipe/6929293
참치,양파,감자,대파,청양고추,홍고추,두부,물,고추장,설탕,다진 마늘,국간장,맛술,소금
칼칼한 삼겹살 두부찌개~*,https://www.10000recipe.com/recipe/6935738
삼겹살,두부,양파,대파,청양초,고추장,고춧가루,다진마늘,굴소스,후추,맛술,액젓
차돌박이 된장찌개 레시피ㅣ고깃집에서 먹던 바로 그 맛!ㅣ,https://www.10000recipe.com/recipe/6922749
차돌박이,두부,애호박,양파,대파,청양고추,팽이버섯,된장,고추장,국간장,고춧가루,다진 마늘,해물다시팩
새우젓찌개(별거 안해도 맛난~~찌개),https://www.10000recipe.com/recipe/6901024
연두부,새우젓,새송이 수북,대파 수북,양파 수북,청양고추 다진 것,마늘 다진것,고추가루
신랑표ㅎ짬뽕탕~*,https://www.10000recipe.com/recipe/6907695
오징어,홍합,새우,배추잎,청양초,대파,양파,당근,호박,고춧가루,고추기름,굴소스,후추,카놀라유,다진마늘,물,액젓
비빔두부 찌개 만들기,https://www.10000recipe.com/recipe/5308915
두부,김치,베이컨,파,다진마늘,멸치가루,소금,후추,고추가루,국간장,기름
<새우젓두부찌개> 얼큰하고 개운한 맛,https://www.10000recipe.com/recipe/6926393
두부,멸치육수,양파,대파,홍고추,다진마늘,새우젓,고추가루,국간장,들기름
스팸순두부찌개 찐하고 완전 밥도둑!!,https://www.10000recipe.com/recipe/6936882
스팸,순두부,감자,양파,청양고추,홍고추,대파,고추장,고춧가루,국간장,참치액,다진마늘,멸치다시마육수
새우두부찌개 - 탱글탱글 새우 넣어 뚝딱 완성,https://www.10000recipe.com/recipe/6859909
새우살,새우,두부,데친 열무,대파,청양고추,고춧가루,다진마늘,새우젓,참치액,미림,설탕
병아리콩비지찌개~담백하면서 맛있네요,https://www.10000recipe.com/recipe/6954878
불린 병아리콩,배추김치,돼지고기다짐육,국간장,설탕,올리브유,다진마늘,후추가루
봄 향기가 가득한~ 냉이된장찌개 ,https://www.10000recipe.com/recipe/6867165
냉이,두부,양파,애호박,대파,멸치다시마육수,된장,국간장,고춧가루,다진마늘,청양고추
"부드럽고 맑은 국물요리, 연두부 새우 계란탕",https://www.10000recipe.com/recipe/6951245
연두부,계란,칵테일 새우,다진 쪽파,자른 다시마,물,참치액젓,국간장,소금,후추
짭쪼름한 밥도둑! 명란 두부찌개,https://www.10000recipe.com/recipe/6855070
명란젓,두부,애호박,무,다시마육수,대파 or 쪽파,마늘,국간장,새우젓,참기름
바지락탕 만들기 - 양싸,https://www.10000recipe.com/recipe/6867133
바지락,다진마늘,소금,쪽파,무,청양고추,홍고추
목살 된장찌개~ 고기집 된장이랑 맞짱 함 떠볼까요!!,https://www.10000recipe.com/recipe/6926656
돼지목살,호박,무우,감자,두부,양파,국간장,재래된장,고추장,고추가루,청양 초
"매콤 된장찌개, 채소와 두부만 넣은 초간단 초스피드 된장찌개",https://www.10000recipe.com/recipe/6859263
느타리버섯,양파,애호박,청양고추,두부,물,된장,진간장,고추가루,다진마늘,설탕,소금
[간단 자취요리] 꿀팁공유 고깃집 밥도둑! 고깃집 된장찌개 만들기,https://www.10000recipe.com/recipe/6863103
두부,된장,쌈장,고춧가루,물,대파,버섯 ,감자 
고기 두부찌개 맛은 잡고 설겆이는 최소화 합시다!!~ 건강한 단백질의왕!! 두부먹고 코로나 극복 가즈아!!!,https://www.10000recipe.com/recipe/6942099
돼지앞다리살 슬라이스,두부,대파,물,고추가루,설탕,진간장,굴소스,미림,멸치액젓,고추장,된장,다진마늘,참기름,후추가루
순두부 애호박찌개 끓이는 법,https://www.10000recipe.com/recipe/6870102
순두부,애호박,양파 작은거,멸치다시육수,국간장,다진마늘,해산물
칼칼한 애호박 돼지고기찌개,https://www.10000recipe.com/recipe/3993753
돼지고기 앞다리살,애호박,양파,대파,식용유,물,고춧가루,맛술,다진 마늘,조선간장,소금
청경채맛살탕/스프,https://www.10000recipe.com/recipe/6707704
청경채,게맛살 작은거,달걀흰자,전분,물,소금,후추,굴소스
백주부표 얼큰 콩나물 찌개로 밥한공기 뚝딱!^^,https://www.10000recipe.com/recipe/6833358
콩나물,돼지고기,양파,물,고추가루,간장,새우젓 또는 멸치액젓,대파,마늘,청양고추
차돌된장찌개,https://www.10000recipe.com/recipe/4081528
차돌박이,양파,애호박,두부,버섯,대파,된장,고추가루,맛술,멸치가루,다진마늘,청주
감칠맛이 입맛을 쭉쭉 당기는 애호박 새우젓 찌개 만들기!,https://www.10000recipe.com/recipe/6948377
애호박,두부,양파,대파,새우젓,고춧가루,다진마늘,들기름,생수
[간단 자취요리] 밥도둑 스팸찌개 + 비법가루 = 게임 끝 / 스팸찌개 만들기,https://www.10000recipe.com/recipe/6866058
스팸,고춧가루,다진마늘,간장,카레가루,물,식용유,신김치
국물맛이 끝내주는 꽃게된장찌개,https://www.10000recipe.com/recipe/6833426
꽃게,무,양파,애호박,대파,된장,고추장,다진 마늘,고춧가루,맛술,소금
【이열치열】간단 순두부찌개 만들기~,https://www.10000recipe.com/recipe/6871912
다진돼지고기,순두부,양파,대파,땡초,호박,계란노른자,맛술,참기름,식용유,고춧가루,국간장,다진마늘,새우젓,후추
부대찌개 양념 만드는법 홀릭되는 맛임,https://www.10000recipe.com/recipe/6884636
김치,비엔나,스팸,두부,떡,대파 10센티,홍고추,청양고추 큰거,사골곰탕,된장,고추가루,마늘,국간장,설탕,물
[간단 자취요리] 육수 없이! 시판 양념장 없이! 초간단 순두부찌개 만들기,https://www.10000recipe.com/recipe/6877989
순두부,양파,대파,물,간장,굴소스,고춧가루,설탕,해물믹스,청양고추
대패된장찌개 - 집밥백선생3 대패삼겹살된장찌개 ,https://www.10000recipe.com/recipe/6866927
대패삼겹살,물,된장,간마늘,고춧가루,감자,양파,느타리버섯,애호박,두부,대파,청양고추,홍고추
초보자도 쉽게 끓일수 있는 묵은지닭탕 *^^*,https://www.10000recipe.com/recipe/6867605
토막난닭,잘익은배추김치 반포기정도,대파,멸치다시마육수,고춧가루,고추장,다진마늘,국간장,맛술,올리고당,후춧가루,소금,김칫국물
얼큰한 두부찌개,https://www.10000recipe.com/recipe/6740535
두부,양파,고추,대파,간장,국간장,고추가루,고추장,설탕,다진 마늘,들기름
백종원 꽁치김치찌개 끓이는 법,https://www.10000recipe.com/recipe/6904987
꽁치통조림,김치,양파,대파,물,고춧가루,된장,다진 마늘,설탕,참기름
우선 밥 3공기를 준비하세요. 밥도둑 '전참찌' 만들기 + 먹방ㅣ전자렌지 5분! 고추참치 찌개,https://www.10000recipe.com/recipe/6902690
고추참치,스팸,고추장,다진마늘,간장,물
"시원한 국물맛 새우전골, 새우탕 끓이기",https://www.10000recipe.com/recipe/6948486
멸치다시마육수,생새우,무,양파,호박,대파,홍고추,풋고추,쑥갓,버섯,고추가루,된장,다진마늘,맛술,국간장,소금
고깃집 차돌박이 된장찌개 끓이는법.,https://www.10000recipe.com/recipe/6951804
차돌박이,애호박,양파,배추속,대파,두부,팽이버섯,표고버섯,멸치액젓,재래된장,쌈장,고추장
야식으로 딱 좋은 나가사끼짬뽕탕 간단하게 끓이기,https://www.10000recipe.com/recipe/6936293
사골곰탕,물,오징어,칵테일새우,조개,미향 또는맛술,베트남고추,굴소스,소금,국간장
"차돌박이 감자찌개, 들큰한 마성의 찌개 ! ",https://www.10000recipe.com/recipe/6862054
차돌박이,양파,감자,대파,청양고추,국물용멸치,다시마,고춧가루,국간장,맛술,된장,고추장,다진마늘,후춧가루
중국식계란탕! 크래미 넣은 게살스프(부드러운 계란국),https://www.10000recipe.com/recipe/6904222
크래미,팽이버섯,달걀,파,고형 치킨스톡,국간장,물,전분가루,물
간단 두부찌개~*,https://www.10000recipe.com/recipe/6872516
두부,양파,대파,땡초,다시멸치,다시마,간장,올리고당,고춧가루,다진마늘,후추
5분완성 초간단 해장국으로 맛있는 굴연두부탕,https://www.10000recipe.com/recipe/6904043
연두부,굴,쌀뜨물,청양고추,파,간장,마늘,버섯파우더
아침에 후딱 끓여 낸 새우젓 순두부찌개,https://www.10000recipe.com/recipe/6912664
다진마늘,양파,대파,참기름,식용유,고추가루,순 두부,새우젓,다시마 멸치육수,계란
동태찌개! (국물요리),https://www.10000recipe.com/recipe/6863517
동태,무,두부,대파,청양고추,다시마 육수,고추장,고춧가루,국간장,청주,다진마늘,다진생강,후춧가루
얼큰두부찌개 끓이기,https://www.10000recipe.com/recipe/6932109
두부,참치 작은것,양파,대파,청양고추,고춧가루,진간장,올리고당,다진마늘,맛술,후추,소금,국간장
 뚝딱 만들어도 밥도둑~~두부명란젓찌개~,https://www.10000recipe.com/recipe/6869645
명란젓 굵은걸로,두부,청양고추,국물멸치,양파 작은거,고춧가루
[된장찌개] 고추장을 넣어 감칠맛나는 맛있는된장 끓여요,https://www.10000recipe.com/recipe/6922195
물,된장,고추장,고춧가루,다진마늘,설탕,간장,소금,양파,애호박,버섯,청양고추,두부,대파
참치김치찌개 황금레시피 맛있게 끓여먹어요~,https://www.10000recipe.com/recipe/6864674
신김치,대파,참치,식용유,고추가루,김치국물,물
"고추장 찌개, 참치와 감자를 넣은 고추장 찌개",https://www.10000recipe.com/recipe/6858055
참치캔,감자,양파,두부,대파,청양고추,물,고추장,고춧가루,간장,다진마늘,소금
싼가격으로 보약같은 찌개 만들기 양송이버섯 들깨탕,https://www.10000recipe.com/recipe/6887498
양송이버섯1팩,감자,물,들깨가루,치킨스톡,소금,파
배추 들깨탕 면역력 강화에 좋은 배추국,https://www.10000recipe.com/recipe/6922304
배추,건 새우,대파,마늘,들깨가루,들기름,물,국간장,꽃소금
【맛이 없을수 없는 조합】소고기된장찌개 만들기~,https://www.10000recipe.com/recipe/6869009
소고기,두부,땡초,무,양파,대파,된장,쌈장,참기름,고춧가루,다진마늘
"추운날씨에 얼큰하게 먹는 햄고추장찌개,고추장찌개",https://www.10000recipe.com/recipe/6842067
스팸,감자,애호박,양파,홍고추,청양고추,대파,두부,고춧가루,마늘,고추장,소금
백선생 순두부찌개양념:만능양념이라 불러도 좋아~,https://www.10000recipe.com/recipe/6839664
식용유+참기름,다진대파,다진돼지고기,다진양파,다진마늘,소금,고춧가루,설탕,양조간장
스팸 감자 찌개..,https://www.10000recipe.com/recipe/6932770
스팸 큰거,감자,양파,청양고추,홍고추,대파,고추장,고춧가루,간장,참치액,요리당,다시다,다진마늘,들기름,물
시간이 요리해주는 감자탕!,https://www.10000recipe.com/recipe/6898488
감자탕용 돼지등뼈,감자 작은거,데친 얼갈이 배추,깻잎,월개수 잎,소주,양파,파,사과,마늘,생강,청양고추,고춧가루,멸치액젓,국간장,들깨가루,다진 마늘,미림,고추장,된장
명란젓찌개(왜 이슬이가 생각날까요?~~),https://www.10000recipe.com/recipe/6900713
명란젓,무,두부,파,청양고추,마늘,고추장,고운고춧가루,참치액
그리운 손맛이 생각날때는♥달래된장찌개,https://www.10000recipe.com/recipe/6888310
달래,애호박,두부,양파,대파,청양고추,물,멸치,다시마,된장,고춧가루,다진마늘
"어버이날기념 몸보신에 좋은 요리, 얼큰한 닭탕 레시피",https://www.10000recipe.com/recipe/6932402
닭,삶은 우거지,깻잎,된장,마늘,국간장,고춧가루,들깨가루
어묵김치찌개 당면 넣어 맛있게 끓여 먹어요,https://www.10000recipe.com/recipe/6885046
김치,어묵,양파,고춧가루,국간장,맛술,멸치육수,당면,다진마늘,대파,후추
국물이 칼칼한 쇠고기 찌게,https://www.10000recipe.com/recipe/6864022
쇠고기,양파,대파,양송이버섯,집간장,참기름,고춧가루,다진마늘,물
꿀처 고추장두부찌개,https://www.10000recipe.com/recipe/6875049
감자,호박,양파,대파,두부,고추장,된장,다진마늘,다시다,후춧가루
담백한 가자미 맑은탕,https://www.10000recipe.com/recipe/6898075
가자미,무우,팽이버섯,쑥갓,홍고추,소금,액젓,다시마,멸치,마른새우
육수없이 끓이는 매운된장찌개,https://www.10000recipe.com/recipe/5577696
두부,고추,대파,양파,쌀뜨물,된장,다진마늘,고추장,참기름,고추가루
볶음밥과 함께 하면 좋아요~ 순두부계란탕,https://www.10000recipe.com/recipe/6923050
순두부,새우젓,대파,물,계란,후추
두부 참치찌개,https://www.10000recipe.com/recipe/5566805
두부,참치,콩나물,고추,대파,고추장,고추가루,다진마늘,후추가루,설탕,물,소금
해물 듬뿍 넣은 중국식 계란탕 안주와 아침국으로 추천해요.,https://www.10000recipe.com/recipe/6920673
오징어,새우,크래미,달걀,죽순,파,생강가루,물,굴소스,맛술,간장,참기름,후춧가루,전분가루,물
간편 국 당면 계란탕~*,https://www.10000recipe.com/recipe/6930344
계란,당면,대파,다시육수,액젓,소금,다진마늘
토마토된장찌개:토마토는 훌륭한 조미료였다,https://www.10000recipe.com/recipe/6889806
토마토,감자,된장,고추장,고춧가루,쌀뜨물,다시마,황태포,양파,다진마늘,대파,청양고추
"얼큰한 국물요리, 해물짬뽕탕",https://www.10000recipe.com/recipe/6888099
양파,청경채,손질오징어,새우,바지락살,물,식용유,고춧가루,간장,굴소스,다진마늘,맛술,후추,물
버섯찌개 - 얼큰하고 좋아요,https://www.10000recipe.com/recipe/6865145
새송이버섯,백만송이버섯,숙주나물,식용유,다진마늘,고춧가루,국간장,멸치다시마육수,소금,후춧가루
여름 아침식사로 좋은 감자들깨탕 & 들깨덮밥,https://www.10000recipe.com/recipe/6830266
다시육수,쌀뜨물,건표고버섯,감자,양파,느타리버섯,찹쌀가루,들깨가루 수북히,들기름,거피안한 들깨가루
매일 먹어도 좋은 [차돌박이 된장찌개],https://www.10000recipe.com/recipe/6879196
차돌박이,애호박,두부,청양고추,송송 썬 대파,된장,고추장,멸치+다시마 육수
시원칼칼한 밥도둑 백종원 '참치두부찌개'초간단 레시피,https://www.10000recipe.com/recipe/6909720
참치캔,두부,양파,대파,청양고추,쌀뜨물,고춧가루,간장,설탕,다진마늘,새우젓,참기름
명란젓국찌개 감질맛 up,https://www.10000recipe.com/recipe/6955000
명란,건표고버섯,애호박,두부,다진마늘,홍고추,청양고추
"""두부모시조개탕""♪",https://www.10000recipe.com/recipe/6842223
모시조개,두부,청양고추,홍고추,대파,양파,물,소금
보글보글 간단한찌개 끓이기 ! 순두부찌개 ;) ,https://www.10000recipe.com/recipe/6909351
순두부,양파,대파,물,간장,굴소스,고춧가루,설탕,청양고추
너~~~무 맛있는 간단한 차돌된장찌개 ,https://www.10000recipe.com/recipe/6922744
팽이버섯,청양고추,애호박,차돌박이,두부,양파,대파,팽이버섯,청양고추,애호박,된장,고추장,고춧가루,다진마늘
"성공률 100% 백종원 레시피, 고추장찌개 얼큰하고 맛이쪙",https://www.10000recipe.com/recipe/6890343
고추장,참기름,물,호박,양파,청양고추,돼지고기,다진마늘,국간장,설탕,두부
바지락 순두부찌개 만드는법(+고추기름내기),https://www.10000recipe.com/recipe/6888322
순두부,바지락 한 움큼,물,달걀,대파,고춧가루,식용유,참기름,다진마늘,소금
♥[신혼밥상] 국물 시원 깔끔 명란찌개,https://www.10000recipe.com/recipe/6926405
명란,두부,대파,양파,호박,새송이버섯,고춧가루,청양고추,다진마늘,새우젓,멸치다시다육수
돼지고기고추장찌개 냉장고파먹기,https://www.10000recipe.com/recipe/6880281
돼지고기,감자,양파,애호박,대파,식용류,참기름,고추장,고추가루,국간장,설탕,다진마늘
깨끗한 국물이 매력적인 맑은애호박두부탕,https://www.10000recipe.com/recipe/6850593
무 작은,애호박,두부,표고버섯,청양고추,대파,다진마늘,국간장,새우젓,후추,국물용 멸치,다시마 5cm x 5cm
새우된장찌개,https://www.10000recipe.com/recipe/6884769
새우,감자,양파,애호박,청양고추,대파,두부,된장,다진마늘,고춧가루,물,다시멸치,건표고버섯
'요리' 돼지고기 고추장찌개 / 올리브쇼 레시피,https://www.10000recipe.com/recipe/6863720
고추장,간장,다진마늘,꿀,돼지고기,두부,호박,깻잎,파,청양고추,양파
백종원 새마을식당 7분김치찌개 만드는 법,https://www.10000recipe.com/recipe/6872490
묵은지,돼지고기,쌀뜨물,된장,청양고추,다진마늘,고춧가루,대파,국간장,새우젓
"감자삼겹고추장찌개 만들기#포근포근감자와 꼬들꼬들삼겹살의 만남~환상적이에요.
밥한그릇 뚝딱입니다!",https://www.10000recipe.com/recipe/6915575
돼지고기,양파,감자,대파,다시팩,고추장,고춧가루,다진마늘,물
[순두부찌개 끓이는 법]부드럽고 매콤한 백파더 찌개 요리,https://www.10000recipe.com/recipe/6951372
순두부,다진 돼지고기,다진 양파,다진 대파,청양고추,계란,고춧가루,물,간마늘,국간장,맛소금,후춧가루,카놀라유,참기름
5분 투자하면 만들 수 있는 백순 두부찌개 만드는 방법!,https://www.10000recipe.com/recipe/6899093
다진 마늘,순두부,대파,양파,애호박,새우젓,청양고추,바지락
코다리탕 칼칼하고 탱글탱글 맛있는 코다리찌개,https://www.10000recipe.com/recipe/6948104
코다리,무,두부,양파,대파,청양고추,홍고추,쑥갓,다시 팩,물,고춧가루,국간장,참치 액,다진 마늘,생강가루,고추장,된장,후추
부대찌개 황금레시피 만드는법,https://www.10000recipe.com/recipe/6842041
길쭉이 햄,통조림 햄 작은사이즈,돈다짐육,김치,양파,대파,다진마늘,체다치즈,사골국물,고추가루,고추장,간장,맛술,후추
들깨버섯탕,https://www.10000recipe.com/recipe/6952421
표고버섯,팽이버섯,느타리버섯,새송이버섯,대파,청양고추,홍고추,들깨가루,다진 마늘,들기름,소금,물
<전문점 꽃게탕 > 30분안에 간단하게 만들기 ,https://www.10000recipe.com/recipe/6837278
꽃게,양파,다시마,물,무,된장,고추장,다진마늘,고추가루,맛술,새우가루
부대찌개 황금레시피! 육수 NO!,https://www.10000recipe.com/recipe/6869764
작은캔햄,소시지,두부,김치,양파,파,당면,팽이버섯,슬라이스치즈,라면사리,고춧가루,간장,설탕,다진마늘,다시다,후추,물
바지락탕/여름에 속이 시원해지는 국물/manila clam soup,https://www.10000recipe.com/recipe/6938067
바지락,다시마,대파,홍고추,물,다진마늘,소금
바지락 된장찌개 / 고기집 된장찌개 부럽지않아요,https://www.10000recipe.com/recipe/6862254
바지락조개,두부,애호박,양파,대파,청양고추,다진마늘,된장,쌈장,고춧가루,멸치,다시마,물
스팸 두부찌개,https://www.10000recipe.com/recipe/6886485
두부,스팸,양파,다진마늘,대파,청양고추,홍고추,고추장,고춧가루,간장,참치액,요리당,들기름
입맛없을 땐 연두부 명란젓찌개,https://www.10000recipe.com/recipe/1883668
명란젓,연두부,어슷 썬 대파,새우젓,고춧가루,다진 마늘,멸치다시마육수
뚝딱 해 먹는 술안주/참치 어묵찌개,https://www.10000recipe.com/recipe/6920632
참치캔,감자,양파,대파,다시팩,국간장,액젓,맛술,다진마늘,고추장,고춧가루,후추,소금
된장찌개 끓이기,https://www.10000recipe.com/recipe/4037863
물,다시멸치,다진마늘,양파,호박,감자,두부,청량고추,송송썬파,된장,고춧가루
초간단 순두부찌개 간단하지만 깊은맛이 나는 순두부찌개 만드는법!! (야매순두부찌개),https://www.10000recipe.com/recipe/6891575
순두부,고추참치,다진마늘,참기름,고춧가루,국간장,대파,계란
참치 두부찌개 만드는법 쉽고 빠르게 맛있게,https://www.10000recipe.com/recipe/6947083
두부 1모,참치캔 작은 것,양파,대파,청고추,홍고추,해물육수팩,물,고춧가루,새우젓,다진 마늘,국간장,들기름,후추
 ♣ 담백하고 부드러운~~ 중국식 새우탕 ♣ ,https://www.10000recipe.com/recipe/793400
칵테일새우,새송이버섯,양송이버섯,계란,썰어둔 실파,양파,굴소스,참기름,소금,후추,물,마늘,녹말
얼큰하고 시원한 된장찌개 요리를 소개하겠습니다.,https://www.10000recipe.com/recipe/6913869
멸치,감자,두부,애호박,다진마늘,된장,양파,청양고추,고추가루,파
스팸김치찌개,https://www.10000recipe.com/recipe/6841619
김치,스팸,대파,참기름or들기름,설탕,고춧가루,다진마늘
밥도둑 대패삼겹살 김치찌개,https://www.10000recipe.com/recipe/6903487
김치,대패삼겹살,대파,김치국물,다진마늘,국간장,고추장,설탕,소금,참기름,치킨스톡
돼지고기 김치찌개 맛내는 비법,https://www.10000recipe.com/recipe/1785098
물,돼지고기 찌개용,신김치,김칫국물,참기름,양파,청고추,대파,고추장,미림,국간장,소금,다진마늘,국간장,후추
"된장찌개, 고추장 넣어 더욱 맛있는 된장찌개",https://www.10000recipe.com/recipe/6866095
물,양파 작은것,호박,팽이버섯,두부,대파,된장,고추장,간장,청양고추가루,다진마늘,설탕,마지막간ㅡ꽃소금
꽃게탕/꽃게탕 끓이는법,https://www.10000recipe.com/recipe/4164229
꽃게,양파,호박,대파,청량고추,물,후춧가루,고추장,집된장,고춧가루,소금,국간장,다진마늘
초간단 차돌된장찌개 만드는법,https://www.10000recipe.com/recipe/6946620
멸치다시육수팩,양파,차돌박이,된장,고추장,고추,고춧가루,다진마늘
감자 소고기 고추장찌개 ,https://www.10000recipe.com/recipe/6896361
소고기 등심,감자,두부,애호박,양파,멸치 다시마 육수,다진 마늘,식용유,고추장,된장
참치순두부찌개,https://www.10000recipe.com/recipe/3370170
참치,순두부,익은배추김치,멸치다시마육수,다진파,고춧가루,다진마늘,참기름
여름 제철 애호박 두부 된장찌개,https://www.10000recipe.com/recipe/6894140
애호박,양파,메운고추,두부,된장,다진마늘,고춧가루,꿀
간단하지만 맛있는 순두부찌개 끓이기,https://www.10000recipe.com/recipe/6898937
돼지고기다짐육,양파,애호박,다진마늘,파,순두부,진간장,국간장,새우젓,고춧가루,청량고추
후딱 한뚝배기 끓여낸 차돌박이 순두부찌개,https://www.10000recipe.com/recipe/6920680
차돌박이,대파,고추가루,순두부 1봉지...,국간장,다시마멸치육수,양파,다진마늘,후추
【돼지다짐육 넣은】채소된장찌개 만들기~,https://www.10000recipe.com/recipe/6887172
돼지고기다짐육,감자,호박,양파,청양고추,대파,된장,쌈장,고춧가루,다진마늘,참기름
"참치고추장찌개, 고추장찌개 얼큰한 찌개와 쫄깃한 당면으로 든든한 한끼 식사.",https://www.10000recipe.com/recipe/6887621
참치,양파,감자,새송이버섯,대파,청양고추,간 마늘,진간장,참기름,식용유,참치액젓,당면
대박 맛집 김치찌개,https://www.10000recipe.com/recipe/3686217
김치,포도씨유,깍두기국물,대파,두부,물,참치,설탕,고춧가루,다진 마늘,멸치육수
불 없이! 꿀맛 전자렌지 김치찌개 만들기ㅣ100% 성공하는 5가지 방법,https://www.10000recipe.com/recipe/6893020
김치,김치국물,식용유,설탕,다진마늘
저녁메뉴 돼지고기 애호박찌개 황금레시피,https://www.10000recipe.com/recipe/6879473
돼지고기,애호박,양파,고춧가루,다진파,물,국간장,소금,다진마늘,국간장,참기름
초간단 돼지고기 김치찌개 - 입맛 없을 땐 딱!!,https://www.10000recipe.com/recipe/6906217
익은 김치,삼겹살,두부,양파,대파,참기름,간장,후추,마늘
쉽게 해먹은 참치캔 애호박 찌개,https://www.10000recipe.com/recipe/6947624
애호박,감자,양파,참치캔,대파,홍고추,쌀뜬물,집된장,고추장
"[ 두부찌개 ] 시골반찬, 할머니 손맛, 매우 간단하고 맛있는 두부찌개",https://www.10000recipe.com/recipe/6951227
두부,양파,들기름,조선간장,소금,다진마늘,대파,고추가루
꼬막탕,https://www.10000recipe.com/recipe/6948777
꼬막,작은 알배추 잎,대파,청양고추,홍고추,물,청주,된장,까나리액젓,표고버섯가루,고춧가루
돼지고기 감자 고추장찌개,https://www.10000recipe.com/recipe/5420128
삼겹살,감자,양파,대파,홍고추,청양고추,멸치육수,소금,후추,다진마늘,설탕,고추가루,국간장,고추장
갓김치의 아삭함이 살아있는 갓돈찌개,https://www.10000recipe.com/recipe/6925140
갓김치,돼지고기,새우젓,다진 마늘,설탕,국간장,식초,대파,청양고추,굵은 고춧가루,두부,밥
가을에 먹어야 제맛! 백종원 꽃게탕 만드는 법,https://www.10000recipe.com/recipe/6877908
꽃게,무,애호박,양파,청양고추,홍고추,대파,팽이버섯,물,된장,고추장,고춧가루,다진 마늘,국간장
냉부 레시피@ 오세득의 돼새찌개,https://www.10000recipe.com/recipe/6843669
돼지고기,양파,대파,다진마늘,목이버섯,청양고추,다진마늘,식용유,고추가루,간장,새우젓
간 돼지고기 듬뿍넣은 두부고기찌개,https://www.10000recipe.com/recipe/5671220
두부,간돼지고기,양파,청량고추,파,물,고추장,고추가루,국간장,설탕,다진마늘,후추
[집밥] 5분안에 만드는 초간단 고추참치순두부찌개,https://www.10000recipe.com/recipe/6937382
고추참치,순두부,청양고추,계란,고춧가루,된장,후추,다진마늘,물
골뱅이고추장찌개 - 칼칼하고 쫄깃한 골뱅이가 재밌다!,https://www.10000recipe.com/recipe/6854980
골뱅이,감자,애호박,양파,고추,대파,고추장,고추가루,다진마늘,액젓,후추,생수,골뱅이국물
백종원 순두부찌개 끓이는법 얼큰하니 좋다 ~,https://www.10000recipe.com/recipe/6881430
다짐육,대파,다진양파,바지락,순두부,계란,청양고추,쪽파,고춧가루,식용유&참기름 섞어서,국간장,물,다진마늘,굵은소금,설탕,후추
고기말이와된찌밥 : 고기와 된장찌개를 코스로 먹는 방법은? ,https://www.10000recipe.com/recipe/6929325
소고기,깻잎,부추,들기름,소금,후추,멸치 다시마 육수,된장,쌈장,고춧가루,다진 마늘,애호박,두부,청양고추,양파,땅콩버터,식초,설탕,마요네즈,부순 깨
특별한 찌개가 필요하다면 차돌 된장찌개,https://www.10000recipe.com/recipe/6875085
차돌박이,호박,두부,버섯,대파,쌀뜨물,된장,고추장,진간장,간마늘,설탕,참기름
감자두부국물조림:한 냄비에 찌개 하나 조림 둘,https://www.10000recipe.com/recipe/6888510
두부,감자,양파,물,맛술,국간장,맛간장,고춧가루,다진마늘,파,통깨,들기름
"국물이 일품, ""대패삼겹된장찌개""♪",https://www.10000recipe.com/recipe/6904791
대패삼겹살,두부,감자,무,양파,애호박,대파,청양고추,쌀뜨물,시판용된장,고추장,멸치액젓,다진마늘,고춧가루,설탕
얼큰한 두부찌개 만들기 - 양싸,https://www.10000recipe.com/recipe/6861515
두부,대파,청양고추,새우젓,고춧가루,들기름,소금,다진마늘,국간장
차돌박이된장찌개 만드는 법,https://www.10000recipe.com/recipe/6865062
차돌박이,양파,호박,두부,청양고추,버섯,대파,소금,후추,다시육수
새마을식당 7분김치찌개 만들기,https://www.10000recipe.com/recipe/6846655
김치,돼지고기,양파,파,김치국물,간장,고춧가루,다진마늘,다시다
백종원 새마을식당 7분김치찌개 만들기 초간단 돼지고기 김치찌개 만드는 방법,https://www.10000recipe.com/recipe/6886109
돼지고기앞다리살 약,김치,대파,된장,쌀뜨물,맛술,고추가루,다진마늘,간장
제철요리 홍합탕 만드는 법 : 시원한 국물맛이 예술이네 ~ ,https://www.10000recipe.com/recipe/6866282
홍합,대파,양파,청양고추,다진 마늘,소금
해장으로도 좋은 칼칼하고 시원한 새우젓두부찌개,https://www.10000recipe.com/recipe/6830203
두부,파,다진마늘,청양고추,새우젓,고춧가루
사리곰탕면 부대찌개 끓이기 와! 이럴수가~,https://www.10000recipe.com/recipe/6895149
사리곰탕라면,스팸,소세지,김치,양파,대파,다진고기,다진마늘,고춧가루,국간장,액젓,후추,물
구수한 밥도둑 된장찌개 황금레시피,https://www.10000recipe.com/recipe/6905706
쌀뜨물 또는 물,애호박,두부,양파,표고버섯,청양고추,대파 흰부분,된장,다진마늘,고춧가루
참치고추장찌개 만드는 법 - 간단 찌개 만들기,https://www.10000recipe.com/recipe/6915707
참치,양파,대파,감자,두부,애호박,청양고추,다진 마늘,고추장,고춧가루,액젓,맛술,설탕,큰술 - 밥숟가락,인원 -
전주식 콩나물탕- 수미네반찬 10회,https://www.10000recipe.com/recipe/6893873
다시마,멸치,밴댕이,대파뿌리,콩나물,다진 마늘,새우젓,청양고추,통깨,계란,고춧가루
"불린콩 갈아서 콩비지 만드는 법, 보관법, 김치비지찌개까지 한번에 보세요~",https://www.10000recipe.com/recipe/6952515
백태,물,콩비지,신김치,돼지고기,대파,청양고추,김치국물,쌀뜨물,들기름,새우젓,고춧가루,소주,설탕,다진마늘
【초간단으로 놀부부대찌개 완벽하게 따라잡는 비법~!!】,https://www.10000recipe.com/recipe/6868533
스팸,비엔나+일반햄,대파,양파,김치,다짐육,사리곰×스프,다진마늘,고춧가루,멸치액젓,국간장,후추
얼큰한 백종원 콩나물찌개,https://www.10000recipe.com/recipe/6832049
식용유 ,대파,콩나물,돼지고기간것,물,대파,청양고추,홍,고추가루 ,새우젓,소금,간장
♥[신혼밥상] 삼겹살 고추장찌개,https://www.10000recipe.com/recipe/6927754
삼겹살,멸치다시다육수,감자,애호박,양파,두부,대파,청양고추,새우젓,고추장,고춧가루,국간장,멸치액젓,다진마늘,생강가루
고추장찌개 매콤한 참치감자찌개,https://www.10000recipe.com/recipe/6910776
감자,양파,참치캔,대파,고추장,간장,참기름,다진마늘,고춧가루,설탕,물
식당보다 맛있는 간단 부대찌개 레시피,https://www.10000recipe.com/recipe/6924025
스팸 +비엔나,두부,대파,양파,김치,사골곰탕,고춧가루,고추장,간장,다진마늘,후추
TV요리) 얼큰소주안주 ♥ 매운당면찌개,https://www.10000recipe.com/recipe/6891879
당면,잡채용 돼지고기,시금치,양파,대파,새송이버섯,청양고추,물,물,새우젓,참기름,다진마늘,고추장,굵은고춧가루,국간장,액젓
"꽃게탕 끓이는 법, 시원하고 얼큰한 국물요리",https://www.10000recipe.com/recipe/6898141
꽃게,무,양파,호박,대파,홍고추,청양고추,쌀뜨물,손바닥만 한 크기 다시마,된장,고추장,고춧가루,미림,국간장,다진 마늘,다진 생강,소금
누구나 쉽게 만드는 칼칼하게 매운! 초간단 백종원 김치찌개 레시피,https://www.10000recipe.com/recipe/6905697
김치,돼지고기 앞다리살,양파,청양고추,고춧가루,간장,설탕,다진마늘
♥[신혼밥상] 시원 칼칼 순두부찌개,https://www.10000recipe.com/recipe/6918751
순두부,대파,양파,애호박,팽이버섯,달걀,고춧가루,설탕,국간장,굴소스,다진마늘
집밥백선생 콩나물찌개,https://www.10000recipe.com/recipe/6831807
콩나물,돼지고기,양파,버섯 한,파,청홍고추,식용유,굵은 고춧가루,물,진간장,멸치액젓,소금,다진마늘 한
얼큰 칼칼한 코다리 맑은탕,https://www.10000recipe.com/recipe/6918159
코다리,무,대파,청양고추,다시백,양파,물,고운소금,참치액,생강맛술,다진마늘,후추
구수한 들깨 된장찌개,https://www.10000recipe.com/recipe/4270033
된장,들깨가루,호박,양파,홍고추,청양고추,대파조금 감자,다진마늘,두부,다싯멸치,다시마,대파,양파,물
"""돼지고기 고추장찌개""♪",https://www.10000recipe.com/recipe/6841751
돼지고기,감자,당근,양파,호박,대파,물,멸치액젓,고추장,고춧가루,간장,다진마늘
[얌무진 레시피]부대찌개보다 더 쉽고 맛있잖아...? 부대덮밥 만들기,https://www.10000recipe.com/recipe/6882329
비엔나 소시지,스팸 작은 캔,대파,체다치즈,물,고추장,고춧가루,다진 마늘
우리집 저녁 메뉴-돼지고기 고추장찌개,https://www.10000recipe.com/recipe/6875012
찌개용 돼지고기,애호박,양파,대파,청양고추,두부,국물용멸치,다시마,대파뿌리,물,맛술,간장,다진마늘,고추가루,고추장,식용유,소금,후추
시원칼칼♥참치두부찌개,https://www.10000recipe.com/recipe/6887942
두부,참치,양파,대파,청양고추,쌀뜨물,고춧가루,간장,설탕,다진마늘,새우젓,참기름
돼지고기 감자찌개 끓이기,https://www.10000recipe.com/recipe/4531021
삼겹살,감자,양파,대파,홍고추,청양고추,멸치육수,소금,후추,다진마늘,설탕,고춧가루,국간장,고추장
대패삼겹살 두부찌개 : 제육볶음 같으면서 찌개같은 깜찍한 혼종,https://www.10000recipe.com/recipe/6925083
대패삼겹살,두부,양파,대파,멸치육수,소금,후추,설탕,고춧가루,맛술,간장,멸치액젓,참기름,고추장,다진마늘
순두부찌개 만들기,https://www.10000recipe.com/recipe/4168957
참치,김치잎,파,양파,순두부,김칫국물,고춧가루,다진마늘,설탕,고추장,집간장,김칫국물,고춧가루,다진마늘,설탕,고추장,집간장
얼큰한 두부고추장찌개,https://www.10000recipe.com/recipe/4000677
돼지고기,애호박,감자,양파,청양고추,송송썬파,두부,다진마늘,고추장,물
애호박찌개 수미네반찬 레시피 맛납니다.,https://www.10000recipe.com/recipe/6935931
애호박,돼지고기,양파,대파,청양고추,다진마늘 크게,매실액,후추,새우젓,고추장,고추가루
명란국/명란맑은찌개:아침국으로 해장국으로 굿굿 베리굿,https://www.10000recipe.com/recipe/6863534
백명란,두부,감자,양파,다진마늘,다진파,새우젓,멸치육수
돼지고기 고추장찌개 감자와 보글보글,https://www.10000recipe.com/recipe/6908745
돼지고기,감자,양파,애호박,청양고추,대파,식용유,멸치육수,고춧가루,고추장,새우젓,국간장,맛술,후추
소고기당면찌개로 따뜻하고 얼큰하게☆,https://www.10000recipe.com/recipe/6904814
소고기,불린 당면,청양고추,애호박,두부,대파,멸치다시마육수,고춧가루,다진마늘,국간장,새우젓,후추
이건 감자탕이 아닌 감자탕맛찌개 ★,https://www.10000recipe.com/recipe/6915544
멸치육수,감자,양파,대파,삶은 시래기,찌개용 돼지고기,묵은지,청주,청양고추,들깨가루,후추,식용유,고춧가루,다진 마늘,고추장,된장,국간장,다진 생강
애호박 감자찌개,https://www.10000recipe.com/recipe/1922328
감자,양파,애호박,대파흰부분,청양고추,국물멸치,다시마,물,다진마늘,된장,고추장
쓴맛나지 않게~ 동태찌개 끓이는 법(김진옥요리가좋다),https://www.10000recipe.com/recipe/6904659
동태,무,대파,양파,두부,홍고추,청양고추,쑥갓,멸치다시마육수,고춧가루,고추장,된장,다진마늘,국간장,미림,멸치액젓,후춧가루,소금
고깃집에서 먹는 '차돌된장찌개',https://www.10000recipe.com/recipe/6946957
차돌박이,청양고추,감자,대파,양파,애호박,두부,된장,고추장,간 마늘,고춧가루,액젓
