갈비찜,추천순,193
매콤 돼지갈비찜,https://www.10000recipe.com/recipe/6910133
돼지갈비,감자,양파,대파,진간장,간마늘,고추가루,고추장,올리고당,설탕,참기름,후추
스테이크용 척아이롤으로 갈비찜 만드는 방법. 40분 완성! 초초초간단 갈비찜 만들기,https://www.10000recipe.com/recipe/6900994
소고기 척아이롤,감자,양파,당근,맛술,간장,물엿,설탕,간양파,참기름,쪽파,다진마늘,후추
돼지 등갈비찜 만들기 간장소스로 만드는 황금레시피 ,https://www.10000recipe.com/recipe/6900758
등갈비,월계수 잎,통후추,물,설탕,간장,매실액,물엿,맛술,참기름,다진 마늘,마늘
엄청쉬운 밥도둑 집밥백선생 갈비찜 만능소스,https://www.10000recipe.com/recipe/6836214
갈비찜고기,무,당근,양파,표고버섯,파,고추,간장,설탕,맛술,물,다진마늘,참기름,파,다진생강
힘이불끈불근 먹으면 근육빵빵 ★ 갈비찜덮밥 ★,https://www.10000recipe.com/recipe/6916995
돼지갈비,밥,실고추,간장,설탕,맛술,배음료,다진마늘,다진생강,후추
꿀처 돼지갈비찜,https://www.10000recipe.com/recipe/6872886
돼지갈비,감자 중간거,당근 작은거,양파,대파,마늘,간장,설탕,매실청,올리고당,생강가루,후춧가루,맛술,깨소금,참기름,물
연말 홈파티 요리로 좋은 매운 등갈비찜 / 치즈 등갈비 ,https://www.10000recipe.com/recipe/6901583
등갈비,모짜렐라치즈,청양고추,고추장,고춧가루,진간장,다진 마늘,설탕,올리고당,굴 소스,매실액,맛술,간양파,참기름,후춧가루
소갈비찜 만드는 법 - 생일상차림 메뉴,https://www.10000recipe.com/recipe/6881450
소갈비,무,당근,대파,배,양파,다진 마늘,간장,올리고 당,굴 소스,맛술,청주,설탕,다진 생강,후춧가루,참기름
매운데자꾸들어가ㅠㅠ ♥매콤돼지갈비찜,https://www.10000recipe.com/recipe/6889081
돼지갈비,대파,소주또는청주,양파,청양고추,고추장,고춧가루,맛술,간장,설탕,후추,다진마늘,월계수잎
묵은지 등갈비찜 ,https://www.10000recipe.com/recipe/6723360
등갈비,묵은지,멸치육수or,간장,고춧가루,다진마늘,설탕,참기름
집에서도 푸짐하게! 매운등갈비찜 만드는법~,https://www.10000recipe.com/recipe/2826128
등갈비,청양고추,떡,물,청주,양파,대파,월계수잎,통후추,고춧가루,간장,다진마늘 매실액,참기름,물엿,맛술,과일즙,소금,후춧가루
압력솥 돼지갈비찜 어버이날 추천 음식,https://www.10000recipe.com/recipe/6932278
돼지갈비,무,당근,마늘,통후추,양파,대파,간장,설탕,다진 마늘,후추,참기름
백종원 돼지갈비찜 황금레시피,https://www.10000recipe.com/recipe/6934624
돼지갈비,당근,양파,새송이버섯,감자,무 5cm,대파,물,청양고추,간장,물,맛술,설탕,참기름,다진마늘,다진파,생강가루,후추,건표고
추석에 단짠단짠 등갈비찜 어때요?,https://www.10000recipe.com/recipe/6918567
등갈비,양파,사과,무,간장,맛술,설탕,마늘,물엿,굴소스,참기름,물
달달하고 쫀득한 간장 등갈비찜 ,https://www.10000recipe.com/recipe/6955914
등갈비,월계수잎,통후추,맛술,양파,다진마늘,파인애플통조림,생강즙,진간장,올리고당,참기름,깨,후추,식용유
(추석음식)바싹불고기:갈비찜보다 쉽고 불고기보다 특별하다,https://www.10000recipe.com/recipe/6856966
소고기불고기감,맛간장,배,참기름,양파,식용유,견과류,감자전분,다진마늘,후추,식용유,잣, ,맛간장,맛술,설탕
(집에서 즐기는 술안주) 돼지갈비찜 / 매운돼지갈비찜,https://www.10000recipe.com/recipe/6876575
돼지갈비,양파,대파,콩나물,청양고추,고추장,고춧가루,진간장,다진 마늘,설탕,올리고당,굴 소스,매실액,맛술,양파,참기름,후춧가루
백종원갈비찜 만드는법,https://www.10000recipe.com/recipe/6911540
소고기 찜용,감자,당근,양파,대파,청양고추,진간장,설탕,맛술,다진마늘,생강 or생강가루,참기름,물
스트레스 해소 매운갈비찜,https://www.10000recipe.com/recipe/6953022
갈비,사태살,물,대 파,마늘,월계수잎,통후추,간장,청주,고추장,고춧가루,청양고춧가루,매실,올리고당,참기름,다진마늘,후추,대파,청양고추,육수
백종원따라잡기 매콤달콤 등갈비찜!,https://www.10000recipe.com/recipe/6840925
돼지등갈비,양파큰거,감자,떡,물,청주,통후추,깨,고추장,고추가루,진간장,맛술,올리고당,황설탕,다진마늘,파 송송
치즈를 얹은 매운 등갈비찜,https://www.10000recipe.com/recipe/6935635
돼지고기 등갈비,떡볶이 떡,모짜렐라 치즈,통후추,월계수잎,대파,생강,마늘,소주,정향,고춧가루,고추장,간장,꿀,맛술,생강즙,다진마늘,양파,홍고추,갈비육수
단짠단짠 돼지등갈비찜 만드는법,https://www.10000recipe.com/recipe/4035668
돼지등갈비,된장,양파,딸기쨈,간장,정종,사과즙,다진마늘,후추가루
등갈비찜,https://www.10000recipe.com/recipe/6905963
등갈비,양파즙,당근 4분의,감자중간싸이즈,양파,파,간장,설탕,후추,마늘,술,미림,참기름,물
백종원레시피로 빠르게 만든 돼지갈비찜,https://www.10000recipe.com/recipe/6895756
돼지갈비,무,당근,양파,청양고추,대파,간장,맛술,설탕,물,썰은 대파,마늘,참기름,생강
부드럽고 단짠 돼지갈비찜 맛있게 만들기,https://www.10000recipe.com/recipe/6911025
돼지갈비,양파,대파,청양고추,된장,진간장,설탕,다진마늘,매실청,사과즙,후추가루
가끔씩 먹어줘야 하는 매운갈비찜,https://www.10000recipe.com/recipe/6903699
돼지갈비,청주,대파,생강,물,간장,매운 고추장,매운고춧가루,올리고당,청주,다진마늘 2큰술 다진생강,참기름,배즙,후추,물
뼈가 쏙 빠지는 부들부들 간장 돼지갈비찜,https://www.10000recipe.com/recipe/6613681
돼지갈비,감자,양파,당근,간장,설탕,맛술,다진마늘,생강가루,참기름,대파
갈비찜 ,https://www.10000recipe.com/recipe/6946122
돼지갈비,감자,양파,대파,당근,버섯,밤,청양고추,진간장,설탕,물,맛술,파,참기름,다진마늘,다진생강
매운돼지갈비찜~ 주말요리 나 퇴근 후 소주한잔용 저녁메뉴로 딱 어울리는 갈비찜입니다~,https://www.10000recipe.com/recipe/6839069
돼지갈비,진간장,미림,설탕,후추,다진마늘,굵은고추가루,청양고추가루,다진파,진간장,후추가루,굴소스,물엿,미림,생강가루,참기름,맛소금,설탕,물
소갈비찜 하는 법,https://www.10000recipe.com/recipe/6928568
소갈비 800g~,무,당근,대파,간장,물,맛술,설탕,다진 마늘,참기름,생강가루
당면 돼지갈비찜,https://www.10000recipe.com/recipe/6909518
돼지갈비,당면,당근,애호박,새송이버섯,양파,대파,키위,통마늘,월계수잎,물,간장,설탕,물엿,다진마늘,후추
(집에서 즐기는 술안주) 소갈비찜 - 생일상차림,https://www.10000recipe.com/recipe/4276676
소 찜 갈비,감자,당근,청양고추,다진 대파,설탕,올리고당,맛술,매실액,진간장,다진 마늘,참기름
매운 소갈비찜 만드는 법 ♬동인동 찜갈비 황금레시피,https://www.10000recipe.com/recipe/6881862
소갈비,감자,양파,새송이버섯,대파,팽이버섯,당근,불린 당면,간장,고춧가루,고추장,설탕,꿀,미림,후추
할로윈에 어울리는 맛있는 호박귀신! 단호박 등갈비찜 ★ ,https://www.10000recipe.com/recipe/6920401
단호박,돼지등갈비,소금,후추,전분가루,식용유,간장,올리고당,맛술,굴소스,후추
백주부의 매콤한 돼지갈비찜(탕)~손님접대음식에 딱이쥬~,https://www.10000recipe.com/recipe/6920585
돼지갈비,양파,당근,감자,고구마 작은것,월계수잎,깻잎,대파 큰것,고추장,다진마늘,고추가루,진간장,설탕,올리고당,후추가루,생강가루,들기름,갈비삶을때 올리고당
이색요리 흔한 양념이 아닌 색다른 레시피로 중화풍돼지갈비찜,https://www.10000recipe.com/recipe/6944277
돼지갈비,소주,양파,물,굴소스,두반장,마늘,간장,고추가루,꿀
수미네 묵은지등갈비찜,https://www.10000recipe.com/recipe/6920088
등갈비,묵은지,양파,청양고추,대파,물,김치국물,된장,월계수잎,다진마늘,간장,고춧가루,매실액,후추가루,물
등갈비찜 황금 양념 레시피,https://www.10000recipe.com/recipe/6905744
돼지등갈비,감자,당근,간장,설탕,참기름,맛술,물,다진파,간마늘,사과,양파,생강
매콤달콤 돼지갈비찜,https://www.10000recipe.com/recipe/6881003
돼지갈비,물,꿀,양파,다진마늘,다진파,설탕,고추가루,생강술,간장,올리고당,굴소스,참기름,후추
꿀처 묵은지 등갈비찜,https://www.10000recipe.com/recipe/5289374
등갈비,김치,대파,월계수잎,달랑무김치국물,고춧가루,생강가루,후춧가루,맛술,다진마늘,설탕,소금
단짠하게 먹는 돼지갈비찜,https://www.10000recipe.com/recipe/6873018
돼지갈비,대파,당근,간장,설탕,다진마늘,생강,미림,후춧가루,참기름
매운 갈비찜 ,https://www.10000recipe.com/recipe/6898761
돼지갈비,청량고추,대파,다진마늘,고추장,고춧가루,설탕,간장
입에 착 달라붙는 양념으로 만든 돼지등갈비찜 레시피,https://www.10000recipe.com/recipe/6834196
돼지 등갈비,쪽파,청양고추,깨,물,간장,굴소스,설탕,맛술,꿀,통마늘,참기름,깨,청양고추,양파,물
알토란 시래기등갈비찜 임성근샘 ...강추,https://www.10000recipe.com/recipe/6924929
시래기,등갈비,현미유,물,진간장 반,중간 고춧가루 반,된장,고추장,다진마늘,생강즙,맛술,물엿,설탕,대파,꽈리고추,참기름,물,들깨가루,후추
뼈가 쏘옥 빠지는 보들보들 맛있는 갈비찜 만들기,https://www.10000recipe.com/recipe/6898935
한우갈비,와인,무,당근,대파,청양고추,양파,표고버섯,파프리카,피망,다진마늘,생강,간장,참기름,설탕,생수
돼지고기 갈비찜 ,https://www.10000recipe.com/recipe/6941536
돼지갈비,불린 당면,고구마,양파,당근,대파,홍고추,물,간장,굴 소스,맛술,설탕,다진 마늘,생강가루,후춧가루,참기름
【황금레시피】돼지갈비찜 만들기~,https://www.10000recipe.com/recipe/6905008
돼지갈비,배,양파,당근,무,대파,양조간장,소주,물,설탕,다진마늘,참기름,생강청
"추석음식, 생일상차림에 빠질 수 없는 돼지갈비찜 레시피로 코로나 극복!",https://www.10000recipe.com/recipe/6868134
표고버섯,돼지갈비,양파,당근,고구마,밤,양파,간장,매실액,후추,다진마늘,참기름,다진생강,청주
"간장등갈비 황금레시피, 단짠단짠 중독성 있는 양념장 맛있는 집밥 메뉴 돼지등갈비찜",https://www.10000recipe.com/recipe/6942662
돼지 등갈비,감자,당근,대파,단호박,월계수잎,대파,블랙 커피,물,소주,간장,맛술,다진 마늘,설탕,올리고당,참기름,후춧가루
압력솥으로 만든 등갈비찜..,https://www.10000recipe.com/recipe/6944201
등갈비,참기름,월계수잎,생강술,시판용돼지갈비양념,물,참치액,생강술,다진마늘,간장,참기름,후춧가루
매운치즈등갈비 매운등갈비찜 황금레시피,https://www.10000recipe.com/recipe/6923283
돼지등갈비,대파,다진마늘,청양고추,당근,모짜렐라치즈,고추장,고춧가루,굴소스,간장,맛술,올리고당,참기름,소금,후춧가루,통깨
"매운돼지갈비찜, 매콤등갈비찜만들기",https://www.10000recipe.com/recipe/6940675
돼지등갈비,감자,양파,청양고추,통후추,월계수잎,소주,고추장,고춧가루,청양고춧가루,다진마늘,다진생강,설탕,올리고당,간장,굴소스,맛술,참기름,후추,물
압력솥 소갈비찜! 부드럽게 소 갈비찜 만드는 방법,https://www.10000recipe.com/recipe/6892164
소갈비,무,당근,표고버섯,밤,양파,배,진간장,설탕,맛술,마늘,후추,생강,대파,PN풍년 압력솥,샤르텐솔리도IH궁중팬,꾸노멀티미니믹서
"시래기 돼지등갈비찜, 크리스마스 메뉴 추천",https://www.10000recipe.com/recipe/6894864
등갈비,껍질 벗긴 시래기,대파,양파,청양고추,홍고추,멸치 다시마 육수,통깨,고추장,고춧가루,간장,맛술,매실청,올리고당,된장,다진 마늘,다진 생강
매운 돼지갈비찜 생생정보 황금레시피,https://www.10000recipe.com/recipe/6902266
돼지갈비,양파,당근,대파,깐 밤,청양고추,홍고추,원 레시피에는 돼지갈비,당근,양파,대파,홍고추,밤은,간장,설탕,청주,다진 마늘,간 생강,물엿,참기름,굴 소스,계핏가루,참깨,간 양파,간 파인애플,간 키위,간 배,물,원 레시피의 설탕은,일반 고춧가루,청양고춧가루,원 레시피 1:
{황금레시피} 부드러운 소갈비찜 쉽게 만들기! 외식 부럽지않아요~,https://www.10000recipe.com/recipe/6907610
소갈비,당근,무,밤,은행,땡초,물,간장,설탕,올리고당,다진마늘,맛술,참기름,배즙,굴소스,후추,생강가루
생신상요리 소갈비찜 만드는법! 세젤맛!ㅋㅋ,https://www.10000recipe.com/recipe/6905673
된장,양파,대파초록부분,통후추,월계수잎,갈비,무,당근,감자,대파 흰부분,간장,간 양파,마늘,다진생강,후추,설탕,맛술,참기름,물엿
단짠단짠 돼지등갈비찜! 아이반찬 저격:),https://www.10000recipe.com/recipe/6860393
등갈비,대파,양파,통후추,월계수잎,다진마늘,양파,당근,대파,사과,양파,배즙,간장 종이컵,설탕,다진마늘,맛술,올리고당,들기름
백종원 소갈비찜 레시피 소갈비양념 맛있게 만들기,https://www.10000recipe.com/recipe/6931326
소갈비,당근,무,양파,대추,대파,간생강,통마늘,간마늘,참기름,후추,간장,설탕,맛술,물
쉬운 돼지갈비찜 만들기,https://www.10000recipe.com/recipe/6954563
돼지갈비,꼬마 새송이버섯,당근,무,고구마,양파,대파,물,간장,설탕,다진 마늘,참기름,다진 파,후추,청양고추
대충만들어도 맛있는 매콤 등갈비찜,https://www.10000recipe.com/recipe/6949660
돼지등갈비,대파,마늘,월계수잎,버섯,감자,양파,청양고추,당면,고추장,고추가루,설탕,후추,식초,참기름,간장,참깨,소금,후추
잔칫상에 빠지면 섭섭한 돼지갈비찜 황금레시피,https://www.10000recipe.com/recipe/6938625
돼지갈비,대파,양파,간장,배즙,다진마늘,맛술,참기름,올리고당,설탕,후춧가루,깨
백종원 소갈비찜 만드는법 (남편생일상 메뉴) 간단하고 맛있어요:),https://www.10000recipe.com/recipe/3392973
소갈비,당근,무,감자,청양고추,간장,설탕,맛술,물,다진생간,다진마늘,올리고당,후추,참기름,간양파,사과or 배
궁중갈비찜,https://www.10000recipe.com/recipe/6937662
소갈비,갈비를 삶은 물,청주,대파,통후추,마늘,고구마,감자,당근,양파,대파,홍고추,당면,알감자만두,고기육수,간장,설탕,대파,다진마늘,다진양파,참기름,후춧가루,통깨
가족의 건강을 생각한 단호박 돼지갈비찜,https://www.10000recipe.com/recipe/6796369
돼지등갈비,진간장,꿀,가루 마늘,생강,후춧가루,단호박,돼지감자,통마늘,당근,물
돼지갈비찜 양념 황금레시피 갈비는 손으로 뜯어 먹어야 제맛!,https://www.10000recipe.com/recipe/6871048
돼지갈비,감자,당근,대파,양조간장,설탕이나 올리고당,맛술,다진 마늘,후추,참기름,잘게 다진 대파
부들부들~~ 연한 갈비찜 만들기,https://www.10000recipe.com/recipe/6883771
소갈비,당근 굵게,감자 ,마른표고버섯,물,간장,양파,사과,대파 뿌리,생강,간마늘,설탕,후춧가루,참기름,물,소금
달콤하고 부드러운 특식! 돼지갈비찜,https://www.10000recipe.com/recipe/6873797
갈비찜용 돼지고기,양파,당근,고구마,양파,배,사과,후추,다진마늘,양조간장,쯔유,꿀 국자,물,매실액,소주
매운등갈비찜 만들기,https://www.10000recipe.com/recipe/6954094
등갈비,감자,양파,양송이버섯,표고버섯,당근,대파,홍고추,청양고추,콩나물,고춧가루,고추장,다진마늘,다진파,진간장,후추,설탕,생강가루,천연조미료
매운등갈비찜 만드는 법,https://www.10000recipe.com/recipe/6104268
등갈비,월계수잎,커피가루,찜용 콩나물,새송이버섯,넙적당면,대파,양파,통후추,통마늘,간장,고추장,고춧가루,올리고당,설탕,다진마늘,소주,참기름
매운돼지갈비찜 매운양념 만들기,https://www.10000recipe.com/recipe/6835748
돼지갈비,고구마,대파,양파,당근,청양고추,통깨, ,간장,맛술,고추장,청양 고춧가루,매운 굴소스,마늘,생강가루,설탕,올리고당,소금,후추,참기름
부드럽고 맛있는 돼지갈비찜 황금레시피,https://www.10000recipe.com/recipe/6880870
돼지갈비,대파,양파,당근,청양고추,된장,간장,맛술,다진마늘,후춧가루,올리고당,통깨
매운 등갈비찜 만들기,https://www.10000recipe.com/recipe/6862598
등갈비,양파,마늘,대파,월계수잎,청양고추,고추장,간장,요리당,청주,마늘,후추
소갈비찜 황금레시피,https://www.10000recipe.com/recipe/6941444
소갈비,양파,배,당근,대파,황설탕,간장,매실청,다진마늘,후추,깨,맛술,청주,설탕,물엿,참기름
등갈비찜 만들기,https://www.10000recipe.com/recipe/4554802
등갈비,무,당근,양파,각종 버섯,대파,간장,설탕,맛술,다진마늘,다진생강,참기름,물,송송 썬 대파
"명절 전에 알아 두면 좋은 요리 ""돼지갈비찜""",https://www.10000recipe.com/recipe/6949145
돼지갈비,양파,표고버섯,당근,꽈리고추,대파,통마늘,진간장,물,설탕,맛술,대파,다진 마늘,생강,참기름
맛있게 매콤한 매운 소갈비찜 레시피,https://www.10000recipe.com/recipe/6841346
소갈비,콩나물,양파,파,청양고추,팽이버섯,당면,물,고추장,고춧가루,간장,다진마늘,맛술,설탕,후추,소금,다진마늘,참기름
소갈비찜♡정성 가득 엄마 손맛~,https://www.10000recipe.com/recipe/6951643
소갈비,감자,표고버섯,물,사과,양파,다진마늘,다진생강,간장,맛술,소주,올리고당,설탕,참기름,후추가루
맛있게 만든 돼지갈비찜 ,https://www.10000recipe.com/recipe/6917076
돼지갈비,알감자,당근,대파,올리고당,후추,미림,백숙용재료,통후추,통깨,사과,배,양파,진간장,통마늘,매실액,설탕
매운돼지갈비찜 황금레시피 ,https://www.10000recipe.com/recipe/6932162
돼지갈비,감자,당근,양파,대파,청양고추,고추장,고춧가루,간장,다진마늘,설탕,굴소스,매실액,맛술,후추,양파,청양고추
기름기를 쫙 뺀 ★돼지갈비찜★,https://www.10000recipe.com/recipe/6948101
돼지갈비,감자 중,당근,양파,간장,참치액,맛술,다진마늘,대파,참기름,깨소금,후추,올리고당
힘이 불끈 통마늘을 올린 '단호박 돼지갈비찜',https://www.10000recipe.com/recipe/6843725
돼지갈비,뉴질랜드단호박,통마늘,깐은행,당근,건대추,월계수잎,감자,진간장,배,다진마늘,생강즙,통참깨,양파,감초우린물,참기름,통후추,설탕,매실청
여름 보양식 돼지갈비찜 황금레시피 야들 야들 입에서 녹아요,https://www.10000recipe.com/recipe/6894613
돼지갈비,무,양파,당근,대파,고구마,사과,마늘,쌀뜨물,소주,월계수잎,깨소금,갈비 삶은물,진간장,설탕,후추,참기름
마늘돼지갈비찜 - 매운돼지갈비찜 양념 #설날음식,https://www.10000recipe.com/recipe/6869422
돼지갈비,마늘,사과,양파,대파,사골육수,간장,청양고춧가루,매실액,고춧가루,배,양파,된장,배,마늘,생강가루,굵은소금
매운갈비찜,https://www.10000recipe.com/recipe/6917052
소갈비찜용,감자,대파,정종,통후추,진간장,고추가루,다진마늘,조청,설탕,고추장,매실액,참기름,미림,생강가루,후추,소금,양파,사과,청양고추
돼지갈비찜 만들기,https://www.10000recipe.com/recipe/6864375
돼지갈비,당근,양파,대파,다진마늘,간장,물엿,맛술,간장,물엿,매실,소주,다진마늘,갈아놓은 양파,후추
추석 명절 음식 맛있는 소갈비찜 만들기. 바쁜일상 시판양념 활용해요.,https://www.10000recipe.com/recipe/5904414
소갈비,갈비양념,당근,밤,청양고추
"명절 때, 칭찬 받는 소갈비찜 만들기",https://www.10000recipe.com/recipe/6833547
소갈비,무,당근,표고버섯,통 깨,파 ,마늘,간장,콜라,카누커피,간 양파 ,간 배 ,청주나 소주,참기름,맛 술,파,매실청,다진 마늘,설탕,후 추,생강,대추,밤,은행
둘이 먹다가 둘 다 죽는 소갈비찜 만들기,https://www.10000recipe.com/recipe/6897170
소갈비,무,당근,양파,생표고,대추,대파,고추,진간장,물,사과청,생강가루,깨소금,통깨,청주,후춧가루,참기름,다진 마늘,간 양파,간 사과
돼지갈비찜 황금레시피 압력솥으로 부들부들하게 만드는 법,https://www.10000recipe.com/recipe/6895063
돼지갈비,양파,통마늘,대파,홍고추 ,청양고추 ,단호박,떢볶이떡 ,통깨,물,엄지손가락만 한 생강,된장,월계수잎,미림,양파,키위,통마늘,미림,물,진간장,설탕,굴소스,참기름
소갈비찜 만들기,https://www.10000recipe.com/recipe/6832465
소갈비,대파,당근,감자,통마늘,소주,매실엑기스,간장,설탕,마늘,후춧가루,배즙,양파간것
돼지등갈비찜 단짠단짠 아이들반찬으로 좋아,https://www.10000recipe.com/recipe/6896567
돼지등갈비,감자,양파,각종채소,청양고추,간장,맛술,간마늘,후추,설탕,올리고당
백종원 갈비찜 황금레시피!! 이렇게 간단한거였어!?,https://www.10000recipe.com/recipe/5405180
돼지갈비,무,감자,당근,표고버섯,진간장,설탕,맛술,물,다진마늘,생강,파,참기름,생수
부드러운 돼지갈비찜,https://www.10000recipe.com/recipe/6935485
돼지갈비,간장,다진마늘,다진생강,미림,설탕,꿀,후춧가루
"집들이, 손님초대 요리 과일 소 갈비찜❣",https://www.10000recipe.com/recipe/6872925
소갈비,양파,대파,양파 작은것,다진마늘,배,파인애플,들기름 또는 참기름,간장,올리고당,황설탕,후춧가루
백종원 갈비찜 만능소스 레시피 ,https://www.10000recipe.com/recipe/6883195
돼지갈비 찜용,감자,무,당근,대파,진간장,설탕,맛술 or 청하,물,다진마늘,참기름,대파,다진생강 or 생강가루
매운등갈비찜,https://www.10000recipe.com/recipe/6911458
등갈비,월계수잎,통후추,떡볶이떡,감자,사과,양파,고추장,고춧가루,맛술,다진마늘,다진생강,굴소스,간장,매실,올리고당
"돼지갈비찜, 단호박에 넣어 맵지않게",https://www.10000recipe.com/recipe/6843083
돼지갈비,단호박,감자,당근,양파,전복,대파,표고버섯,파프리카 빨·주·노,청양고추,집에 있는 치즈,간장,고춧가루,조청 or 물엿,설탕,다진 마늘,참기름,후추,생강 아주
소갈비찜 만드는법,https://www.10000recipe.com/recipe/6630558
소갈비,소주,무,당근,밤,대추,양파,키위,배,물,간장,매실청,다진마늘,참기름,미림,올리고당,후추
맵지 않은 등갈비찜,https://www.10000recipe.com/recipe/6868830
등갈비,당근,감자,파,통깨,물,월계수잎,대파,통후추,생강,사과,배,양파,양조간장,설탕,후추,생강,마늘
매운 등갈비찜,https://www.10000recipe.com/recipe/6834498
돼지등갈비,대파,간장,양파청,생강술,설탕,다진마늘,참기름,깨,후춧가루,고추가루
부드러운 소갈비찜 레시피,https://www.10000recipe.com/recipe/6694987
소갈비 찜용,표고버섯,당근,깐밤,파인애플통조림,양파,마늘,대파,진간장,매실청,올리고당,설탕,소금,맛술
매운 등갈비찜,https://www.10000recipe.com/recipe/3617876
돼지고기등갈비,양파,대파 10cmX,당근,청양고추,청주,통후추,밤,배,키위,마늘,대파,고춧가루,진간장,고추장,올리고당,청주,후춧가루,참기름,생강가루
<묵은지 등갈비찜>끝없이 먹게되는 참 맛있는 등갈비 김치찜♥ 진짜 맛있어요!,https://www.10000recipe.com/recipe/6952347
등갈비,신김치,멸치육수,대파,청양고추,홍고추,마늘,후추,다시마 10x10cm,물,고춧가루,다진마늘,김칫국물,청주,참기름,후추
돼지갈비찜 만드는 법 ,https://www.10000recipe.com/recipe/6841721
돼지갈비찜용,양파,배,감자,무우,당근,맛술,대파,통후추,커피,조림간장,배즙,양파즙,마늘,설탕,올리고당
말복에는 갈비찜보다 값싸고 맛있는 소고기 사태찜 추천♡,https://www.10000recipe.com/recipe/6884297
소고기 사태,생율,당근,무,진간장,흑설탕,정종,통후추,홍고추,통마늘,대파,양파,월계수잎,전분,참기름
밥도둑 묵은지갈비찜 레시피,https://www.10000recipe.com/recipe/4112658
돼지갈비,묵은지,대파,양파,다진마늘,된장,간장,매실액기스,고추가루,멸치육수,설탕
온가족이 좋아하는 돼지갈비찜,https://www.10000recipe.com/recipe/6938791
돼지갈비,무,당근,간장,맛술,양파 중,사과,후추가루,다진마늘,다진파,참기름,올리고당,통깨,생강청
"지친 몸의 활력을 되살려 줄
부드러운 소갈비찜",https://www.10000recipe.com/recipe/6835935
소갈비,당근,밤,대추,간장,설탕,대파,올리고당,후춧가루,다진생강,다진마늘,청주,다시마육수
매운돼지갈비찜 만들기 : 칼칼한게 자꾸 땡기는 맛! 매운갈비찜 만드는법,https://www.10000recipe.com/recipe/6876973
돼지갈비,대파,양파,월계수잎,소주,고추장,고춧가루,간장,설탕,다진마늘,맛술,후추
부드러운 소갈비찜 나만의 비법 ,https://www.10000recipe.com/recipe/6868176
소갈비,무우,당근,양파,대파,월계수잎,사과,간장,설탕,미림,다진마늘,생강,꿀,참기름,후추
쇠고기갈비찜,https://www.10000recipe.com/recipe/6925971
쇠고기갈비,무,표고버섯,당근,밤,홍고추,대파,양파,진간장,배즙,설탕,맛술,올리고당,다진 파,다진마늘,생강즙,후추,참기름
[집밥] 돼지갈비찜 만들기 # 백선생 돼지갈비찜 팁,https://www.10000recipe.com/recipe/6884056
돼지갈비찜용,양파,사과,통마늘,생강가루,월계수잎,감자,당근,버섯,통 파,진간장,설탕,맛술,물,간마늘,다진생강,대파,참기름
단짠 돼지 등갈비찜 맛있게 요리 만드는법,https://www.10000recipe.com/recipe/6836780
돼지등갈비,감자,당근,양파,청양고추,대파,된장,조림간장,다진마늘,다진생강,올리고당,설당,참기름,후추,통깨
"명절 남은 갈비찜요리, 매운갈비탕 만들기",https://www.10000recipe.com/recipe/6843492
남은갈비찜,버섯,신김치,소금,고춧가루,국간장
초보도 쉽게 할수있는 간단한 등갈비찜 ,https://www.10000recipe.com/recipe/6897325
등갈비,감자,양파,당근,시판용갈비찜양념
 돼지갈비찜 만들기 어렵지 않아요!!,https://www.10000recipe.com/recipe/2329160
돼지갈비,진간장,국간장,올리고당,물,다진마늘,후추,양파,배
매운 등갈비찜 (코로나극복!),https://www.10000recipe.com/recipe/6905255
돼지등갈비,양파,당근,파,청고추,가래떡,월계수잎,홍고추,돼지갈비양념장,간장,청양고춧가루,후추,양파즙,물,참기름,다진마늘
돼지갈비찜,https://www.10000recipe.com/recipe/6832707
돼지갈비,표고버섯,대파,양파,무,당근,꽈리고추,간장,물,맛술,설탕,간마늘,다진생강,파,참기름
설음식 소갈비찜 만들기 ,https://www.10000recipe.com/recipe/6862619
소갈비,대추,밤,은행,간장,설탕,소금,후추,참기름,마늘,파,맛술,배즙,양파즙
소갈비찜만들기::우리가족 영양식 소갈비찜맛있게 하는법,https://www.10000recipe.com/recipe/6942674
소갈비,감자,당근,홍고추,대파,양파,간장,맛술,배즙,설탕,올리고당,다진마늘,생강즙,매실액,물
"돼지갈비찜레시피,돼지갈비양념장",https://www.10000recipe.com/recipe/6841753
돼지갈비,감자,양파,홍고추,대파,당근,새송이버섯,간장,청주,배음료,참기름,설탕,마늘,생강가루,물엿
한우 갈비 찜 ,https://www.10000recipe.com/recipe/6540989
한우갈비,감자,당근,양파,표고버섯,생강,통마늘,진간장,설탕,다진 생강,후추
실패없는 백선생 돼지갈비찜 만들기,https://www.10000recipe.com/recipe/5860549
돼지갈비,무,당근,양파,표고버섯,파,홍고추,긴간장,물,맛술,설탕,다진마늘,다진파,참기름
야채듬뿍 돼지갈비찜 만들기,https://www.10000recipe.com/recipe/6858155
돼지갈비,당근,양파,표고버섯,대파,간장,물,맛술,설탕,참기름
매운 소갈비찜,https://www.10000recipe.com/recipe/6887243
갈비,간장,굴소스,청주,꿀,후춧가루,건마늘,대파,고춧가루,청양고춧가루,다시마육수
심야식당 묵은지등갈비찜 만들기,https://www.10000recipe.com/recipe/6853049
등갈비,마늘,후추,대파,묵은지,천연 조미료,생강가루,설탕
 갈비찜 - 돼지갈비양념 만드는 법,https://www.10000recipe.com/recipe/6842932
돼지갈비,고구마,양파,새송이버섯,청양고추,홍고추,당근,대파,물,물,맛술,간장,설탕,다진 마늘,참기름,다진 생강
백종원 돼지갈비찜 만드는 법,https://www.10000recipe.com/recipe/6869954
돼지갈비,새송이버섯,양파,무,청양고추,홍고추,당근,대파,간장,물,맛술,설탕,간 마늘,다진 생강,참기름
백종원 돼지갈비찜,https://www.10000recipe.com/recipe/6834717
​돼지갈비 찜용,무,당근,대파,양파,진간장,설탕,맛술,물,다진마늘,참기름,송송썰은 대파,다진생강
입안이 얼얼해지는 매운갈비찜 만들기 ,https://www.10000recipe.com/recipe/6897818
돼지갈비,사과,대파,맛술,고춧가루,진간장,참기름,올리고당,후추,통후추
"소갈비찜 황금레시피, 맛있는 추석 음식 뚝딱! ",https://www.10000recipe.com/recipe/6878686
소갈비,양파,당근,대추,밤,통마늘,은행,표고버섯,건고추,물,간장,조청,배,설탕,다진 마늘,후추,참기름,물,설탕,설탕,대파,물
매운갈비찜,https://www.10000recipe.com/recipe/6847488
돼지갈비,감자,당근,양파,물,고춧가루,진간장,다진마늘,다진 청양고추,설탕,물엿,양파즙,키위즙,맛술,참기름,소금,후춧가루
"LA소갈비찜 황금레시피, 과일양념으로 맛을 낸 설날음식",https://www.10000recipe.com/recipe/6867118
LA갈비,당근,고구마,생밤,있으면 볶은 은행,통깨 조금,사과,양파,배,간장,맛술,다진 마늘,건고추,후추,참기름,다시마
묵은지 등갈비찜,https://www.10000recipe.com/recipe/5425201
등갈비,김치,멸치육수,물,꼬마 전복,다진마늘,고추가루,생강술,김치국물,김치국물,설탕,참기름
초간단 소갈비찜 만들기,https://www.10000recipe.com/recipe/6918782
소갈비,은행,무,양파,맛술,진간장,다진마늘,배즙,설탕,올리고당,후추,생강가루,배즙,다진파,참기름,깨소금
밥솥으로 뚝딱 만든 갈비찜 쉬워요~,https://www.10000recipe.com/recipe/1239207
LA갈비,진간장,배,와인,물엿,마늘,파,참기름,생강,무우,통깨,후추,파인애플
소갈비찜 만들기,https://www.10000recipe.com/recipe/6925477
갈비,사태,감자,당근,대추,청양고추,대파,간장,맛술,설탕,올리고당,소금,양파즙,마늘,배즙,물
백종원 만능간장 : 매운갈비찜레시피,https://www.10000recipe.com/recipe/6829555
돼지갈비,당근,대파,양파,진간장,설탕,맛술,물,다진마늘,생강,파,참기름,고춧가루,청양고추
소갈비찜 만들기,https://www.10000recipe.com/recipe/3139557
한우갈비,당근,밤,은행,대추,통후추,배,양파,설탕,간장,다진파,다진마늘,참기름,맛술,생강가루,후추가루
명절 음식 돼지갈비찜 만들기. 기름을 쫙 빼 밥비벼 먹어도 좋은 돼지 갈비찜.,https://www.10000recipe.com/recipe/6866031
돼지갈비,무,꽈리고추,표고버섯,대추,대파,사과,마늘,생강,청주,간장,설탕,물엿,후추
"""소 갈비찜 황금레시피"" 공유~* ,2tv 생생정보통 레시피 정보, 갈비찜 양념장 만들기~*",https://www.10000recipe.com/recipe/6184885
소갈비,물,설탕,간장,맛술,참기름,간 마늘,간 생강,간 배,간 양파,후추,다진 파,물엿,무 4토막 밤,대추,은행,수삼,고명용 다진 파
돼지 갈비찜 황금레시피,https://www.10000recipe.com/recipe/6837871
돼지고기,감자,양파,당근,새송이버섯,간장,사과즙,다진마늘,된장,참기름
매운 등갈비찜 만들기,https://www.10000recipe.com/recipe/6788204
등갈비,소주,감자,대파, ,맛간장,고추장,고춧가루,물엿,매실액,양파,다진마늘,청양고추,후추
바나나소스라 더 맛있는 돼지갈비찜,https://www.10000recipe.com/recipe/6925147
돼지갈비찜용,당근,무,알밤,대추,대파,생강,월계수잎,바나나,양파,양조간장,흑설탕,다진마늘,물엿,매실청,사과,물,인스턴트커피,다진마늘,생강,월계수잎
맛있게 맵다~매운 돼지갈비찜 황금레시피 ,https://www.10000recipe.com/recipe/6846938
돼지갈비,감자,당근,양파,대파,청양고추,다시마물,월계수잎,통후추,설탕,간장,생강술,다시마물,후추,고춧가루,다진마늘
맛있는 소갈비찜 간단히 만드는법,https://www.10000recipe.com/recipe/6880864
소갈비,무,당근,양파,표고,꽈리고추,쪽파,물,진간장,설탕,맛술,간마늘,생강,참기름,물,사과 갈아서,통후추
황금레시피~반찬이 필요없는 일품요리 묵은지등갈비찜,https://www.10000recipe.com/recipe/6846589
묵은지,등갈비,청양고추,대파,버섯,고추가루,마늘,정종,후추가루,멸치육수
돼지 등갈비찜 맛있게 만드는 법,https://www.10000recipe.com/recipe/6863647
돼지 등갈비,대파,양파,감자,당근,무,마늘,생강즙,간장,물엿 or 올리고 당,맛술,청주,참기름,후추,물,통마늘,생강,월계수잎,물
야들야들한 소갈비찜,https://www.10000recipe.com/recipe/6851070
소갈비,콜라,무,당근,밤,은행,통깨,고추,대파,간장,우스타소스,시판 소갈비찜양념장,매실액,설탕,다진마늘,생강물,깨,참기름,양파,키위
돼지갈비찜 만드는법 ,https://www.10000recipe.com/recipe/6927472
돼지갈비,감자,고구마,당근,떡,밤,은행,양파,간장,통후추,월계수잎,대파나양파,간장,맛술,매실,설탕,다진마늘,다진파,다진양파,물
백종원 소갈비찜 야들야들하니 맛있어요,https://www.10000recipe.com/recipe/6874749
소갈비,감자,당근,대파,생수,설탕,맛술,물,진간장,다진마늘,생강,참기름
"먹으면 먹을수록 땡기는 매운양념 돼지갈비찜, 돼지갈비찜 만들기 ",https://www.10000recipe.com/recipe/6876693
돼지갈비 찜용,감자,양파,대파,청양고추,홍고추,고춧가루,간장,설탕,올리고당,다진마늘,참기름,통깨,생강가루
달콤 등갈비찜,https://www.10000recipe.com/recipe/5914483
등갈비,마늘,양파,생강,양파,배,사과,다진마늘,간장,후추,참기름
돼지갈비찜 맛있게 만드는 법,https://www.10000recipe.com/recipe/5763105
돼지갈비,양파,당근,밤,홍고추,물,간장,대파,다진마늘,다진생강,설탕,청주,후춧가루
마성의 돼지갈비찜,https://www.10000recipe.com/recipe/6876505
돼지갈비,무우,된장,당근,양파,대파,간장,설탕,올리고당,다시마물,월계수잎,통후추,생강가루,대파,양파껍질,대파
"갈비찜 만드는 법, 소갈비찜, 또 먹고 싶은 갈비찜",https://www.10000recipe.com/recipe/6833712
소갈비,깐밤,당근,무 2센티,표고버섯,배,양파,진간장,물,설탕,참기름,다진마늘,대파,생강가루,올리고당,후추
등갈비찜 황금레시피 먹어보면 반할걸요???,https://www.10000recipe.com/recipe/6631368
등갈비,월계수잎,통마늘,통후추,간장,물엿이나 올리고당,설탕,매실액,맛술,참기름,다진마늘,배,양파
잡내 없이 맛있는 돼지갈비찜만들기,https://www.10000recipe.com/recipe/5714974
돼지갈비,파,올리브 잎,당근,후추,양파,올리브 잎,청주나 소주 반,간장,간 양파 ,청주나 소주,다진 마늘,커피 ,설탕,매실청,참 기름,생강,후추,콜라,간 배 ,표고 버섯
등갈비찜 ,https://www.10000recipe.com/recipe/6914400
등갈비,당근,양파,대파,고춧가루,콩나물,대파,간장,청주,다진마늘,다진생강,갈은 양파,갈은 파인애플,갈은 배,굴소스,계피가루,통깨,참기름,설탕,올리고당,물,다진 마늘 ½,소금,고춧가루,통깨
돼지갈비찜 압력솥으로 부드럽게 요리해요,https://www.10000recipe.com/recipe/6906169
돼지갈비,찜양념,맛술,무,감자,당근,대파,물
갈비찜 황금레시피 여기 있어요~,https://www.10000recipe.com/recipe/6851092
소갈비,월계수잎,청주,당근,무,대추,파인애플 슬라이스,양파,간장,청주,다진마늘,설탕,참기름,매실청,다진생강,통깨,후추
[돼지갈비찜] 압력솥으로 만든 쉽고 부드러운 돼지갈비찜 만들기,https://www.10000recipe.com/recipe/6893393
돼지갈비,양파,당근,양조간장,매실청,설탕,청주,생강즙,다진마늘,배즙,물,참기름,후추
갈비찜 스파게티 # 남은 갈비찜 활용,https://www.10000recipe.com/recipe/6836701
남은갈비찜,토마토소스,스파게티면,소금,피자치즈
남편생일 상 소갈비찜,https://www.10000recipe.com/recipe/6886996
소갈비,감자,단호박,고추,파,표고버섯,간장,맛술,다진마늘,키위,양파,사과,배
 밥솥으로 간단하게!폭립등갈비찜♥,https://www.10000recipe.com/recipe/6845600
등갈비,바비큐 소스,올리고당,간장,다진 마늘,다진 생강,청주,케찹,파슬리가루
수미네 반찬 갈비찜 만드는법 단맛이 필요해요,https://www.10000recipe.com/recipe/342076
소갈비,배,마늘,생강,간장,매실액,물,계피,건고추,무,당근,설탕,표고버섯,대파,밤
돼지갈비찜 / 맛내기 비법 별거없어요~,https://www.10000recipe.com/recipe/6831222
돼지갈비,무,양파,대파,청양고추,홍고추,다진마늘,다진생강,월계수잎,된장,통후추,당근,양파,키위,파인애플,배,된장,월계수잎,통후추,양조간장,진간장,맛술,흑설탕,다진마늘,다진생강,참기름,후춧가루,간 재료,물
"밥도둑, 돼지갈비찜 만들기!",https://www.10000recipe.com/recipe/6843519
돼지갈비,당근,양파,건표고버섯 슬라이스,건 홍고추,가래떡,멸치육수,간장,매콤한 굴소스,참기름,설탕,올리고당,청주,다진마늘,생강가루,후춧가루,깨소금
묵은지 등갈비찜,https://www.10000recipe.com/recipe/6872599
등갈비,묵은지,양파,파,멸치육수,후추,설탕
돼지갈비찜 쉽게 만들어요,https://www.10000recipe.com/recipe/6865005
돼지 쪽갈비,간장,설탕,올리고당,맛술,다진마늘,참기름,후추,표고버섯,생율,무
겨울철 별미 무청 시래기 돼지갈비찜,https://www.10000recipe.com/recipe/6903499
삶은 시래기,돼지갈비,물,월계수잎,소주,고춧가루,고추장,간장,청주,물엿,간 양파,다진마늘,다진 파,다진생강,소금
실패확률 제로 소갈비찜,https://www.10000recipe.com/recipe/6861425
소갈비,무,당근,생률,표고버섯,대파,홍고추,소주,통후추,월계수잎,배,파인애플,양파,마늘,생강,간장,맛술,설탕,물,후추가루,대파,참기름
부드럽고 맛있는 소갈비찜 만들어 볼께요.,https://www.10000recipe.com/recipe/6839652
소갈비,당근,홍파프리카,피망,대추,양파,감자,간마늘,간장,설탕,후추
돼지갈비찜!,https://www.10000recipe.com/recipe/5030491
돼지갈비,청양고추,붉은고추,물,월계수잎,마늘,청주,통후추,간장,다진 마늘,간 양파,간 키위,갈은 배,설탕,물엿,맛술,굴소스,참기름,후춧가루
백종원 갈비찜 만들기[집밥 백선생],https://www.10000recipe.com/recipe/6286369
LA갈비 찜용,표고버섯,감자,당근,무,고추,양파,대파,진간장,설탕,맛술,간 마늘,물,다진 생강,다진 대파,참기름
김치등갈비찜 만들기 ,https://www.10000recipe.com/recipe/6904716
배추김치,양념장,월계수잎,등갈비,간장,굴소스,고추가루,다진마늘,올리고당,매실액,후추
"양념맛보장, ""간장돼지등갈비찜""♪",https://www.10000recipe.com/recipe/2501070
등갈비,양파,시판용돼지갈비양념,물,통마늘,통후추,생강가루
"◈ ""매운 등갈비찜 황금레시피"" 공유~* , 2tv 생생정보 레시피, ",https://www.10000recipe.com/recipe/6844727
등갈비,설탕,쌀뜨물,고춧가루,다진마늘,까나리액젓,청양고추,물엿,배,사과,양파,물,고춧가루,고추장,다진마늘,다진생강,간장,소주,매실진액,참기름,후추
소갈비찜,https://www.10000recipe.com/recipe/6939597
소고기,양파,당근,무우,밤,대파,표고버섯,잣,은행,진간장,설탕,다진마늘,생강,맛술,배,양파즙,노추,소갈비양념,후추,깨소금,참기름
삼시세끼 소갈비찜 레시피,https://www.10000recipe.com/recipe/759454
소갈비,무,새송이버섯,당근,대파,꽈리고추,양파,간장,마늘,설탕,꿀,잼,후추,참기름,다진파,와인
돼지갈비찜 내마음속에 찜♥,https://www.10000recipe.com/recipe/6835277
돼지갈비,건고추,채썬양파,당근,감자,채썬대파,된장,양파,대파,마늘,생강,통후추,소주,갈비삶은육수,물,간장,맛술,설탕,양파,사과,마늘,생강,후추,참기름
매운 LA갈비찜,https://www.10000recipe.com/recipe/6710025
LA갈비,양파,통후추,마늘,생강,맛술,월계수잎,간장,고춧가루,다진마늘,다진생강,설탕,매실청,양파,사과 또는 배 ,참기름,통깨
매운 소갈비찜 만들기,https://www.10000recipe.com/recipe/6895629
쇠갈비,감자,소주,월계수잎,고명 은행,대파,간장,국간장,고춧가루,다진마늘,물엿,통깨,후춧가루,배,바나나,토마토
소갈비찜 - 야들야들 소갈비찜 레시피,https://www.10000recipe.com/recipe/6844784
소갈비,무,당근,대파,배,양파,다진마늘,생강즙,간장,물엿,설탕,굴소스,맛술,청주,후추,참기름
"맛 100%보장, 소갈비찜 [Steamed Beef Rib] 만들기",https://www.10000recipe.com/recipe/6951088
한우갈비,배,양파,당근,무,표고버섯,건고추,다진마늘,매실청,생강,생강,파,대추,밤,물,진간장,맛간장,설탕,참기름,후추
소갈비찜 맛있게 맛있게 만드는법,https://www.10000recipe.com/recipe/6856893
소갈비,당근,홍파프리카,피망,대추,양파,감자,간마늘,간장,설탕,후추
매운갈비찜,https://www.10000recipe.com/recipe/6896260
갈비,생강,대파잎,마늘,감자,당근,양파,은행,간장,설탕,물엿,다진마늘,청주,배즙,키위,참기름,다진파,후춧가루약간,고춧가루
소갈비찜 만들기,https://www.10000recipe.com/recipe/6870781
소갈비,양파,사과,대추,소갈비양념장
돼지등갈비찜,https://www.10000recipe.com/recipe/2660290
돼지등갈비,감자,당근,양파,청홍고추,간장,설탕,다진파,다진마늘,다진생강,후추,참기름,깨
간장 돼지갈비찜 맛있게 ~,https://www.10000recipe.com/recipe/6862570
돼지고기,당근,감자,대추,건고추,키위,양파,간장,다진마늘,생강가루,설탕,매실액,후추,참기름,물,데칠때 월계수잎,통마늘,대파,통후추,생강가루
돼지갈비찜,https://www.10000recipe.com/recipe/6918725
돼지갈비,당근,양파,마른표고채,물,진간장,참기름,매콤한맛 굴소스,청주,요리당,황설탕,후춧가루,다진 마늘,생강가루
이번 추석엔 속이 꽉찬 갈비찜 김밥 만들기(남은 명절음식 활용),https://www.10000recipe.com/recipe/6920999
김,고사리,숙주나물,고사리,갈비찜,김치,고추만능간장,볶은찬밥,찬밥,참기름,참깨,소금
