코다리조림,추천순,177
코다리조림 만드는법! 매콤하고 쫀득하게~,https://www.10000recipe.com/recipe/6901810
코다리,무,대파,양파,건고추,고춧가루,진간장,올리고당,미림,마늘,생강,후추,물
"맛보장 백종원 코다리찜, 코다리조림 ",https://www.10000recipe.com/recipe/6948133
반건조 코다리,무,양파,꽈리고추,풋고추,홍고추,물 종이컵,고추가루,고추장,진간장,액젓,맛술,다진마늘,설탕,올리고당,생강가루
달콤 짭짤 코다리 조림,https://www.10000recipe.com/recipe/6903899
코다리,양파,풋고추,다진쪽파,튀김가루,식용유,깨소금,굴소스,올리고당,설탕,식초,맛술,간장,물
꼬들꼬들한 밑반찬..코다리조림,https://www.10000recipe.com/recipe/420777
잘 말린 코다리,홍고추,고추가루,진간장,설탕,다진파,다진마늘,생강,후춧가루,물엿,청주,참기름,통깨,올리브유,물
유명 식당 코다리조림 따라하기,https://www.10000recipe.com/recipe/6945195
코다리 큰 것,무 슬라이스,대파,청양고추,양파,멸치다시마육수팩,물,떡국떡,고운 고추가루,고추장,간장,까나리액젓,다진마늘,생강가루,후춧가루,포도씨유,맛술,청주,물엿,참기름,통깨
(아이반찬) 감기몸살에도 좋은 짭조름달달 코다리간장조림,https://www.10000recipe.com/recipe/6887342
코다리,청양고추,양파,멸치다시마육수,간장,설탕,맛술,올리고당,청주,후추,참기름,다진마늘,생강가루
<코다리조림> 먹어보면 반할거야~!,https://www.10000recipe.com/recipe/6925291
코다리,물,무,양파,대파,청고추,간장,다진마늘,고춧가루,맛술,올리고당,생강청,참기름,후추
코다리조림!! 쓴맛잡고 쫀득함 살리는 양념까지~,https://www.10000recipe.com/recipe/6943414
코다리 4마리,양파,대파,무 한토막,다시마,물 한컵 한컵,간장,고춧가루,올리고당,설탕,맛술,다진마늘,다진생강,참기름,후추,식용유
밥 한공기 뚝딱! 코다리무조림,https://www.10000recipe.com/recipe/6878803
﻿코다리,무,대파,양파,멸치 다시마 육수,청양고추,홍고추,당근,고춧가루,간장,다진 마늘,설탕,올리고당,맛술,멸치액젓,생강
코다리조림- 수미네반찬 7회,https://www.10000recipe.com/recipe/6893126
양조간장,코다리,다진마늘,다시마,꽈리고추,매실액,꿀,후춧가루,양파,홍고추,대파,통깨,굵은고춧가루
매콤한 코다리조림 만드는 법 양념 레시피 술안주로 좋지,https://www.10000recipe.com/recipe/6950306
코다리,청양고추,간장,고춧가루,맛술,다진마늘,후춧가루,식용유,올리고당
여름 제철인 꽈리고추를 듬뿍 넣어 만든 코다리 조림..,https://www.10000recipe.com/recipe/6894102
코다리,꽈리고추,다진마늘,생강술,양파,홍고추,대파,간장,물,미림,요리당,고춧가루,참기름,통깨
코다리 무조림,https://www.10000recipe.com/recipe/2416561
코다리,무,양파,풋고추,진간장,매실엑기스,올리고당,맛술,다진마늘,다진생강,물
꼬들꼬들코다리조림 ,https://www.10000recipe.com/recipe/6905555
코다리,청량고추,고추가루,진간장,물엿,다진마늘,생강가루,맛술,후추,물
칼칼한 양념의 코다리무조림 만들기,https://www.10000recipe.com/recipe/6839145
코다리,무,양파,청양고추,파,고추장,고춧가루,간장,매실액,다진마늘,물,후추,맛술
코다리조림 만들기,https://www.10000recipe.com/recipe/6522428
코다리,생수,대파,간장,맛술,생강술,다진마늘,꿀
생생정보통 코다리조림 따라잡기,https://www.10000recipe.com/recipe/6840418
코다리,무,양파 중간크기,홍고추,청양고추,대파,식용유,고추장,간장,매실액,고춧가루,다진마늘,다진생강
"생생정보통 찬찬찬 레시피, 코다리살이 탱글 살아있는 코다리 조림",https://www.10000recipe.com/recipe/6667687
코다리,무,양파,홍고추,청양고추,대파,물,고추장,간장,매실액,고춧가루,다진 마늘,다진 생강,식용유
코다리조림 우리집 인기반찬,https://www.10000recipe.com/recipe/6872816
코다리,감자,양파,청양고추,대파,다진 마늘,다진생강,멸치육수,쌀뜨물,매운고춧가루,일반고춧가루,청주 또는 소주,맛술,진간장,설탕,물엿
코다리조림 만드는 법 ,https://www.10000recipe.com/recipe/6704730
코다리,양파,간장,다진마늘,물엿,소주,고추가루,매실,설탕
겨울철 별미-코다리조림 만드는 법,https://www.10000recipe.com/recipe/6863655
코다리,무,대파,청양고추,다시마,물,마늘,진간장,고춧가루,미림,올리고당,후추,참기름,기름
백종원 레시피 활용한 간단 코다리 무우조림,https://www.10000recipe.com/recipe/6894189
코다리,무우,양파,대파,청양고추,홍고추,다시마 육수 또는 물,들기름,고추장,고추가루,다진마늘,간장,멸치액젓,설탕,맛술,생강술 또는 생강즙
"디톡스+다이어트+몸보양, 간단하고 맛있는 코다리 곤약조림 ",https://www.10000recipe.com/recipe/6892741
코다리,곤약,양파,깻잎,잔파,고추가루,고추장,매실청1T,국간장,진간장,다진생강,다진마늘,청주,참기름,올리고당,물
새로운 코다리 조림법,https://www.10000recipe.com/recipe/6846933
명태코다리,대파,다진마늘,참기름,식용유`,고추가루,올리고당,진간장,후추,깨,생강,다싯물
저렴하고 맛있는 코다리간장조림 ,https://www.10000recipe.com/recipe/1058215
코다리,청양고추,멸치육수,간장,맛술,청주,설탕,물엿,다진 마늘,생강즙이나 가루,포도씨오일
코다리 꽈리고추 조림,https://www.10000recipe.com/recipe/6837185
코다리,양파,꽈리고추,대파,생강,올리고당,실고추,진간장,설탕,올리고당,맛술,다진마늘,참기름,후추 가루,깨소금
쫄깃한 식감이 좋은 코다리 조림,https://www.10000recipe.com/recipe/6837090
코다리,무 ,양파,풋 고추,대파,고추장,고춧가루,간장,다진 마늘,포도씨유,후춧가루,생강가루,물엿,맛술,물
매콤하면서 더 부드럽게 먹는 코다리조림,https://www.10000recipe.com/recipe/6905866
코다리,무,대파,양파,청고추,홍고추,다시마 물,고춧가루,액젓,간장,맛술,후추,올리고당,마늘,생강 작게,기름
"코다리조림, 국민 생선으로 맛있는 저녁메뉴",https://www.10000recipe.com/recipe/6866253
작은 코다리,무,양파,청양고추,진간장,고춧가루,조청 or 물엿,설탕,간 마늘,다시마육수
"백종원 코다리찜 만드는 법, 매콤한 코다리조림 하나면 밥 한 그릇 뚝딱 ~ ",https://www.10000recipe.com/recipe/6883606
코다리,대파,양파,무,청양고추,홍고추,간장,설탕,액젓,다진 마늘,굵은 고춧가루,고추장,미림,물,후추
코다리조림 - 딸에게#,https://www.10000recipe.com/recipe/3368189
코다리,무,파,간장,올리고당,고추장,고추가루,마늘,생강술
제철 무우를 넣고 조린 코다리조림 ,https://www.10000recipe.com/recipe/6903565
코다리,무우,양파,대파,청양고추,멸치육수,집간장,다진마늘,고춧가루,생강즙,매실청,맛술,올리고당,전분물
코다리 조림 만들기,https://www.10000recipe.com/recipe/6829365
코다리,무,양파,청양고추,홍고추,대파,멸치육수,고추장,간장,현미조청,고춧가루,다진마늘,생강술,포도씨오일
밥도둑! 코다리 조림 레시피,https://www.10000recipe.com/recipe/6879456
코다리,양파,대패,마늘,간장,설탕,고춧가루,생강,우거지,무
코다리무조림 저녁반찬으로 딱!!,https://www.10000recipe.com/recipe/6866303
코다리,무,다시육수,대파,양파,생강,양념장,고추장,고추가루,양조간장,올리고당,다진마늘,다시마,다시멸치,무,파뿌리,건새우,대파
집밥 백선생 코다리조림 - 딸에게#,https://www.10000recipe.com/recipe/6884350
코다리,무,대파,청양고추,마늘,고추가루,고추장,설탕,액젓,간장,생강,코다리 작은거,무,대파,청양고추,마늘,고추가루,고추장,조청,액젓,간장,생강,맛술
감기 뚝!! 매콤칼칼 코다리조림,https://www.10000recipe.com/recipe/6920484
코다리,양파,쪽파,고추장,고추가루,간장,맛술,매실청,설탕,마늘
코다리 꽈리고추 간장조림,https://www.10000recipe.com/recipe/3362090
코다리,꽈리고추,멸치육수,간장,맛술,청주,매실청,설탕,다진마늘,생강가루
흑마늘 넣어 비린내없이 밥 반찬에 좋은 코다리조림,https://www.10000recipe.com/recipe/6858127
코다리,다진생강,청고추,홍고추,양파,간장,올리고당,흑마늘,미림,올리브유
코다리조림 맛있게 만드는 법~,https://www.10000recipe.com/recipe/4465384
코다리,무,마른홍고추작은것,다시마,물엿,매실액,간장,청주,물,생강즙,다진마늘,후춧가루
코다리 무 조림..,https://www.10000recipe.com/recipe/6905523
코다리,무,양파,청양고추,대파,고추장,고춧가루,간장,요리당,참치액,들기름,생강술,다진마늘,소금,다시다,후춧가루,참기름,통깨
수미네 반찬 코다리 조림,https://www.10000recipe.com/recipe/6895473
코다리,꽈리 고추,홍고추,대파,양파,다시마,물,양조간장,다진마늘,생강,매실청,맛술,꿀,들기름,깨소금,고추가루 
코다리 간장조림 부서지지 않게 만들어요,https://www.10000recipe.com/recipe/6886755
코다리,양파,간장,올리고당,미림,마늘 가루,후추,들기름
코다리조림 / 코다리찜 만드는 법,https://www.10000recipe.com/recipe/6910621
코다리,무,대파,청양고추,고춧가루,진간장,다진 마늘,다진 생강,맛술,올리고당,설탕,후춧가루,큰 술 - 밥숟가락,인원 -
코다리조림 제철별미 코다리조림 비린내없이 만드는법,https://www.10000recipe.com/recipe/6883324
코다리,양파,청양고추,홍고추,대파,고춧가루,고추장,간장,육수,다진마늘,매실청,조청,생강즙,레몬식초,후추,참기름
술안주와 밥반찬으로 좋은 별미 코다리 조림 만들기,https://www.10000recipe.com/recipe/6844583
코다리,양파,청양고추,홍고추,대파,멸치 다시마 육수,고춧가루,간장,맛술,다진 생강,다진 마늘,올리고당,매실청,후춧가루,참기름
"명태조림(코다리조림) - 딸에게#/이달의수산물,명태,제철음식",https://www.10000recipe.com/recipe/2408585
명태 작은것,무,파,꽈리고추,간장,올리고당,고추장,고추가루,마늘,생강술
코다리 시래기 조림,https://www.10000recipe.com/recipe/6883785
코다리,시래기,대파,청양고추,멸치액젓,된장,고춧가루,들기름,간장,고춧가루,맛술,설탕,올리고당,다진마늘,통깨,물
코다리조림 만드는법,https://www.10000recipe.com/recipe/6830613
코다리,무,간장,설탕,미림,마늘,참기름,다시마,물
코다리조림 황금레시피,https://www.10000recipe.com/recipe/6948172
코다리,무,대파,양파,청양고추,다시마물,고춧가루,다진마늘,생강즙,국간장,진간장,참치액,청주,후추,설탕
매콤한 코다리조림 만드는 법,https://www.10000recipe.com/recipe/4588072
코다리,대파,물,고추장,고춧가루,설탕,진간장,다진마늘
코다리조림 만드는 법 요거 밥도둑이죠~,https://www.10000recipe.com/recipe/6881150
재료 : 코다리,청양고추,파,올리고당,맛간장,고추장,고춧가루,생강가루,올리고당,청주,매실청,후추가루,물
코다리조림,https://www.10000recipe.com/recipe/5658543
코다리,청양고추,소금,고춧가루,청주,간양파,물엿,다진마늘,후춧가루,간장,참기름,대파,다시마육수
"◈ ""코다리조림 황금 레시피"" 공유~* , 2tv 생생정보 레시피 ,",https://www.10000recipe.com/recipe/6845000
코다리,간장,물,설탕,물엿,참기름,다진 마늘,무,대파,고추,마른고추,대추
부드럽고 쫀득하니 맛있는 코다리조림 ,https://www.10000recipe.com/recipe/6865901
코다리,무,대파,간장,고춧가루,다진마늘,생강즙,매실액,맛술
단호박코다리 조림,https://www.10000recipe.com/recipe/6882952
코다리,단호박,무,양파,대파,고추,다진마늘,고추장,간장,고춧가루,맛술,설탕,올리고당,후추,다진생강
코다리 조림,https://www.10000recipe.com/recipe/6838359
코다리,무,다시마,양파,대파,고추,참기름,육수 또는 물,간장,집간장,고춧가루,설탕,맛술,올리고당,다진마늘,생강가루,후춧가루
코다리조림 -코다리찜 만드는 법,https://www.10000recipe.com/recipe/1066512
코다리,무,양파,감자,대파,물,고추장,고춧가루,설탕,다진 마늘,양조간장,굴 소스,맛술,식용유,생강가루
코다리 조림 (찜) 반찬 만들기,https://www.10000recipe.com/recipe/6840945
코다리,무,청양고추,홍고추,대파,무,양파,대파,파뿌리,다시마,건고추 ,물,안매운 고춧가루,매운 고춧가루,간 마늘,간 생강,소주,맛술,진간장,물엿
코다리조림,https://www.10000recipe.com/recipe/6903241
코다리,청양고추,홍고추,다진파,물,간장,고춧가루,맛술,생강술,설탕,물엿,다진마늘,통깨
쫀득 탱탱한 코다리조림 비법과 조림양념 황금레시피,https://www.10000recipe.com/recipe/6866366
코다리,찹쌀가루,감자,양파,쪽파/잔파,고추가루,고추장,매실청,국간장,진간장,다진생강,다진마늘,청주,물,참기름,올리고당
국물도 맛있는 코다리조림,https://www.10000recipe.com/recipe/6881086
코다리,무,양파,국간장,고춧가루,다진마늘,생강즙,맛술,매실액
코다리찜.코다리조림.~,https://www.10000recipe.com/recipe/6870686
코다리,고춧가루,진간장,물엿,양파,무,마늘,사과,대파,생강,물
겨울의 진미 쫄깃한 코다리 조림~~ 진짜 맛있게 요리하는 방법,https://www.10000recipe.com/recipe/6868488
꼬다리,무우,양파,청주,밀가루,계란,소금,식물성 기름,고춧가루,간장,고추장,청양고추,청주,물,매실청,설탕,들기름,다진파,다진마늘,소금,후춧가루
#묵은지해결 묵은지코다리조림만들기 #매콤하면서도 짭쪼름한 밥도둑 묵은지코다리조림,https://www.10000recipe.com/recipe/6860667
묵은지,코다리,무,양파,청양고추,다진마늘,다진생강,대파,고춧가루,청주,진간장,매실액,설탕,참기름,통깨
두 가지 맛! 가을 무로 만든 코다리조림,https://www.10000recipe.com/recipe/6841239
코다리,무,청양초,붉은 고추,깨소금,참기름,진간장,멸치육수,매실원액,고춧가루,설탕,마늘,대파
밥도둑 명태코다리 조림,https://www.10000recipe.com/recipe/6879697
코다리,무,육수,고추장,양파,고추,파,간장,생강술,다진마늘,고춧가루,매실청,식용유와 참기름 섞은것,후추
#간장양념으로 매콤하게 만든 코다리조림 만들기 ,https://www.10000recipe.com/recipe/6858870
코다리,청주,황태머리+천연조미료육수,무,감자,대파,홍고추,청양고추,참기름,다진마늘,고춧가루,진간장,생강가루,청주,매실액,후추,올리고당
코다리조림,https://www.10000recipe.com/recipe/6842364
코다리,간장,고춧가루,설탕,물엿,청양고추,홍고추,청주,생강,다진마늘,소금
맛있다맛있다 코다리조림 ,https://www.10000recipe.com/recipe/6857039
코다리,양파,청양고추,대파,간장,다진마늘,생강즙,매실액,맛술,고춧가루,된장
부드럽고 촉촉한 순살코다리조림,https://www.10000recipe.com/recipe/2514123
순살코다리,무,양파,대파,청양고추,국간장,액젓,다진마늘,고춧가루,생강가루,매실액
코다리조림,https://www.10000recipe.com/recipe/6902204
코다리,굴소스,간장,물,올리고당,고춧가루,올리브유,맛술
쫄깃하니 맛있는반찬 코다리조림,https://www.10000recipe.com/recipe/967562
코다리,간장,된장,고추장,고춧가루,맛술,매실액,다진마늘,생강즙
코다리 간장조림,https://www.10000recipe.com/recipe/6879715
코다리,양파,쪽파,간장,고추장,고춧가루,올리고당,다진마늘,건조 생강가루,생수
명태코다리조림만들기::꼬들거리는 식감의 말린생선조림,https://www.10000recipe.com/recipe/631481
명태코다리,홍고추,대파,물,간장,매실액,올리고당,다진마늘,생강가루,참기름,참깨
코다리찜/조림,https://www.10000recipe.com/recipe/6856274
코다리,무,양파,청양고추,파,간장,고춧가루,다진마늘,설탕or물엿,매실,생강
쫄깃한 명태 코다리조림 ,https://www.10000recipe.com/recipe/6877165
코다리,느타리버섯,양파 중사이즈,대파,간장,물엿,설탕,다진마늘,미림,고춧가루,통깨,후추,물
밥도둑 코다리무우조림,https://www.10000recipe.com/recipe/6687583
코다리,무우,양파,청양고추,홍고추,간장,고추가루,육수,생강즙,마늘,청주,후추,설탕약간
수미네반찬 코다리조림 보다 더 꼬들꼬들 맛있는 코다리조림,https://www.10000recipe.com/recipe/6003514
코다리,홍고추,청양고추,고추가루,굴소스,쌀뜨물,간장,꿀,마늘,맛술,포도씨유,파,통깨,참기름
"명태 코다리조림 만드는 법, 명태로 맛있는 생선요리를 만들어요.",https://www.10000recipe.com/recipe/6887976
코다리,쪽파,실고추,청양고추,간장,미림,다진마늘,생강,참기름,올리고당,매실액,설탕,후추,물
코다리조림,https://www.10000recipe.com/recipe/6689866
코다리,나박썬무,청양고추,물,생강즙,맛술,소금,참기름,고춧가루,간장,다진마늘,설탕,맛술
#코다리요리 #코다리김치찜만들기 #수미네반찬응용버전 #등갈비김치찜과양미리조림을 응용한 코다리김치찜!!!,https://www.10000recipe.com/recipe/2698589
코다리,김치,육수,김칫국물,양파,대파,다진마늘,다진생강,양조간장,청주,매실액,고춧가루,천연조미료육수,통깨
집밥백선생 백종원 코다리조림 만드는 법,https://www.10000recipe.com/recipe/6892820
코다리,무,양파,대파,청양고추,간마늘,진간장,설탕,액젓,고춧가루,고추장,물,물엿
매콤한 코다리 조림,https://www.10000recipe.com/recipe/6867214
코다리,양파,홍고추,청양고추,어슷 썬 대파,청주,참기름, ,코다리 대가리,대파,통마늘,물,간장,국간장,고춧가루,다진 마늘,올리고당,생강가루,후추,육수
"코다리 조림 오랜만에 해먹었네요, 코다리조림 레시피",https://www.10000recipe.com/recipe/584304
코다리,고구마,양파,물,간장,고춧가루,간마늘,올리고당,후추
코다리 무 조림 부드럽고고 쫄깃한 코다리조림,https://www.10000recipe.com/recipe/6906802
코다리,무,육수,대파,홍고추,청양고추,고춧가루,맛간장,다진마늘,맛술,생강술,멸치액젓,설탕,올리고당
수미네반찬 코다리조림 따라서 만들기,https://www.10000recipe.com/recipe/358928
코다리,양조간장,꽈리고추,양파,홍고추,다진마늘,생강,다시마,꿀,매실액,후추,대파,통깨,고춧가루
[왕초보요리] 코다리조림 만드는법 황금레시피,https://www.10000recipe.com/recipe/6877769
코다리,무,양파,대파,청양고추,멸치육수,고추장,진간장,설탕,고춧가루,식용유,다진 마늘
코다리조림 매콤하고 쫄깃한 코다리조림,https://www.10000recipe.com/recipe/1951254
코다리 大,통마늘,양파,청양고추,홍고추,대파,간장,고춧가루,매실청,맛술,생강 즙,다시 물,참기름,물엿,후추
코다리조림 만드는법 제철 명태코다리찜 손님초대 집들이메뉴,https://www.10000recipe.com/recipe/6901695
코다리,무,육수,대파,설탕,다진마늘,간장,소주,고춧가루,청양고추,올리고당,후추
매콤 코다리조림 만드는 법,https://www.10000recipe.com/recipe/6880263
코다리,무,양파,청양고추,홍고추,대파,물,마늘,간생강,진간장,맛간장,고춧가루,설탕,굴 소스,된장,물엿,후추가루
최고의 요리비결 코다리조림,https://www.10000recipe.com/recipe/6892880
코다리,대파,무,건고추,물,통깨,간장,조청,설탕,참기름,후춧가루,다진마늘,고춧가루,고추장,매실청,맛술,다진 생강
코다리 반찬 매콤 달콤 코다리 조림 만드는법,https://www.10000recipe.com/recipe/6850958
코다리,청양고추,대파,양파,고추가루,진간장,고추장,다진마늘,소주,매실액기스,설탕,양파즙
하암이♬코다리조림 만들기,https://www.10000recipe.com/recipe/6900936
코다리,양파,고추,무,물,간장,맛술,꿀,물엿,다진 마늘,고춧가루,매실액,후추
코다리조림 보다 더 맛있는 코다리매운탕 끓이기.,https://www.10000recipe.com/recipe/6956878
코다리,바지락,무,양파,청고추,홍고추,느타리 버섯,대파,간마늘,된장,새우젓,다진 생강,멸치액젓,고춧가루,후추
코다리조림 실패없이 만들기,https://www.10000recipe.com/recipe/6955250
코다리,무,양파,대파,청양고추,고추장,고추가루,국간장,어간장,매실액,생강,다진마늘,참기름,통깨
코다리조림 만드는법 제철 코다리찜 집밥 메뉴,https://www.10000recipe.com/recipe/6954657
코다리,무,육수,대파,설탕,다진마늘,간장,소주,고춧가루,청양고추,올리고당,후추
코다리 감자 고추장 조림.,https://www.10000recipe.com/recipe/6953025
코다리,감자 중간크기,대파,고추장,만능 조림 간장,다진 마늘,청주,물엿,참기름
"보들한 무청이 더 맛있는 코다리조림, 무청 코다리조림",https://www.10000recipe.com/recipe/6952814
코다리,무청,간장,청주,고춧가루,다진마늘,매실청,참기름,후추,다시마 멸치육수,대파,청양고추
꾸덕꾸덕 쫄깃한 식감 정말 맛있는 코다리조림,https://www.10000recipe.com/recipe/6950424
코다리,물,케켑마니스,간장,맛술,꿀,설탕,마늘,파
코다리 조림[코다리 무조림] 맛있게 만들기! 조릴수록 더 더 맛있어요.,https://www.10000recipe.com/recipe/6950197
코다리,무,대파,양파,청양고추,진간장,국간장,고추가루,맛술,쌀엿 또는 물엿,다진마늘,다진생강,후추,고추기름,깨
역시 겨울은 코다리 조림이지~,https://www.10000recipe.com/recipe/6950014
코다리,무,양파,청양고추,대파,고추장,고춧가루,간장,요리당,맛술,참치액,들기름,다진마늘,후춧가루,다시다,참기름,통깨
코다리조림 아니고 코다리강정 입니다.,https://www.10000recipe.com/recipe/6948594
코다리,전분가루,​간장,청주,매실청,설탕,후추,참기름,물,다진마늘,통깨,대파
밑반찬으로 딱 좋은 단짠단짠 코다리 간장 조림,https://www.10000recipe.com/recipe/6947538
코다리 몸통,청양고추,대파,생강,진간장,소주 종이컵,매실액기스,다진마늘,물엿 or올리고당
찬바람이 불면 생각나는 '매콤한 코다리조림',https://www.10000recipe.com/recipe/6947313
코다리,무,양파,대파,청양고추,간장,고춧가루,설탕,액젓,고추장,간 마늘
매콤한 코다리 감자조림,https://www.10000recipe.com/recipe/6947026
코다리,감자,양파,홍고추,풋고추,대파,간장,다진마늘,미림,올리고당,육수,아보가도오일
"수미네반찬 코다리찜, 비리지 않는 코다리조림 만드는법",https://www.10000recipe.com/recipe/6947016
코다리,꽈리고추,감자,쌀뜨물,해물육수,조림간장,마늘,매실액,후추,꿀,고추가루
코다리감자조림 부드럽고 맛나쥐 ,https://www.10000recipe.com/recipe/6947010
감자,코다리,갓김치,대파,다진마늘,갓김치국물,생수,맛술,국간장
코다리 간장조림,https://www.10000recipe.com/recipe/6945763
코다리,올리고당,아보가도오일,육수,간장,맛술,다진마늘,생강즙,청고추,홍고추,대파
코다리조림 갓김치넣고 맛있게~,https://www.10000recipe.com/recipe/6945712
코다리,양파,고추,집된장,간장,고운고춧가루,다진마늘,생강가루,맛술,생수
매콤한 통코다리조림,https://www.10000recipe.com/recipe/6945179
통 코다리,무우,양파,홍고추,청양고추,대파,다진마늘,생강가루,미림,멸치디포리육수,고춧가루,청양고춧가루,간장,물전분,식용유
코다리무조림 : 알토란레시피로 검증된 황금비율양념장! ,https://www.10000recipe.com/recipe/6939656
코다리,물,무,표고버섯,계피,참기름,통깨,꽈리고추,홍고추,대파,간장,다진 마늘,생강즙,맛술,설탕,물엿,식용유,후춧가루
[어버이날] 별미반찬 무청시래기코다리조림,https://www.10000recipe.com/recipe/6939528
코다리,무청시래기,대파,1뿌리,홍고추,청고추,된장 - 시래기 밑간용,들기름,다진마늘,국간장 - 양념,다진마늘,다진마늘,생강가루,매실액,물
맛있는 밥도둑 코다리조림,https://www.10000recipe.com/recipe/6939421
코다리,무,양파,팽이버섯,대파,청양고추,국간장,고춧가루,다진마늘,매실액,맛술,생강가루
맛있는 코다리조림만들기 레시피,https://www.10000recipe.com/recipe/6939388
코다리,무,양파 큰거,대파,청양고추,꽈리고추,간장,고춧가루,마늘,생강,매실액,식용유,맛술,후춧가루,물,고추장
꼬들꼬들한 코다리조림 만드는법 부서지지 않아요.,https://www.10000recipe.com/recipe/6936732
코다리,양파,사과,무 150쪽파,진간장,생강청,맛술,고추청,마늘,황태멸치 다시마육수
냉이향 가득한 코다리조림,https://www.10000recipe.com/recipe/6935913
코다리,냉이,꽈리고추,대파,무우,홍고추,멸치표고버섯육수,물엿,전분물,간장,고춧가루,후춧가루,다진마늘,생강즙,미림
코다리 간장조림 부서지지 않고 꼬들꼬들 맛있게 비법,https://www.10000recipe.com/recipe/6932943
코다리,홍고추,대파나 쪽파,양파 기름,레몬 식초,간장,육수,청주,다진 마늘,생강청,설탕,조청,통깨,참기름,후추
"양념이 쏙 밴 코다리조림 만들기, 코다리조림, 코다리무조림",https://www.10000recipe.com/recipe/6932360
손질한 코다리 3마리​...,무,간장,청주,고추가루,다진마늘,참기름,매실청,후추,물,양파,대파,청양고추
먹성 부르는 밥도둑반찬/코다리무조림,https://www.10000recipe.com/recipe/6931356
코다리,무,청양고추,양파,참기름,후추,깨소금,간장,된장,물,참치액,올리고당,다진마늘,다진생강,매실청
NO21 노가리and코다리 조림,https://www.10000recipe.com/recipe/6929555
코다리,노가리,양파큰거,대파,홍고추,청고추,표고버섯,멸치다싯물,올리브유,참기름,통깨,물,감자전분,맛간장,맛술,다진마늘,마스코바도원당,쌀엿,후추,생강가루,굴소스
코다리조림 칼칼하고 맛있게 만드는 법,https://www.10000recipe.com/recipe/6929262
코다리,무 작은 거,대파,육수,홍고추,고추 작은 거,고춧가루,간장,매실청,다진 마늘,생강 술,맛술,올리고당,참기름,후추
시래기코다리조림,https://www.10000recipe.com/recipe/6928732
코다리,시래기,감자,파,고추가루,설탕,맛술,된장,고추장,마늘,물엿,새우젓,간장
짭쪼롬하니 맛있는 코다리감자조림,https://www.10000recipe.com/recipe/6927215
코다리,감자,양파,대파,고추,국간장,고춧가루,된장,다진마늘,생강가루,설탕,매실액
무 코다리조림 매운 양념 쏙 베인 밥도둑 수산물 요리,https://www.10000recipe.com/recipe/6926760
코다리,무,양파,청양고추,쌀뜨물,대파,고추장,고추가루,국간장,진간장,매실청,조청,맛술,다진마늘,다진생강,후추,기름,참치액젓
코다리양념조림 국물자작하게,https://www.10000recipe.com/recipe/6926725
코다리,양파,국간장,된장,고춧가루,매실액,다진마늘,맛술,생강술
코다리조림 ,https://www.10000recipe.com/recipe/6926518
코다리,양파,식용유,고추가루,간장,후추가루,물,맛술,매실액,다진마늘
코다리 고추장 조림 만들기,https://www.10000recipe.com/recipe/6924094
다진마늘,양조간장,올리고당,고추장,설탕,물,후춧가루,다시마,소금,맛술,다진생강,물,냉동 코다리,밀가루,식용유,참기름
친정엄마 레시피 쫄깃쫄깃 밥도둑 코다리찜 코다리조림,https://www.10000recipe.com/recipe/6923303
코다리,대파,무,쌀뜨물,간장,고춧가루,물엿,다진마늘,후추,참기름,청양고추,쌀뜨물
#조림요리 #매운요리 #코다리조림만들기 #칼칼하고매운요리 #매콤하고 얼큰하게 졸여낸 코다리조림~~ 밥도둑인정!!!,https://www.10000recipe.com/recipe/6922499
코다리,청주,무,양파,홍고추,청양고추,고춧가루,다진마늘,다진생강,대파,후추,천연조미료,진간장,맛술,매실액,물
짭쪼름한 밥 반찬으로 좋은 코다리 조림.,https://www.10000recipe.com/recipe/6921943
코다리,대파,청고추,홍고추,간장,고추가루,간마늘,생강,청주,다시마물,후추
"코다리조림, 또 해 먹게되는 황금레시피",https://www.10000recipe.com/recipe/6919934
코다리,무,양파,고추장,물,대파,간장,매실청,고춧가루,다진마늘,다진생강,식용유
간장 코다리조림..,https://www.10000recipe.com/recipe/6914398
코다리,양파,대파,청양고추,홍고추,간장,요리당,다진마늘,생강술,들기름,후춧가루
"조선 맛간장으로 맛을낸 ""코다리 조림""",https://www.10000recipe.com/recipe/6911544
코다리,조선 맛간장,다진마늘,다진대파 흰부분,다진양파,배즙,흑 생강청,설탕,후추
"간이 쏙 배어 든 코다리조림,코다리무조림",https://www.10000recipe.com/recipe/6910861
코다리,무 작은거,대파,간장,국간장,청주,고추가루,후추,다진마늘,매실청,참기름,다시마 멸치육수
무청 코다리조림~ 매콤달달한 저녁메뉴,https://www.10000recipe.com/recipe/6908228
코다리,손질된 무청 시래기,청고추,홍고추,대파,양파,밴댕이,국물용 멸치,물,통깨,고추장,된장,다진 마늘,고춧가루,간장,맛술,매실청,올리고당,액젓,후추
단짠하게 조린 코다리 간장조림,https://www.10000recipe.com/recipe/6905796
코다리,양파,사과,간장,올리고당,다진마늘,생강즙,미림
코다리무조림 조리기,https://www.10000recipe.com/recipe/6905491
코다리,무,양파,고춧가루,매실청,맛술,다진 마늘,설탕,후추,참기름,대파,청양고추,홍고추,물
코다리조림(어르신께 칭찬받을 요리~~),https://www.10000recipe.com/recipe/6904175
코다리,무,대파,간장,참치액,물엿,마늘,고운 고춧가루,굵은 고춧가루,생강가루,후춧가루
"코다리조림, 수미네반찬 레시피로 만들어 봤어요",https://www.10000recipe.com/recipe/6903694
코다리,양파,꽈리고추,홍고추,양조간장,다진 마늘,생강,다시마,꿀,매실액,대파,후추,고춧가루,통깨
국물요리 _ 맛있는반찬 코다리조림 오징어도 넣고 시원하게~~,https://www.10000recipe.com/recipe/6903693
코다리,오징어,무,고춧가루,매실액,생강술,된장,간장,다진마늘
"간장코다리조림, 꽈리고추까지 함께 넣어",https://www.10000recipe.com/recipe/6902507
코다리,꽈리고추,다시마,홍고추,대파,양파,간장,꿀,매실청,굵은 고춧가루,다진 마늘,다진 생강,후추,통깨,물
#수미네반찬 #코다리조림만들기 #짭쪼름하면서도 매콤한 맛이 일품!! ,https://www.10000recipe.com/recipe/6902450
코다리,천연조미료육수,간장,청주,양파,홍고추,대파,꽈리고추,다시마,다진마늘,다진생강,꿀,매실액,후추,통깨,고춧가루
만물상 코다리조림,https://www.10000recipe.com/recipe/6901874
코다리,찹쌀가루,무,양파,청고추,홍고추,쪽파 ,통깨,진간장,우엉,우엉간장,물,청주,유자청,멸치액젓,다진 마늘,고춧가루,물엿
코다리조림~ 간장 소스로 달콤짭짤하게,https://www.10000recipe.com/recipe/6901038
코다리,다시마 ,건 표고버섯,간장,조청,맛술,건고추,참기름,통깨,포도씨유,표고 불린 물,표고 밑동,무,청양고추,양파,대파,통마늘
알토란 코다리간장조림 (김하진샘),https://www.10000recipe.com/recipe/6900176
코다리,포도씨유,마른 홍고추,참기름,통깨,맛술,맛간장,조청,다시마
"밥도둑 따로없지, 코다리조림",https://www.10000recipe.com/recipe/6899026
코다리,양파,국간장,간장,고춧가루,다진마늘,생강즙,맛술,매실액
코다리찜? 코다리조림 - 딸에게#,https://www.10000recipe.com/recipe/6897372
코다리,미림 1T 파,마늘,청양고추5개 간장,고추가루,청양고추가루,물엿,녹말물
[코다리조림 만들기] 꼬들꼬들 짭조름한 코다리무조림.,https://www.10000recipe.com/recipe/6896180
코다리,무,양파,청양고추,새송이버섯,대파,간 마늘,진간장,설탕,고춧가루,액젓,고추장,생강,쌀뜬물
"코다리 간장조림 만드는 법, 청양고추 넣은 칼칼한 간장조림이라 더 맛있어요 :)",https://www.10000recipe.com/recipe/6894545
코다리,무,양파,대파,청양고추,홍고추,진간장,미림,다진 마늘,설탕,올리고당,액젓,생강가루,후춧가루,물
엄마표 반찬♪ 코다리조림 ,https://www.10000recipe.com/recipe/6893568
코다리,무,통마늘,생강,물,간장,물엿,미림,참기름,설탕,후추,청양고추,소금
"겨울 자연밥상/시래기 코다리조림, 코다리 무청 시래기조림",https://www.10000recipe.com/recipe/6892554
삶은 시래기,코다리,연근,청양고추,된장,국간장,다진 마늘,고춧가루,매실청,간장,다진 마늘,고추기름,생강술,맛술,들기름,들깨가루,연근즙,올리고당,물,소금
시래기 코다리조림,https://www.10000recipe.com/recipe/6892116
삶은 시래기,코다리,대파,청양고추,홍고추,멸치가루,된장,고춧가루,들기름,조선간장,진간장,고춧가루,맛술,생강술,설탕,물엿,다진마늘,통깨,물
집밥 백선생3 코다리조림 만들기,https://www.10000recipe.com/recipe/6890993
코다리,무,양파,대파,홍고추,청양고추,물,고추장,고춧가루,까나리액젓,진간장,설탕,쌀엿,간 마늘,생강즙
"백선생 집밥, 누구나 쉽게 만드는 코다리조림",https://www.10000recipe.com/recipe/6888784
코다리,감자,붉은 고추,청양초,양파,대파,진간장,설탕,멸치 액젓,고춧가루,고추장,물엿,물,마늘
코다리조림 만드는 법~~다오네만능간장으로 코다리조림 만드는 법,https://www.10000recipe.com/recipe/6886533
코다리,무우,양파,대파,고추가루,다오네만능간장,진간장
초간단레시피 매콤 짭조름 코다리 무조림 만들기,https://www.10000recipe.com/recipe/6884960
코다리,무,양파,청양고추,마늘,물,고춧가루,간장,맛술,물엿,후추
밥도둑 매운코다리조림,https://www.10000recipe.com/recipe/6884477
코다리,무,양파,대파,꽈리고추,간장,맛술,고추가루,후추가루,설탕,다진마늘,생강청,생수
흑마늘넣고 조린 코다리조림,https://www.10000recipe.com/recipe/6881803
코다리,진간장,올리고당,매실액,미림,마늘 가루
부드럽고 쫀득한 코다리조림,https://www.10000recipe.com/recipe/6879906
코다리,양파,간장,올리고당,물엿,미림,건 마늘,참기름
매콤한 코다리조림 만들기,https://www.10000recipe.com/recipe/6879554
코다리,양파,대파,무,감자,청양고추,콩나물,김,멸치,다시마,마른표고,고추장,고춧가루,간장,설탕,매실청,물엿,마늘,생강즙,소주나 미림,후추
빠르고 간편한 스피드가정식! 코다리표고버섯조림황금레시피 공개!,https://www.10000recipe.com/recipe/6878500
코다리,표고버섯,양파,대파,무,청고추,홍고추,참기름,멸치다시마육수,청정원 고추장,청정원 요리에한수 깔끔한맛,다진마늘,생강즙,고추가루,매실청,청정원 맛간장,올리고당,후춧가루
"코다리조림, 백김치청포묵무침, 김치찌개, 그리고 물미역에 갖은 밑반찬 총동원!!!! 주말 저녁 배터지네~~~",https://www.10000recipe.com/recipe/6877788
백김치,백김칫국물,김,참기름,돼지고기,포기김치,들기름,설탕,코다리,간장,설탕,다진마늘,다진파,생강가루,청주
코다리조림 만들기 ,https://www.10000recipe.com/recipe/6877678
코다리,무,대파,청고추,홍고추,진간장,맛간장,고추가루,맛술,마늘,생강,올리고당,참기름,후추
시래기 코다리조림,https://www.10000recipe.com/recipe/6872539
코다리,불린 시래기,무,대파,청고추,홍고추,멸치 육수,고추장,된장,고추가루,청주,간장,황설탕,다진마늘,생강가루 3분의,후추
코다리조림,https://www.10000recipe.com/recipe/6872084
코다리,시래기,만능육수,파,양파,된장,고추장,고춧가루,간장,액젓,다진마늘,청주
데리야끼에 졸인 코다리조림,https://www.10000recipe.com/recipe/6870028
코다리,봄동,대파,미림,후추,간장,식초,설탕,청주,생강가루,다진마늘,참기름
포실포실한 코다리조림 만들기,https://www.10000recipe.com/recipe/6844224
코다리,무,멸치육수,간장,고추가루,맛술,참치액,생강술,다진파,마늘,후추,참기름
코다리간장조림,https://www.10000recipe.com/recipe/6841781
코다리,통마늘,홍고추,청양고추,멸치다시육수,간장,설탕,물엿,참기름,맛술,청주
매운 코다리조림,https://www.10000recipe.com/recipe/6840994
코다리,양파,대파,청양고추,무,육수,간장,고춧가루,고추장,맛술,다진마늘,올리고당,후춧가루
코다리조림 만드는 법,https://www.10000recipe.com/recipe/6836996
코다리,양파,무,청량고추,대파,고추장,고추가루,설탕,마늘,청주
쫀득한 코다리조림 만드는 법,https://www.10000recipe.com/recipe/6730975
코다리,대파,물,고추장,고춧가루,설탕,진간장,다진마늘
매콤한 코다리조림 만드는 법,https://www.10000recipe.com/recipe/6699862
코다리,청양고추,홍고추,양파,대파,다시마육수,간장,고춧가루,물엿,청주,생강,다진마늘,참기름,후춧가루,소금
코다리조림,https://www.10000recipe.com/recipe/6626519
코다리,양파,청양고추,녹말가루,계란,진간장,굵은소금,맛술,생강가루 톡톡,후춧가루 톡톡,식용유,물,고추장,미림,진간장,설탕,물엿,다진마늘,깨,참기름
코다리조림,https://www.10000recipe.com/recipe/6198529
코다리,무 한토막,다시마물,간장,설탕,물엿,맛술,생강가루,다진마늘,참기름,후추
코다리 표고버섯 무조림 ,https://www.10000recipe.com/recipe/5315862
코다리,무,말린표고버섯,양파즙,식용유,멸치 다시마 육수,간장,굴소스,맛술,참기름,다진생강,설탕,마늘
"코다리조림, 취나물무침, 더덕생채",https://www.10000recipe.com/recipe/5271502
코다리,물,진간장,고춧가루,설탕,올리고당,생강즙,다진 마늘
