주꾸미볶음,추천순,68
쭈꾸미(주꾸미)볶음 물기 없이 만들기,https://www.10000recipe.com/recipe/6907777
주꾸미,양파,대파,청양고추,홍고추,참기름,통깨,고춧가루,간장,설탕,다진마늘,다진생강,후추
주꾸미삼겹살치즈볶음 ,https://www.10000recipe.com/recipe/6836969
주꾸미,삼겹살,콩나물,피자치즈,양파,대파,깻잎,홍고추,밀가루,식용유,청주,소금,고추장,고춧가루,간장,맛술,설탕,다진마늘,올리고당,참기름,후추,깨소금
주꾸미볶음 & 소면,https://www.10000recipe.com/recipe/4791209
주꾸미,소면,청양고추,검은깨,참기름,청주,고춧가루,고추장,간장,다진마늘,생강,설탕,물엿,참기름
주꾸미 볶음 야식 추천메뉴,https://www.10000recipe.com/recipe/6888777
주꾸미,당근,양파,양배추,청양고추,홍고추,대파,밀가루,굵은소금,식용유,간장,설탕,맛술,청주,고춧가루,고추장,다진 마늘,생강가루,후춧가루,녹말가루,물
주꾸미볶음♡매콤하고 쫄깃한게 기분까지 좋아져요^^,https://www.10000recipe.com/recipe/6898303
주꾸미,양파,당근,대파,청량고추,고추장,고춧가루,설탕,올리고당,매실액,간장,청주,다진마늘,참기름,통깨
주꾸미삼겹살볶음 - 주꾸미 손질법 입맛이 팍팍 도는 쭈삼볶음,https://www.10000recipe.com/recipe/6857619
쭈꾸미,돼지고기,양파,당근,대파,붉은고추,밀가루, ,간장,후춧가루, ,고춧가루,다진마늘,고추장,매실액,꿀,참기름,통깨
(집에서 즐기는 술안주) 주꾸미삼겹살볶음 - 매콤한 쭈삼불고기,https://www.10000recipe.com/recipe/6867967
주꾸미,대패 삼겹살,대파,청양고추,콩나물,다진 마늘,고추장,고춧가루,진간장,설탕,올리고당,매실액,맛술,참기름,후춧가루
사우나 온 줄.. 땀이 송송 나는 달달한 주꾸미 삼겹살볶음,https://www.10000recipe.com/recipe/6946086
주꾸미,삼겹살,대파,양파,청양고추,홍고추,깻잎,양배추,다진 마늘,고추장,고춧가루,설탕,올리고당,매실액,진간장,밀가루
"쭈꾸미볶음, 매콤쫄깃 주꾸미볶음만들기",https://www.10000recipe.com/recipe/6926795
쭈꾸미,양파,대파,애호박,떡,고추장,고추가루,매실액,올리고당,맛술,다진마늘,간장,참기름,후추
물기 없이 칼칼하게 만든 주꾸미(쭈꾸미)볶음,https://www.10000recipe.com/recipe/6953195
손질 주꾸미,양파,대파,청양고추,홍고추,참기름,통깨,고춧가루,다진마늘,간장,설탕,다진생강,후추
주꾸미볶음 매워서 싫다면 바로 확인! 간장주꾸미볶음 ♥,https://www.10000recipe.com/recipe/6930694
주꾸미,홍고추,청양고추,양파,당근,밀가루,간장,설탕,올리고당,맛술,다진 마늘,참기름,후추,부순 통깨
주꾸미(쭈구미) 볶음밥!! ,https://www.10000recipe.com/recipe/6863254
주꾸미,양파,대파,당근,홍고추,풋고추 각각,조미김,달걀,밥,식용유,고춧가루,간장,설탕,다진마늘,참기름
"주꾸미 볶음 만드는 법, 매콤한 쭈꾸미볶음 하나면 반찬이 필요 없어요 ~ ",https://www.10000recipe.com/recipe/6886820
주꾸미,송송 썬 대파,양파,표고버섯,당근,통깨,쪽파,참기름,고추장,고춧가루,설탕,올리고당,다진 마늘,후춧가루,깨소금,다진 청양고추
"쭈꾸미볶음, 주꾸미 간장볶음",https://www.10000recipe.com/recipe/6878054
쭈꾸미,애호박,청양고추,양파,표고버섯,양배추,대파,다진마늘,참기름,후추,간장,맛술,올리고당
제철 주꾸미를 이용한 몸보신 주꾸미볶음 황금레시피(주꾸미 손질법 노하우),https://www.10000recipe.com/recipe/6887278
주꾸미,양파,대파,당근,청양고추,콩나물,새송이버섯,올리브유,고추가루,다진마늘,밀가루,고추가루,고추장,설탕,올리고당,후추,깨,미림,간장,까나리액젓,된장
매콤한 주꾸미 볶음 ,https://www.10000recipe.com/recipe/6783384
주꾸미,양파,당근,파,청양고추,고추장,고춧가루,간장,맛술,올리고당,다진마늘,참기름
매콤한 주꾸미볶음 여름보양식,https://www.10000recipe.com/recipe/6852496
주꾸미,양파,대파,당근,청양고추,가래떡,간장,청양고춧가루,고추장,설탕,꿀,맛술,소금,후추,참기름,통깨,기름
주꾸미 볶음,https://www.10000recipe.com/recipe/6886707
주꾸미,당근,양파,팽이버섯,청양고추,대파,고추장,고춧가루,간장,참치액,생강술,요리당,다진마늘,소금,후춧가루,들기름,참기름,통깨
매콤한 음식이 끌리는 날엔? 주꾸미 볶음면,https://www.10000recipe.com/recipe/6921960
주꾸미 볶음면,콩나물,깻잎,양파,참기름,밥,김가루
주꾸미콩나물볶음 으로 한잔하면 크으~ 세상 행복하겟네! ,https://www.10000recipe.com/recipe/6908455
주꾸미,콩나물,미나리,청고추,대파,양파,멸치다시마 육수,고춧가루,간장,다진 마늘,맛술,설탕,물엿,후추,고추장
주꾸미 볶음,https://www.10000recipe.com/recipe/6898690
주꾸미 우동대접으로,양파,대파,고춧가루,간장,매실액기스,설탕,다진마늘,미림,고추장
매콤한 주꾸미볶음 ,https://www.10000recipe.com/recipe/6845157
주꾸미,양파,대파,당근,감자,청양고추,마늘,간장,청양고춧가루,고추장,설탕,올리고당,맛술,소금,후추,참기름,통깨,기름
주꾸미삼겹살볶음 쭈삼볶음 만들기,https://www.10000recipe.com/recipe/6907923
쭈꾸미,대패 삼겹살,양파,당근,대파,통깨,솔트,굵은소금,고춧가루,고추장,간장,매실액,맛술,올리고당,다진 마늘,후추
쭈꾸미(주꾸미)볶음 주꾸미손질법 포함,https://www.10000recipe.com/recipe/6910584
주꾸미,양파,대파,굵은소금,식초,고춧가루,청주,고추장,설탕,다진마늘,간장,녹말가루,참기름,후추
"주꾸미볶음 - 딸에게# / 주꾸미볶음만드는법,주꾸미손질법",https://www.10000recipe.com/recipe/6847327
주꾸미,청양고추,양파,다진마늘,대파,고추가루,고추장,간장,생강술,조청1 - 참기름,통깨
"◈ ""주꾸미 볶음"" 황금레시피 공유~* , 2tv 저녁 생생정보 레시피, 쭈꾸미 볶음 레시피~*",https://www.10000recipe.com/recipe/6844712
주꾸미,굵은소금,카레가루,다시마가루,표고버섯가루,고추장,다진 마늘,참기름,매실액,소금,대파,양배추,당근
"봄에 꼭 먹어야 되는 주꾸미볶음, 매콤하니 맛나구나~~",https://www.10000recipe.com/recipe/6842849
주꾸미,양파,파프리카,청양고추,밀가루,고추장,고춧가루,국간장,매실액,다진마늘,올리고당,후춧가루,참기름
"쭈삼불고기 만들기,주꾸미 삼겹살볶음 만드는 법",https://www.10000recipe.com/recipe/6867371
쭈꾸미,전지살,미나리,콩나물,대파,양파,깨,간장,고추장,고춧가루,매실,설탕,올리고당,맛술,들기름,후추,다진마늘
"【생생정보통 쭈꾸미볶음 황금레시피】
 ",https://www.10000recipe.com/recipe/6871617
쭈꾸미,양배추,대파,당근,땡초,【,고추장,참기름,매실액,다진마늘,소금,표고가루,다시마가루,카레가루,고춧가루,식용유,설탕
주꾸미볶음,https://www.10000recipe.com/recipe/3541355
주꾸미,밀가루,당근,양파,청양고추,대파,고춧가루,고추장,간장,물엿,다진마늘,생강즙,매실액,후춧가루,참기름,통깨
"왕초보도 쉬운요리, 주꾸미볶음과 낙지덮밥",https://www.10000recipe.com/recipe/6946307
주꾸미 180g,대파,양파,청양초,팽이버섯,양배추,깨소금,낙지 180g,양념장,고춧가루,대파,양파,청양초,양배추,깨소금,참기름
 몸에 좋은 주꾸미 볶음 만들기,https://www.10000recipe.com/recipe/6939376
주꾸미 냉동,밀가루,소금,비타민음료,깻잎,마늘,생강,고춧가루,고추장,땅콩가루,다진청양고추,고추기름,올리고당,설탕,찹쌀가루,표고버섯가루
주꾸미볶음 만들기,https://www.10000recipe.com/recipe/6934925
주꾸미,대파,양파,청양고추,식초,고추장,고춧가루,마늘,간장,설탕,올리고당,맛술,생강즙,후추가루
쭈꾸미볶음 황금레시피,https://www.10000recipe.com/recipe/6931485
쭈꾸미,양배추,양파,당근,표고버섯,대파,순창 고추장,고추가루,진간장,설탕,오일
원팬요리/매운 주꾸미볶음,https://www.10000recipe.com/recipe/6930892
삶은 주꾸미,대파,당근,청양고추,고추기름,참기름,깨,후추,고추장,고춧가루,간장,액젓,다진마늘,다진생강,매실청,올리고당,황설탕,맛술
"주꾸미가 제철!! 주꾸미샤브샤브, 주꾸미볶음면, 냉이주꾸미샐러드 만들어보기 !",https://www.10000recipe.com/recipe/6930051
주꾸미,냉이,소금,밀가루,올리브오일,간 검정깨,레몬즙,설탕,땅콩버터,후추,주꾸미,칼국수,애호박,당근,대파,부추,참기름,소금,밀가루,식용유,페페론치노,고추장,간장,고춧가루,다진마늘,청주,후추,주꾸미,봄동,무,숙주,미나리,홍고추,청양고추,대파,느타리버섯,멸치 다시마 육수,간장,맛술,후추,소금,간장,레몬즙,고추냉이
주꾸미 야채 볶음,https://www.10000recipe.com/recipe/6929915
주꾸미,청양고추,느타리버섯 데친것,브로콜리 데친것,양파,당근,대파,카놀라유,통깨,참기름,밀가루,양념: 고추가루,고추장,마늘,멸치액젓,생강효소,후추,죽염
삼겹살주꾸미볶음 ~면역력에 좋은 봄제철음식!,https://www.10000recipe.com/recipe/6929602
알 쭈꾸미,삼겹살,양파,대파,당근,고추장,물엿,설탕,참치 액,다진 마늘,청주,후추,고춧가루
주꾸미볶음 주꾸미 손질부터 물기 없이 맛있게 볶는 법,https://www.10000recipe.com/recipe/6927860
주꾸미,콩나물,쪽파,호박,당근,양파,고춧가루,다진 마늘,매실청,생강가루,참기름,고추장,고추기름,간장,청주,통깨,후추,주꾸미손질 : 밀가루
저녁 메뉴 추천 주꾸미 볶음 만드는 법 주꾸미 맛집이 따로 없네,https://www.10000recipe.com/recipe/6911818
주꾸미,양파,청양고추,홍고추,대파,애호박,당근,콩나물 두,고춧가루,고추장,간장,굴소스,매실액,맛술,설탕,올리고당,다진 마늘,후추 한
봄철 주꾸미 볶음우동 그맛에 반하다,https://www.10000recipe.com/recipe/6911074
주꾸미,우동사리,양파,양배추잎,파,마늘,고추장,고춧가루,간장,생강가루,후추,미림,참기름,통깨,미림,물엿
알토란주꾸미볶음 (임성근샘),https://www.10000recipe.com/recipe/6909804
주꾸미,물,다시마,콩나물,표고버섯,식용유,대파,카레가루,고추장,고운고춧가루,청양고춧가루,설탕,다진마늘,참기름,통깨,후추,국간장,참기름
기운 북돋는 매운 주꾸미볶음,https://www.10000recipe.com/recipe/6909222
주꾸미,양파,대파,빨강 파프리카,밀가루,고춧가루,고추장,간장,다진 마늘,된장,고추기름,맛술,매실청,생강술,올리고당,황설탕,후추,깨,참기름,소금
친절한 정발쌤과 함께하는 주꾸미볶음☆,https://www.10000recipe.com/recipe/6905948
손질한주꾸미,밀가루,채썬양파,어슷썬대파,당근,양배추,청양고추,통깨,고추기름,참기름,고추장,고춧가루,진간장,다진마늘,설탕,물엿,맛술
알토란 주꾸미삼겹살볶음 (김하진샘)...불향나는 TIP,https://www.10000recipe.com/recipe/6887222
주꾸미,삼겹살,찜용 콩나물,양파,대파 흰줄기,깻잎,참기름,고운고춧가루,깨소금,다진 마늘,다진생강,고추장,사과즙,감자전분,고추기름,흑설탕,물
화끈하게 매운게 땡기는 날.. 매운 주꾸미볶음,https://www.10000recipe.com/recipe/6886546
주꾸미 한팩,양파,당근,간마늘,청양고추,대파,고춧가루,국간장,진간장,고추장,맛술,매실액,설탕,멸치액젖,참기름,후추,깨소금
매콤하면서도 쫄깃한 주꾸미 볶음~,https://www.10000recipe.com/recipe/6885149
주꾸미,양파,청양고추,적양배추,당근,대파,고추장,고추가루,간장,올리고당,다진마늘,후추,오일
"백 선생 집밥, 주꾸미 볶음과 주꾸미 덮밥",https://www.10000recipe.com/recipe/6883147
주꾸미,양배추,양파,대파,붉은 고추,풋고추,당근,소금,콩기름,고추장,고춧가루,매실진액,진간장,맛술,마늘,설탕,후추,밥,주꾸미 볶음
묵말랭이 &주꾸미삼겹볶음과 봄나물유자무침,https://www.10000recipe.com/recipe/6878838
묵말랭이,고춧가루,고추장,다진마늘,맛술,설탕,간장,후추,주꾸미,대패삼겹살,방울토마토,양파,흰 대파,,달래,유자 청,간장
주꾸미볶음..춘곤증에 좋은 주꾸미요리,https://www.10000recipe.com/recipe/6870116
주꾸미,알배추,청경채,당근,양파,청양고추,올리브오일 ,세발나물,참기름,후추,통깨,고추장,고춧가루,다진마늘,다진흰파,생강즙,매실액,올리고당,맛간장,찹쌀가루,무,다시마,미림
매콤한 주꾸미 볶음 만들기,https://www.10000recipe.com/recipe/6865823
주꾸미,양파,미나리,청양고추,고추장,고춧가루,매실청,간장,들기름,다진마늘
주꾸미 볶음!! 마무리는 버터? 의외로 맛있어요!!,https://www.10000recipe.com/recipe/6864417
주꾸미,양파,붉은 고추,대파,식용유,버터,소금,고추장,간장,고춧가루,설탕,생강술,다진마늘,다진생강,후춧가루
삼겹살 주꾸미 볶음,https://www.10000recipe.com/recipe/6853597
돼지고기,주꾸미,마늘,청양고추,숙주,부추,백설매실고추장삼겹살구이양념,청주,참기름,백설건강을생각한요리유,후춧가루
매운주꾸미볶음........( 매운요리로 스트레스 확 날려용^^),https://www.10000recipe.com/recipe/6849414
주꾸미,세척용 밀가루,만능 매운장,고추기름,마른 배트남고추,찹쌀가루,후춧가루,고춧가루,양배추,양파,부추,올리브오일,소금,후추,통깨
봄철별미 주꾸미볶음 만드는법,https://www.10000recipe.com/recipe/6847037
주꾸미,청양고추,대파,양파,고추장,고춧가루,미림,올리고당,매실액,진간장,다진마늘
자취라이프 냉동실에 있는 주꾸미 살리기 간단하게 주꾸미 볶음 만들었어요,https://www.10000recipe.com/recipe/6845355
주꾸미,대파,양파,당근,올리브유,간장,고추장 듬뿍,참기름,통깨
주꾸미 야채 볶음,https://www.10000recipe.com/recipe/6839752
주꾸미,애호박,노란 파프리카,빨간 파프리카,미니 새송이 버섯,레몬즙,소금,후춧가루,파슬리
콩나물과 함께 볶아 더욱 맛있는 주꾸미볶음,https://www.10000recipe.com/recipe/6738428
주꾸미,밀가루,양파,당근,부추,고추장,다진 마늘,간장,고춧가루,올리고당,참기름,다진 마늘,간장,식초,고춧가루
 주꾸미 야채 볶음,https://www.10000recipe.com/recipe/6652608
주꾸미,양배추,양파,대파,청양고추,간장,고춧가루,아주 매운 고춧가루,청주or맛술,설탕,올리고당,소금,후추,카놀라유,참기름,통깨
알찬 보양식 주꾸미볶음,https://www.10000recipe.com/recipe/6344808
주꾸미,굵은,밀가루,양파,홍고추,청양고추,대파,참기름,다진마늘,설탕,고추가루,간장,생강술,올리고당,고추장,후추
매콤한 주꾸미볶음 만들기,https://www.10000recipe.com/recipe/6119632
주꾸미,양파,대파,풋고추,붉은고추,식용유,밀가루,고추장,양조간장,고춧가루,올리고당,청주,다진마늘,소금,후춧가루
풋마늘주꾸미볶음!!,https://www.10000recipe.com/recipe/5971683
주꾸미,청주,양파,풋마늘,청양고추,밀가루,소금,참기름,통깨,마늘,간장,고춧가루,고추장,생강술,매실액,설탕
타우린이 듬뿍~ 봄철 주꾸미볶음,https://www.10000recipe.com/recipe/5875049
고춧가루,고추장,간장,물엿,다진마늘,생강즙,매실액,후춧가루,참기름,통깨,청양고추,대파,밀가루
주꾸미 볶음 만들기 ,https://www.10000recipe.com/recipe/4719870
주꾸미,굵은소금,밀가루,양파,홍고추,청양고추,깻잎,대파,참기름,다진마늘,설탕,고추가루,간장,생강술,올리고당,고추장,후추
주꾸미 볶음 만들기,https://www.10000recipe.com/recipe/4709715
주꾸미,양파,미나리,배,참깨,고추장,고춧가루,설탕,다진 파,다진 마늘,깨소금,참기름,청주,고추장,고춧가루,설탕,다진 파,다진 마늘,깨소금,참기름,청주
주꾸미 볶음 ,https://www.10000recipe.com/recipe/3534760
생물 주꾸미,떡볶이떡,양파,당근,대파,청양고추,양배추,청경채,포도씨유,고추장,고춧가루,간장,다진마늘,올리고당,매실청,후추가루,참기름
주꾸미 볶음국수,https://www.10000recipe.com/recipe/2546940
쭈꾸미,다진마늘,대파,양파,국수,설탕,물,간장,고추장,굴소스,생강즙
삼겹살주꾸미볶음,https://www.10000recipe.com/recipe/1802927
삼겹살,주꾸미,양파,청양고추,다진 마늘,흑후추,고추장,고춧가루,물엿,설탕,간장,소금,다진 파,다진 마늘,청주,깨소금,참기름
