제육볶음,추천순,198
파채+콩불은 사랑! 절대 맛 없을수 없는 조합! 파콩제육볶음,https://www.10000recipe.com/recipe/6927976
돼지고기앞다리살,파채,콩나물,참기름,통깨,간장,고추장,올리고당,고춧가루,다진 마늘,매실액,맛술,후추
절대 실패없는 제육볶음 황금레시피 감칠맛과 매운맛이 좋아요~!!,https://www.10000recipe.com/recipe/6905743
돼지고기 앞다리살,양파,청양고추,대파,고추장,고춧가루,다진마늘,설탕 또는 매실액,간장,통깨,후추
제육볶음 만드는법 # 기사식당st 레시피,https://www.10000recipe.com/recipe/6845428
돼지고기앞다리살,양파,당근,마늘,파,고추,간장,물엿,매실액,고추장,고춧가루,후추가루
기사식당 제육볶음의 뻘건 버젼~ 간장 제육말고! 뻘건 제육이 맛있지!!,https://www.10000recipe.com/recipe/6955855
돼지앞다리살,양파,당근,청양고추,설탕,진간장,다진마늘,고추가루,설탕,진간장,멸치액젓,미림,물엿,고추장,참기름,후추가루
김치제육볶음 만들기,https://www.10000recipe.com/recipe/6856673
돼지고기,김치,양파,대파,설탕,식용유,고추장,고춧가루,물엿 또는 설탕,간장,맛술,다진마늘,후추
종영된 삼시세끼! 아쉬워서 차승원 레시피 대방출! 청경채소고기볶음 & 제육볶음 ,https://www.10000recipe.com/recipe/6937434
소고기,청경채,마늘,대파,소금,후추,전분,굴소스,참기름,삼겹살,양파,청양고추,대파,다진마늘,소금,후추,굵은 고춧가루,고운고춧가루,설탕,간장,후추,다진마늘,소금,후추
매콤한 야식 대패삼겹살 제육볶음 쉽게 만들기,https://www.10000recipe.com/recipe/6936517
대패삼겹살,양파,대파,설탕,참기름,통깨,고추장,간장,고춧가루,맛술,올리고당,다진 마늘
삼겹살 구워먹고 남으면? 삼겹살 제육볶음!,https://www.10000recipe.com/recipe/6839063
삼겹살,양파,대파,고추장,고춧가루,다진 마늘,올리고당,미림,소금,후추
떡볶이랑 제육볶음중에 고민될 때 제육떡볶이로 만들기 ,https://www.10000recipe.com/recipe/6929002
대패삼겹살,떡볶이 떡,어묵,양파,대파,물,식용유,고추장,고춧가루,설탕,청주,다진 마늘,소금,참기름,후추
간장으로 맛을 내 담백한 제육볶음 황금레시피,https://www.10000recipe.com/recipe/6895415
돼지고기 목살 슬라이스,대파,청양고추,깨,참기름,식용유,진간장,굴소스,설탕,다진마늘,맛술,후추
수미네반찬 제육볶음 만드는 법 돼지두루치기 레시피 ,https://www.10000recipe.com/recipe/6897988
돼지고기 앞다리살,양파,대파,설탕,간장,고춧가루,고추장,매실,다진 마늘,참기름,다진 생강,후추,통깨
백종원 제육볶음 레시피,https://www.10000recipe.com/recipe/6892456
돼지고기,양파,대파,식용유,통깨,설탕,맛술,다진 마늘,생강가루,후춧가루,고춧가루,고추장,다진 마늘,양조간장,청주,올리고 당,참기름
제육볶음으로 저녁메뉴 해결~*,https://www.10000recipe.com/recipe/6880195
돼지고기앞다리살,대파,양파,고추,진간장,고추장,물엿,고춧가루,마늘,미림,참기름,설탕,식용유,통깨
대패삼겹살 간장 제육볶음 빠르고 쉽게 만들기,https://www.10000recipe.com/recipe/6952884
대패삼겹살,양파,대파,설탕,참기름,통깨,간장,굴소스,맛술,올리고당,다진 마늘
김치 제육볶음 만드는 법 ,https://www.10000recipe.com/recipe/6906852
돼지고기 앞다리살,신 김치,대파,양파,청양고추,후춧가루,고춧가루,다진 마늘,간장,설탕,청주,올리고 당
"단짠단짠 바싹 구운 간장제육볶음 
신선한 파무침",https://www.10000recipe.com/recipe/6953895
돼지고기목살,양파,대파,진간장,설탕,맛술,올리고당,다진마늘,참기름,후추,대파,고추가루,설탕,소금,식초,참기름,깨
 간장제육볶음 레시피,https://www.10000recipe.com/recipe/6940601
돼지고기 앞다리,양파,팽이버섯,대파,당근,맛술,청주,다진 마늘,다진대파,간장,굴 소스,올리고 당,설탕,생강가루,후춧가루,참기름,통깨
백종원 제육볶음 간단 레시피(초간단 10분 완성!),https://www.10000recipe.com/recipe/6941255
대패삼겹살,고추장,황설탕,다진마늘,진간장,맛술,굵은 고춧가루,후추,소금,통깨,파,참기름,청양고추
제육볶음 언제 먹어도 맛있는 제육볶음 레시피,https://www.10000recipe.com/recipe/6869289
돼지고기앞다리,설탕,미림,당근,양파,파 고추장,고춧가루,간장,다진 마늘,굴 소스,올리고당,생강가루
제육볶음 만드는 법 :: 제육덮밥 만들기,https://www.10000recipe.com/recipe/6882381
돼지고기앞다리,양파,대파,후추,고춧가루,고추장 듬뿍,간장,설탕,굴소스,미림,다진마늘,후추,계란,참기름
제육불고기 :: 돼지 앞다리살로 만든 간장 제육볶음,https://www.10000recipe.com/recipe/6860317
불고기용 돼지고기 앞다리살,진간장,설탕,참기름,양파,대파,마늘,후추,통깨,쌈채소
삼겹살 제육볶음 미세먼지에 좋은 음식,https://www.10000recipe.com/recipe/6838079
삼겹살,양파,당근,대파,고추장,고춧가루,진간장,국간장,매실액,물엿,설탕,다진마늘,생강가루,후추
삼시세끼 차승원의 제육볶음,https://www.10000recipe.com/recipe/6832487
돼지고기,양파,당근,대파,간장,다진마늘,후추가루,간장,고춧가루,올리고당,다진마늘,간 양파,맛술,후추가루,참기름
백종원 제육볶음 레시피 찐한 양념에 밥 비벼먹어요,https://www.10000recipe.com/recipe/6946368
돼지고기,대파,애호박,당근,양파,진간장,설탕,굵은고춧가루,고운고춧가루,참기름,소금,후추,깨소금,물
백종원 제육볶음 실패없이만들기 황금레시피,https://www.10000recipe.com/recipe/6949756
돼지 앞다리살,당근,양파,양송이버섯,청양고추,다진파,올리브유,설탕,고추가루,통깨,후추가루,진간장,고추장,다진마늘,물
목살로 만든 고추장불고기! 제육볶음 레시피,https://www.10000recipe.com/recipe/6950484
돼지고기,양파,파,청양고추,소금,후추,고추장,고춧가루,간장,맛술,올리고당,참기름,후추
든든한 밥 한 끼 :: 제육볶음 황금 레시피 / 어렵지 않아요,https://www.10000recipe.com/recipe/6899641
돼지고기 앞다리살,양파,대파,고추장,고춧가루,간장,설탕,매실청,맛술,다진 마늘,참기름,통깨,후춧가루
생생정보통 홤금레시피 돼지고기제육볶음 만들기,https://www.10000recipe.com/recipe/5913619
돼지고기 목살,양파,애호박,당근,가래떡,고추장,고춧가루,간장,올리고당,참기름,맛술,생강가루,다진마늘,후추,다진양파
[간단 자취요리] 불 없이! 전자렌지로 8분 제육볶음 만들기! ,https://www.10000recipe.com/recipe/6850857
돼지고기,양파,대파,고춧가루,고추장,설탕,간장,다진마늘
두루치기 제육볶음 ,https://www.10000recipe.com/recipe/6841752
목살,양파,대파,청양고추,다진마늘,고춧가루,간장,설탕,올리고당,고추장
백종원 제육볶음 황금레시피 엄지척!,https://www.10000recipe.com/recipe/6876817
삼겹살or목살,양파,대파,설탕,간장,고춧가루,올리고당,고추장,맛술,다진마늘,굴소스
제육볶음 만드는 법,https://www.10000recipe.com/recipe/4093089
돼지고기앞다리살,양파,깻잎,식용유,통깨,진간장,고추장,고춧가루,매실액,올리고당,맛술,다진 마늘,생강가루,후춧가루,참기름
삼시세끼 차줌마 제육볶음+내 스타일대로 만들기,https://www.10000recipe.com/recipe/6835645
돼지고기,양파,대파,통마늘,청양고추,고춧가루,올리고당,간장,미림or맛술,갈은 양파,다진마늘,참기름,후추,간장,다진마늘,미림,후춧가루
제육볶음,https://www.10000recipe.com/recipe/6937050
돼지고기 제육볶음용,양파,대파,식용유,고추장,고춧가루,간장,다진마늘,올리고당,설탕,생강가루,후추가루,참기름,맛술,깨
제육볶음 만드는법,https://www.10000recipe.com/recipe/6910220
앞다리살 돼지고기,양파,청양고추,대파,고추장,고추가루,간장,다진마늘,설탕 또는매실액,후추,생강가루,통깨
제육볶음은 언제나 먹어도 맛있자냐!!! 고추장불고기 ★,https://www.10000recipe.com/recipe/6921583
돼지고기,양파,당근,청양고추,홍고추,대파,통깨,물,식용유,고추장,고춧가루,간장,다진 마늘,설탕,매실액,맛술,소금,후추
제육볶음 만들기,https://www.10000recipe.com/recipe/4015873
돼지고기,양배추,대파,양파,청량고추,깻잎,고추장,고춧가루,진간장,매실원액,설탕,다진마늘,통깨
제육볶음 ,https://www.10000recipe.com/recipe/6071369
목살,양파,청양고추,대파,느타리버섯,청주,식용유,고춧가루,고추장,설탕,물엿,간장,다진마늘,참기름,후춧가루,소금,대파,고춧가루,참기름,통깨,식초,설탕
백종원 제육볶음 레시피 이렇게나 간단하다니 !,https://www.10000recipe.com/recipe/6892809
돼지고기앞다리살,호박,당근,양파,대파,고추,물,설탕,고추장,고춧가루,간장
"수미네반찬 오삼불고기. 오징어볶음, 제육볶음 둘 다 먹자~ 술안주로 좋다!",https://www.10000recipe.com/recipe/6906494
오징어,대패삼겹살,홍고추,청양고추,당근,양파,대파,고추장,고춧가루,간장,매실액,다진마늘,후춧가루,설탕
(집에서 즐기는 술안주) 제육볶음 - 간단 술안주,https://www.10000recipe.com/recipe/6869241
돼지고기,양파,양배추,대파,청양고추,고추장,굴 소스,진간장,다진 마늘,올리고당,매실액,고춧가루,참기름,후춧가루
대패삼겹으로 고추장 제육볶음 만들기,https://www.10000recipe.com/recipe/6929550
대패삼겹살,양파,고추장,진간장,올리고당,다진마늘,참기름,깨소금,설탕
제육볶음 우리집 인기메뉴~,https://www.10000recipe.com/recipe/6872070
돼지고기 ,양파,당근,대파,청양고추,홍고추,다진 마늘,다진 생강,진간장,설탕,맛술,청주,고춧가루,고추장,참기름,후춧가루
 < 반찬> 제육숙주볶음,https://www.10000recipe.com/recipe/6929154
돼지고기 앞다리살,숙주,양파,대파,마늘,미향,설탕,다진마늘,진간장,참기름,굴소스,후춧가루,통깨
매콤달달 밥도둑! 고추장 제육볶음 황금레시피,https://www.10000recipe.com/recipe/6940399
돼지고기,양파,양배추,파,고추장,고춧가루,간장,물엿,매실액,청주,설탕,생강,다진마늘,후추
대패삼겹살 두부찌개 : 제육볶음 같으면서 찌개같은 깜찍한 혼종,https://www.10000recipe.com/recipe/6925083
대패삼겹살,두부,양파,대파,멸치육수,소금,후추,설탕,고춧가루,맛술,간장,멸치액젓,참기름,고추장,다진마늘
언제나 맛있는 고기반찬 제육볶음,https://www.10000recipe.com/recipe/6955842
돼지앞다리살,​반으로 자른 쪽파,고춧가루,고추장,간장,청주,매실청,올리고당,다진마늘,참기름,후추
백종원 콩나물제육볶음 콩불 진짜 쉬운데 맛나!,https://www.10000recipe.com/recipe/6942884
대패삼겹살,콩나물,대파,청양고추,당근,통깨,고추장,고춧가루,설탕,간장,맛술,다진마늘
"간장제육볶음, 고추장제육볶음 두가지맛을 한번에~!!",https://www.10000recipe.com/recipe/6875293
돼지고기앞다리,양파,당근,대파,청양고추,설탕,미림,다진마늘,간장,굴소스,고추장
"제육볶음 레시피, 고추장불고기 요렇게만 만들면 실패없지 ~ ",https://www.10000recipe.com/recipe/6894448
돼지고기,양파,깻잎,떡볶이 떡 약간,참기름,통깨,물,미림,후춧가루,다진 마늘,설탕,진간장,간장,고춧가루,고추장,미림,올리고당,후춧가루
매콤하고 달콤한 제육볶음,https://www.10000recipe.com/recipe/5171611
돼지고기,양파,깻잎,대파,통깨,식용유,양조간장,고추장,고춧가루,매실액,맛술,설탕,다진마늘,후춧가루
간단제육볶음,https://www.10000recipe.com/recipe/6905518
돼지고기 전지,양파,대파,청양고추,고추장,간장,고추가루,설탕,올리고당,미향,울금 가루,다진마늘,참기름,흑후추가루,깨
아이들이 좋아하는 간장 제육 볶음 만들기 ,https://www.10000recipe.com/recipe/5198973
돼지고기 앞다리살,대파,양파,당근,진간장,양파,물,후춧가루,설탕,참기름
저녁메뉴추천 돼지고기 제육볶음,https://www.10000recipe.com/recipe/6927490
돼지고기 앞다리살,양파,대파,통깨,고추장,다진마늘,고춧가루,간장,설탕,올리고당,매실액기스,맛술,후추
간단하면서 맛있는 목살 제육볶음,https://www.10000recipe.com/recipe/6897476
돼지목살,양파,당근,마늘,대파,고추장,다진마늘,고춧가루,간장,올리고당,참기름
돼지불고기 제육볶음 ,https://www.10000recipe.com/recipe/6912285
돼지고기,양파,대파,청양고추,식용유,통깨,다진 마늘,맛술,설탕,후춧가루,생강가루,고추장,고춧가루,다진 마늘,양조간장,청주,올리고 당,굴 소스,참기름
파채 올린 제육볶음~*,https://www.10000recipe.com/recipe/6858397
불고기용 돼지고기,양파,대파,당근,간장,고추장,올리고당,다진마늘,후추,고춧가루,통깨
백종원 제육볶음 레시피 양념이 맛있어,https://www.10000recipe.com/recipe/6920090
돼지고기 앞다리살,양파,대파,홍고추,설탕,통깨,고추장,고춧가루,진간장,올리고당,맛술,다진마늘
제육볶음 황금레시피 기사식당 버전!,https://www.10000recipe.com/recipe/6886845
돼지고기 앞다리살,양파,당근,대파,고추장,고춧가루,진간장,매실액,올리고당,후추
백종원 제육볶음 레시피 든든한 집밥 메뉴~,https://www.10000recipe.com/recipe/6938583
돼지고기,양파,청양고추,당근,깻잎,다진마늘,간장,고추장,고춧가루,맛술,올리고당,참기름,후춧가루,통깨
온 가족에게 사랑 받는 매콤 달콤 제육볶음,https://www.10000recipe.com/recipe/6833645
돼지고기 불고기용,양파,대파,청 고추,홍 고추,깻잎,고추장,진간장,설탕,올리고당,다진 마늘,참기름,맛술,고춧가루,생강가루,후춧가루,소금,통깨
오늘 저녁메뉴는 제육볶음이다!!,https://www.10000recipe.com/recipe/6934504
돼지고기 앞다리살,대파,양파,청양고추,고추장,고춧가루,간장,설탕,맛술,다진마늘,참기름,후추,식용유
'요리' 차쉐프 제육볶음; 삼시세끼 차줌마 황금레시피,https://www.10000recipe.com/recipe/6862469
고기,다진마늘,간장,후추,고춧가루,물엿,양파,소주,참기름,파
제육볶음!! 님은 오늘 제육이 땡깁니다~ 땡깁니다~,https://www.10000recipe.com/recipe/6925974
돼지고기 앞다리살 슬라이스,양파,당근,대파,간장,미림,맛소금,설탕,고추가루,진간장,미림,물엿,굴소스,참기름,다진마늘,고추장,후추
제육볶음 만들기,https://www.10000recipe.com/recipe/4642178
돼지고기,청량고추,양파작은거,대파,고추장,고추가루,간장,매실,요리당,청주,마늘,후추
대파제육볶음 이렇게 맛있으면 반칙이지,https://www.10000recipe.com/recipe/6944697
삼겹살,대파,통마늘,청고추,물,고춧가루,간장,설탕,후춧가루,참기름,통깨
대패삼겹살 두루치기 혹은 제육볶음 만들기,https://www.10000recipe.com/recipe/6948766
대패삼겹살,양파,청양고추,대파,간장,설탕,다진마늘,굴소스,고추장,물,후추
밥도둑 제육볶음 만들기,https://www.10000recipe.com/recipe/6838706
돼지고기 불고기용,양배추,양파,대파,간장,맛술,다진 마늘,후춧가루,고춧가루,고춧가루,고추장,간 양파,간장,다진 마늘,설탕,후춧가루
언제 먹어도 맛있는 제육볶음 만들기!,https://www.10000recipe.com/recipe/6943943
돼지고기 목살,양파,대파,당근,청양고추,간장,다진마늘,고춧가루,설탕,매실액,참기름,통깨
초초간단 제육볶음 만들기,https://www.10000recipe.com/recipe/6872582
돼지고기앞다리살,양파큰거,당근,양배추,고추장,고춧가루,간장,올리고당,고추
제육볶음ㅣ제육 전문점이 부럽지 않은 맛!ㅣ삼겹살의 변신,https://www.10000recipe.com/recipe/6923235
삼겹살,양파,파,고춧가루,진간장,설탕,고추장,연두 or 맛선생,다진마늘,청주,통후추 가루
3대천왕 거제 제육볶음 레시피 간단하네요,https://www.10000recipe.com/recipe/6853304
돼지고기앞다리살,양파,대파,간장,다진마늘,후추,참기름,고추가루,설탕,올리고당,깨,다진생강
김치 제육볶음~*,https://www.10000recipe.com/recipe/6952781
돼지고기앞다리살,대파,익은김치,소주,고추장,간장,갈색설탕,고춧가루,다진마늘,후추
꿀맛 앞다리살 제육볶음 레시피 ,https://www.10000recipe.com/recipe/6952479
돼지앞다리살,양파,대파,당근,버섯,깻잎,양배추,청양고추,간장,고추장,설탕,소주,고춧가루,다진마늘,식용유
아삭한 파채를 올려먹는 매콤한 제육볶음,https://www.10000recipe.com/recipe/5126109
돼지고기,대파,청양고추,양파,다진마늘,고추장,청양고춧가루,간장,물엿,설탕,참기름,맛술,매실액,후춧가루,식용유
제육볶음 맛있게 만드는법,https://www.10000recipe.com/recipe/4803714
돼지고기 앞다리살,청양고추,양파,신김치,쪽파,집고추장,고춧가루,다진마늘,통깨,매실원액,설탕,참기름
제육볶음,https://www.10000recipe.com/recipe/6902026
돼지고기,마늘,파,양파,고추장,고추가루,간장,올리고당
제육볶음 만드는 법 차승원 레시피 참고해서 만든 고추장불고기,https://www.10000recipe.com/recipe/6911696
돼지고기,대파,당근,청양고추,양파,통깨,다진 마늘,간양파,설탕,진간장,생강가루,고춧가루,고추장,간양파,미림,설탕,참기름
백종원 대파 제육볶음 만들기 삼겹살 요리 소주안주네,https://www.10000recipe.com/recipe/6952795
삼겹살,통마늘,청양고추,대파,물,물,진간장,설탕,참기름,굵은 고춧가루,고운 고춧가루,소금,후춧가루,깨
부드럽고 잡냄새 없는 제육볶음의 비밀 양파!,https://www.10000recipe.com/recipe/6916438
돼지고기 앞다리살,양파,새송이버섯,대파,통깨,고추장,진간장,굴소스,고춧가루,맛술,올리고당,설탕,참기름,다진마늘,다진파,후추가루,생강즙 또는
"제육볶음, 고추장 돼지불고기 만드는법!",https://www.10000recipe.com/recipe/6954937
돼지고기 전지,양파,대파,당근,청양고추,고추장,고추가루,진간장,맛술,물엿,설탕,다진마늘,생강,참기름,후추
콩나물 제육볶음 만들기,https://www.10000recipe.com/recipe/5288817
돼지고기앞다리,양파,파,다진마늘,청양고추,콩나물,고추장,고추가루,간장,올리고당,매실액,후추
제육볶음 맛있게 만드는법,https://www.10000recipe.com/recipe/6949139
대파,마늘,양파,청양고추,파프리카,돼지고기,간장,고추가루,고추장,굴소스,올리고당
"대패삼겹살로 빠르게 볶아낸 간장제육볶음, 제육볶음",https://www.10000recipe.com/recipe/6926022
대패삼겹살,마늘,후추,간장,청주,참기름,올리고당,매실,대파
된장제육볶음 색다른맛의 돼지불고기 한길식품 한된장,https://www.10000recipe.com/recipe/6889745
돼지고기 ,양파,대파,당근,청양고추,된장,설탕,올리고당,간장,다진마늘,다진생강,맛술,후추,참기름,통깨
고추장 돼지 불고기 / 구이와 제육볶음 만들기,https://www.10000recipe.com/recipe/6929031
돼지고기 앞다릿살,양파,당근,대파,마늘,생강,식용유,고추장,고춧가루,맛술,간장,설탕,매실액,참기름,후추
[원팬]제육볶음,https://www.10000recipe.com/recipe/6930730
돼지 불고기,양파,대파,간장,고추가루,고추장,맛술,올리고당,설탕,다진마늘,참기름,후추
고추장 제육볶음 ,https://www.10000recipe.com/recipe/6841853
돼지고기 앞다리살,양파,파,당근,설탕,고춧가루,맛술,간장,다진마늘,고추장,매실액
"제육볶음 만드는 방법, 한그릇 요리로도 최고!",https://www.10000recipe.com/recipe/6876884
돼지목살,양파,당근,청양고추,깻잎,팽이버섯,대파,맛술,소금,후춧가루,고추장,고춧가루,진간장,된장,다진마늘,설탕,물엿,참기름
제육볶음 레시피,https://www.10000recipe.com/recipe/6883961
돼지고기,양파,대파,식용유,통깨,설탕,맛술,다진 마늘,생강가루,후춧가루,고춧가루,고추장,다진 마늘,양조간장,청주,올리고당,참기름
고추장 삼겹 제육볶음 만드는법,https://www.10000recipe.com/recipe/6879924
삼겹살,양파,고추장,고추가루,간장,다진마늘,올리고당,참기름,청주,깨소금
콩나물 제육볶음 너무 맛있쩡~♥,https://www.10000recipe.com/recipe/6854872
고추장,간장,고춧가루,설탕,마늘,후추
삼시세끼 제육볶음 ,https://www.10000recipe.com/recipe/6831479
돼지고기,양파,당근,고춧가루,간장,물엿,다진 마늘,양파즙,소주,참기름,후추,간장,다진마늘,후추
단호박 치즈제육볶음,https://www.10000recipe.com/recipe/6920623
단호박,제육볶음,슬라이스 치즈,파슬리
삼시세끼 차승원 제육볶음 레시피 ,https://www.10000recipe.com/recipe/6832996
돼지고기,양파,대파,양배추,고추,간장,후추,다진마늘,간장,고춧가루,물엿,후추,다진마늘,양파 간것,참기름,소주
제육볶음 황금레시피 저녁메뉴로 좋아요 ^^,https://www.10000recipe.com/recipe/6888645
돼지고기 앞다리살,양파,당근,대파,홍고추 ,청양고추,미림,후춧가루,생강가루,설탕,고추장,고춧가루,진간장,미림,다진 마늘,후춧가루,생강가루,올리고당,물,통깨,참기름
TV요리) 오늘 점심은 제육이다~! 삼시세끼 제육볶음 ★ ,https://www.10000recipe.com/recipe/6919535
돼지고기앞다리살,인삼주,후추,양파,빨강 파프리카,쪽파,통깨,고추장,다진 마늘,설탕,고춧가루,간장,매실액,참기름,후추
쉬운 초간단 제육볶음,https://www.10000recipe.com/recipe/6891001
목살,고추장,고추가루,간장,설탕,굴소스,미림,다진마늘,양파 큰것,당근,파,마늘
기사식당 제육볶음 만들기,https://www.10000recipe.com/recipe/6892334
돼지고기 ,양파,파,팽이버섯,청량고추,고추장,고추가루,다진마늘,맛술,간장,설탕,매실액,참기름,후추,깨
"백종원 요리비책, 대파 제육볶음 레시피",https://www.10000recipe.com/recipe/6934157
돼지고기,대파,물,간장,고운고춧가루,굵은고춧가루,마늘,설탕,깨소금,참기름,후추,소금약간
자취생도 만드는 청양 제육볶음!!,https://www.10000recipe.com/recipe/6942273
돼지고기,양파,청양고추,고추장,돼지불고기양념,깻잎
쫀득한 마늘과 매콤짭쪼름한 두반장의 조화~두반장돼지불고기(두반장제육볶음),https://www.10000recipe.com/recipe/6930638
돼지고기 불고기용,통마늘,통깨,두반장,올리고당,생강즙,물,설탕,진간장
제육볶음 황금레시피,https://www.10000recipe.com/recipe/5891844
돼지고기앞다리살,다진마늘,간장,후추,양배추,대파,청양고추,고춧가루,간장,일반고춧가루,청양고춧가루,양파,다진마늘,물엿,소주,후추
백종원의 삼겹살 제육 볶음 ,https://www.10000recipe.com/recipe/6895539
삼겹살,부추,양파,대파,청양고추,설탕,물,고추장,고추가루,간장,다진마늘,참기름
제육볶음 만들기,https://www.10000recipe.com/recipe/6848403
돼지고기 앞다리살,양파,대파
매콤달콤 부드러운 제육볶음,https://www.10000recipe.com/recipe/5255810
돼지고기앞다리살,깻잎,양파,대파,통깨,식용유,고추장,고춧가루,양조간장,매실액,맛술,설탕,다진마늘,후춧가루
"대패삼겹살 제육볶음, 백종원 두루치기 레시피 참고했어요.",https://www.10000recipe.com/recipe/6882004
대패삼겹살,대파,새송이버섯,통마늘,간장,맛술,설탕,고추장,고춧가루,식초,설탕
매콤 달콤한 제육볶음,https://www.10000recipe.com/recipe/6829486
돼지고기,큰 양파,양배추,청양고추,고추장,고춧가루,간장,생강술,다진 마늘,매실액,후추,미림,물,참기름
삼시세끼 차승원따라잡기-제육볶음편,https://www.10000recipe.com/recipe/6644488
돼지고기,양파,대파,중간크기 당근,청양고추,간장,후추,마늘,간장,고춧가루,참기름,후추,물엿,마늘
김치제육볶음으로 내일없이 달릴사람 여기붙어라~♥,https://www.10000recipe.com/recipe/6900945
돼지고기,김치,대파,양파,고추장,고춧가루,다진마늘,맛술,설탕,다진생강,올리고당,후추,참기름
입에 착착 감기는 꽈리고추 제육볶음,https://www.10000recipe.com/recipe/6883486
돼지고기,꽈리고추,양파,대파,고추장,고춧가루,간장,물,다진마늘,생강술,소금,액젓,고추기름,맛술,올리고당,황설탕,후추,깨소금,참기름
삼겹살로 더 맛있고 매콤한 제육볶음,https://www.10000recipe.com/recipe/6893906
삼겹살,마늘,양파,고추장,고추가루,간장,소금,맛술,꿀,통깨,파
김치 제육볶음 만들기,https://www.10000recipe.com/recipe/6866954
돼지고기,김치,양파,땡초,대파,간장,고추장,고춧가루,다진마늘,설탕,매실액기스,생강청,후추
고추장 제육볶음(돼지고기목살) 양념이 생명!,https://www.10000recipe.com/recipe/6940226
목살,고추장,고춧가루,간장,설탕,맛술,양파,다진마늘,대파,청양고추,홍고추,후추,참기름
제육볶음,https://www.10000recipe.com/recipe/6884086
돼지고기 앞다리살,양파,당근,쪽파 or 대파,,마늘,간장,고추장,고춧가루,매실청 or 올리고 당,맛술 or 청주,참기름,후추,깨소금,볶음용으로 물
간단한 저녁 반찬 제육볶음 만드는법 ,https://www.10000recipe.com/recipe/6895511
돼지고기앞다리살,양파,양배추,파,당근,마늘,고추장,고추가루,간장,참기름,맛술,꿀
한그릇요리 김치 제육볶음 저렴하지만 맛있는 돼지고기 앞다리살로 만들기,https://www.10000recipe.com/recipe/6695005
돼지고기 앞다리살,김치,양파,당근,대파,청양고추,설탕,고추장,다진마늘,간장,고춧가루,올리고당,깨,참기름
"고기보다 떡이죠~ 제육떡볶이, 제육볶음, 떡볶이",https://www.10000recipe.com/recipe/6934530
떡볶이 떡,대파,양파,식용유,돼지앞다리살,간장,청주,고추장,고추가루,다진마늘,올리고당,매실청,후추,참기름
반찬과 안주 모두 되는 돼지고기 두부김치(김치제육볶음),https://www.10000recipe.com/recipe/6921458
두부,묵은지,대패 목살,고춧가루,맛술,간장,고추장,설탕,다진마늘
제육볶음~김장김치와 간단하게 볶으세요,https://www.10000recipe.com/recipe/6903854
돼지고기 앞다리살/삼겹살,김장김치,양파,대파,청양고추,다진마늘,고추장,설탕,후추가루,물엿,고추가루,생강술
"제육볶음 황금레시피, 깔끔하고 매콤한 제육볶음/ 패뷸러스테이블",https://www.10000recipe.com/recipe/6904956
얇게 썬 돼지고기 앞다리살,양배추,대파,청양고추,홍고추,마지막에 넣어줄 고추가루,간장,마늘,후추가루,간장,약간매운 고추가루,간양파,마늘,맛술,물엿,후추가루
맛있고 간단한 제육볶음 황금레시피~,https://www.10000recipe.com/recipe/6832468
돼지고기,양파,대파,고추장,고추가루,간장,마늘,설탕,매실액,미향,후추,깨
제육볶음 황금레시피,https://www.10000recipe.com/recipe/6936432
돼지목살,대파,양파,홍고추,풋고추,당근,고추장,고추가루,간장,올리고당,다진마늘,소주
양념장이 맛있는 제육볶음 황금레시피,https://www.10000recipe.com/recipe/6712649
돼지고기 앞다리살,양파,청양고추,대파,식용유,고추장,고춧가루,다진마늘,설탕,간장,통깨,후추
백종원의 3대천왕 거제 제육볶음 만들기,https://www.10000recipe.com/recipe/6954266
돼지고기,양퍄,당근,대파,설탕,간장,고춧가루,다진마늘,후추
"냉동삼겹살 구제하기, 백선생 제육볶음 레시피♩",https://www.10000recipe.com/recipe/6853057
돼지고기,양배추,대파,당근,양파,애호박,홍고추,청양고추,설탕,물,고추장,고춧가루,간마늘,간장,참기름
돼지고기 제육볶음 초간단 들들 볶기,https://www.10000recipe.com/recipe/6857617
돼지고기,양파작은것,대파,청양고추,올리고당,매실청,참기름,마늘,후추
간단하고 맛있는 제육볶음레시피,https://www.10000recipe.com/recipe/6853497
돼지고기 앞다리살,마늘,당근,파,청양고추,버섯,고추장,고춧가루,간장,미림,올리고당,설탕,참기름,식용유
대패삼겹 콩나물제육볶음 레시피,https://www.10000recipe.com/recipe/6893961
대패삼겹,양파,대파,부추,콩나물,간마늘,맛간장,고추장,맛술,생강가루,소주,참기름,설탕,올리고당,후추가루,고추가루,매실액,굴소스
맛있는제육볶음만들기 ♡,https://www.10000recipe.com/recipe/6937329
돼지고기앞다리살,양파,대파,애호박,새송이버섯,고추장,간장,다진마늘,올리고당,고추가루
안주 강추 ! 제육볶음 진짜 황금 레시피 불맛나게 볶아보자 술안주,https://www.10000recipe.com/recipe/6832233
돼지고기 앞다리살,떡볶이떡,양파,쪽파,마늘,청양고추,홍고추,간장,고추장,고춧가루,설탕,맛술,생강술,참기름,후추
김치제육볶음 만드는 법,https://www.10000recipe.com/recipe/6920398
돼지고기,김치,양파,청양고추,홍고추,대파,다진마늘,참기름,후추,고추장,고춧가루,간장,설탕,맛술
고추장 매운 제육볶음 ,https://www.10000recipe.com/recipe/6905413
돼지고기 앞다리살,식용유,양파,대파 흰대 부분,사과,청양고추,통마늘,맛술,진간장,고추장,진간장,청양고춧가루,일반 고춧가루,생강즙,요리 당,카레가루,참기름,후춧가루
제육볶음 황금레시피,https://www.10000recipe.com/recipe/6905564
돼지고기앞다리살,양파,당근,대파,간장,다진 마늘,맛술,후춧가루,고춧가루,고추장,간장,다진 마늘,설탕,물엿,미림,후춧가루
제육볶음과는 또 다른 맛 ★ 오리랑 주물주물 오리주물럭 ★,https://www.10000recipe.com/recipe/6784402
오리고기,양파,대파,깻잎,청양고추,참기름,통깨,고추장,고춧가루,간장,설탕,올리고당,다진 마늘,맛술,소금,후추
진짜 진짜 제육볶음 황금레시피,https://www.10000recipe.com/recipe/6922741
돼지고기불고기,양파,청양고추,고추장,된장,고춧가루,다진마늘,매실액기스,설탕,올리고당,참기름,깨
백종원 제육볶음,https://www.10000recipe.com/recipe/6643954
돼지고기,설탕,야채,간장,고추장,고춧가루,물엿,다진마늘,굴소스,미림
백종원님의 제육볶음 만들기,https://www.10000recipe.com/recipe/6829777
돼지고기 목살,애호박,당근,양파,대파,청양고추,통깨,설탕,물,고추장,간 마늘,고춧가루,간장,참기름
"백종원식 앞다리살 제육볶음,
무치지 않고 확 볶아요~~",https://www.10000recipe.com/recipe/6860931
돼지고기 앞다리살,양파,양배추,식용유,고춧가루,고추장 깎아서,생강즙 또는 생강가루,후춧가루,다진마늘,대파,참기름,깨소금,간장,설탕
집에 간고기만 있을때 간단히 해먹는 제육볶음만들기,https://www.10000recipe.com/recipe/6924836
돼지고기갈은것,양파,김치,고추장,맛술,올리고당,맛소금,식용유
돼지고기 제육볶음 만드는법! 먹음직 먹음직하구나~,https://www.10000recipe.com/recipe/6938628
돼지고기앞다리살,대파,양파,식용유,미림,올리고당,마늘,고춧가루,고추장,양조간장,생강조청,참기름
크.. 오늘 메뉴는 이걸로 결정! 제육볶음소면,https://www.10000recipe.com/recipe/6904182
목살,대파 10cm,양파,청양고추,소면,고추장,고춧가루,간장,다진마늘,설탕,맛술,후추
제육볶음 만들기 / 제육볶음 양념 만들기,https://www.10000recipe.com/recipe/6871338
돼지고기앞다리살,대파,양파,양배추,청양고추,설탕,물,고춧가루,고추장,다진마늘,간장,후춧가루
백종원 레시피 제육볶음 이렇게 맛있어?,https://www.10000recipe.com/recipe/6954679
돼지고기,양파,대파,청양고추,파프리카,생강,마늘,설탕,간장,물엿,참기름,맛술,후추,로즈마리
제육볶음 만들기,https://www.10000recipe.com/recipe/6947062
돼지고기앞다리살,대파,양파,마늘,고추장,고춧가루,간장,설탕,올리고당
돼지고기 두루치기 고춧가루로 깔끔하게 맛 낸 제육볶음,https://www.10000recipe.com/recipe/6865416
돼지고기 앞다리살,고춧가루,매운 고춧가루,다진 마늘,설탕,맛술,소금,후추
김치 제육볶음,https://www.10000recipe.com/recipe/6941465
돼지고기,김치,양파,대파,통깨,간장,고추장,고춧가루,설탕,맛숣,다진마늘
파와 한번 양념에 한번 두번 볶았어요~ 제육볶음,https://www.10000recipe.com/recipe/6921027
돼지앞다리살,다진마늘,다진생강,청주,후추,매실청,올리고당,참기름,고추가루,양파,대파,청양고추,간장,식용유
제육볶음,https://www.10000recipe.com/recipe/6926897
돼지목살,양파,대파,멸치 국물,고추장,고춧가루,올리고당,간장,참기름,다진마늘,후춧가루
백종원 제육볶음 황금레시피,https://www.10000recipe.com/recipe/6608751
돼지고기앞다리살,양파,당근,댜진파,깻잎,미니파프리카,고추장,고춧가루,간장,설탕,다진마늘,물,참기름
TV요리) 토마토치즈제육볶음 갓영자의 추천메뉴!,https://www.10000recipe.com/recipe/6888639
돼지고기 앞다리살,양파,토마토,양송이버섯,청양고추,토마토 소스,모짜렐라 치즈,물,고추장,간장,고춧가루,다진 마늘,맛술,후추,올리고당
제육볶음과 상추겉절이~제육볶음황금레시피!,https://www.10000recipe.com/recipe/6903216
돼지고기,양파,대파,식용유,참기름,통깨,간장,생강즙,맛술,다진마늘,후추,고추장,간장,고춧가루,설탕,올리고당,맛술,다진마늘,상추,다진대파,양파,간장,다진마늘,설탕,액젓,식초,고춧가루,참기름,깨소금
"삼겹살 제육볶음 레시피, 제육볶음 간단하게 만드는 법:D",https://www.10000recipe.com/recipe/6934201
양파,삼겹살,식용류,대파,설탕,다진마늘,양조간장,청주,고추장
"백주부의 집밥레시피 52, 고기듬뿍 제육덮밥(볶음)♪",https://www.10000recipe.com/recipe/6858671
밥,돼지고기,양파,대파,당근,양배추,청양고추,홍고추,계란,식용류,설탕,고춧가루,다진마늘,간장,참기름,후춧가루,통깨
차승원 삼시세끼 제육볶음 황금레시피,https://www.10000recipe.com/recipe/6841263
돼지고기앞다리살,양파,대파,간장,고춧가루,양파 간거,다진마늘,올리고당,미림,후추
제육볶음 레시피 초간단 숙성 레시피,https://www.10000recipe.com/recipe/6946006
돼지고기 앞다리살,양파,청양고추,표고버섯,대파,당근,다진마늘,간장,고추장,올리고당,설탕,참기름,맛술,고춧가루,후추,올리고당,고춧가루,간장,식용유
제육볶음 만드는법 김치넣고 더 맛있게 만들었어요 :),https://www.10000recipe.com/recipe/6939961
돼지고기,양파,대파,당근,청양고추,김치,설탕,다진마늘,미림,올리고당,진간장,고추장,매실액,후추
제육볶음 황금레시피 이렇게 해봐!,https://www.10000recipe.com/recipe/6886830
돼지고기 앞다리살,양파,대파,청양고추,고추장,고춧가루,진간장,다진마늘,매실액,설탕,통깨,후추
제육볶음,https://www.10000recipe.com/recipe/6915027
돼지고기,다진마늘,맛술,양파,고추장,고추가루,후추가루,매실청
돼지앞다리살로 만든 기본에 충실한 국물 자작한 제육볶음,https://www.10000recipe.com/recipe/6906714
돼지고기 앞다리살,양파,당근,새송이버섯,대파,설탕,다진마늘,생강술,맛술,생강가루,후춧가루,고추장,간장,물엿,고춧가루
"언제 먹어도 맛있는 밥도둑 ""제육볶음""",https://www.10000recipe.com/recipe/6890254
돼지고기 앞다리살,양파,당근,애호박,파,깻잎,고추장,고추가루,설탕,간장,다진마늘,맛술,후추,굴소스,맛술,다진마늘,후추
밥한공기 뚝딱! 매콤한 고추장 제육볶음 ,https://www.10000recipe.com/recipe/6928891
돼지고기 불고기감 목살,양파,대파,청양고추,홍고추,​고추장,고춧가루,​진간장,다진마늘,갈은사과,올리고당,후춧가루
"만물상, 다이어트에 좋은 대파 제육볶음",https://www.10000recipe.com/recipe/6890534
돼지고기,양파,대파 흰 부분,꽈리고추,고춧가루,간장,맛술,후추
부드럽고 더욱 맛있게 먹는 제육볶음 만드는 법,https://www.10000recipe.com/recipe/5419824
돼지 앞다리살,양파,당근,파,고추장,고춧가루,간장,마늘,올리고 당,맛술,청주,후추,참기름,깨소금
제육볶음. 기사식당 부럽지 않는 제육볶음~,https://www.10000recipe.com/recipe/6892332
돼지고기 앞다리살,떡볶이 떡,양파,당근,대파,매운고추,물,간장,설탕,맛술,카레가루,다진 마늘,다진 생강,고춧가루,고추장,게량스푼
김치제육볶음 만들기,https://www.10000recipe.com/recipe/6874974
돼지고기 앞다리살,양배추,양파,청양고추,깻잎,간장,고추가루,올리고당,고추장,맛술,굴소스,다진마늘,설탕
제육볶음 ,https://www.10000recipe.com/recipe/6887074
대패삼겹살,양파,대파,깨,고추장,진간장,참기름,다진마늘,설탕,올리고당,고춧가루
[읽어주는레시피] 실패없는 제육볶음 ! [만개의레시피],https://www.10000recipe.com/recipe/6836019
돼지고기,대파,당근,양파,편마늘,참기름,통깨,고추장,고춧가루,물엿,설탕,청주,다진마늘,참기름
<제육볶음>황금레시피 실패확률 적은 황금비율양념으로~!,https://www.10000recipe.com/recipe/6854076
돼지고기,양파,대파,식용유,참기름,통깨,간장,생강즙,맛술,다진마늘,후추가루,고추장,간장,고추가루,설탕,올리고당,맛술,다진마늘
재우지않고 만드는 백종원 제육볶음,https://www.10000recipe.com/recipe/6899190
제육볶음용 고기,양배추,양파,당근,버섯,파,청양고추,설탕,후춧가루,참기름,고추장,굴소스,간장,다진 마늘
제육볶음 황금레시피 새우넣어 색다르게 만들어요,https://www.10000recipe.com/recipe/6926648
돼지고기 앞다리살,새우,양파,당근,대파,식용유,후추,통깨,고추장,고춧가루,간장,참기름,설탕,맛술,다진마늘
김치제육볶음 만드는 법 : 덮밥으로도 good!,https://www.10000recipe.com/recipe/6794253
대패삼겹살,신김치,양배추,양파,깻잎,대파,홍고추,간장,미림,연두,설탕,고춧가루,쌈장,다진 마늘,고추장
술안주? 반찬? 한번에 해결♥대파제육볶음,https://www.10000recipe.com/recipe/6884104
돼지고기,대파,청양고추,통마늘,고추장,고춧가루,물엿,올리브유,카레가루
초간단 제육볶음 저녁메뉴로 굿 ~ ,https://www.10000recipe.com/recipe/6865466
돼지고기 뒷다리,양파,파,깨소금,쌈장,올리고당
고춧가루 제육볶음 황금레시피로 뚝딱!!,https://www.10000recipe.com/recipe/6886322
돼지고기,양배추,양파,대파,청양고추,간장,다진마늘,후추,간장,고춧가루,간양파,간마늘,맛술,올리고당,후추
김치제육볶음,https://www.10000recipe.com/recipe/6834934
삼겹살,김치,청양고추,대파,고추장,고춧가루,맛술,간장,참기름,이유,다진마늘,매실액,후추
돼지주물럭 : 매콤한 제육볶음 만들기 ,https://www.10000recipe.com/recipe/6846843
돼지고기,대파,양파,당근,청양고추,생강가루,고추장,고춧가루,설탕,올리고당,간장,다진마늘,후추,식용유,깨
삼겹살로 푸짐하게~ 제육김치볶음,https://www.10000recipe.com/recipe/6841874
삼겹살,배추김치,두부,양파,당근 얇게썰은것,대파 5cm 길이,청양고추,간장,물엿,고춧가루,고추장,다진마늘,미림,참기름,후추,깨소금
매콤한 돼지불고기 제육볶음 만들기,https://www.10000recipe.com/recipe/6877017
돼지고기뒷다리살,청양고추,양파,생강,마늘,대파,고추장,고춧가루,간장,맛술,설탕,올리고당,참기름,소금,후추
집밥 백선생 제육볶음 만들기,https://www.10000recipe.com/recipe/6906683
삼겹살or앞다리살,고추장,고추가루,진간장,설탕,다진마늘,물,양파,당근,호박,파,양배추,고추
제육볶음/돼지고기 두루치기 만드는법~,https://www.10000recipe.com/recipe/6842170
돼지고기 앞다리살,청양고추,신김치,고추장,고춧가루,다진마늘,통깨,매실원액,설탕,참기름,대파
"매콤한 ""제육덮밥/제육볶음""♪",https://www.10000recipe.com/recipe/6872860
삼겹살,대파,청양고추,고추장,고춧가루,진간장,매실액기스,올리고당,다진마늘,양파
파인애플제육볶음 만드는 법,https://www.10000recipe.com/recipe/4453982
돼지고기 목심,파인애플,대파,식용유,양조간장,고추장,매실액,맛술,올리고당,다진 마늘,후춧가루
"마이리틀 텔레비전, 백종원의 제육볶음 만드는 법",https://www.10000recipe.com/recipe/6843520
돼지고기,당근,양파,양배추,대파,풋고추 홍고추,설탕,고춧가루,간장,다진 마늘,참기름,후춧가루,통깨
고추장돼지불고기볶음만들기/ 저렴한 고기로 맛있는 한 끼 돼지불고기볶음 /제육볶음,https://www.10000recipe.com/recipe/4526334
돼지고기 뒷다리살,고추장,고춧가루,설탕,맛간장,참기름,청주,다진 파,다진 마늘,후춧가루
백종원 제육볶음 레시피!! ,https://www.10000recipe.com/recipe/6838037
돼지앞다리살,양파,대파,​설탕,고춧가루,간장,고추장,​물엿,다진마늘
 제육볶음 만들기,https://www.10000recipe.com/recipe/6854896
돼지고기앞다리,고추장,간장,물엿,고춧가루,미림,다진마늘,후추
고춧가루양념 제육볶음:아저씨입맛 사로잡은 기사식당 제육볶음,https://www.10000recipe.com/recipe/6847373
돼지목살,양조간장,다진마늘,후추,양파,대파 한단,양조간장,고춧가루,올리고당,참기름,술,양파즙,후추
부추제육볶음,https://www.10000recipe.com/recipe/6265647
부추,돼지고기목살,양파,붉은고추,맛술,소금,후춧가루,고추장,고춧가루,간장,다진마늘,설탕,참기름
간단 김치 삼겹살 볶음/제육볶음/돼지고기 두루치기,https://www.10000recipe.com/recipe/6928436
삼겹살,양파,김치,고추장,고추가루,설탕,다진마늘
백종원 골목식당 공릉동 백반집 제육볶음,https://www.10000recipe.com/recipe/540257
돼지고기,고추장,고춧가루,올리고당,다진 마늘,맛술,대파,양파,양배추,깨소금,참기름,후추,물
김치 제육볶음 만들기,https://www.10000recipe.com/recipe/6927405
돼지고기 불고기용,김치,대파,고춧가루,맛술,참기름,통깨,간장,다진마늘,후추
#수삼이 들어간 인삼제육볶음만들기 #쌉싸름한 인삼과 매콤한 제육볶음의 조합!!! 거기에 달콤한 단호박까지~~~,https://www.10000recipe.com/recipe/6930685
돼지고기앞다리살,인삼,표고버섯,당근,양파,풋고추,홍고추,단호박,고춧가루,고추장,진간장,다진마늘,다진생강,다진파,청주,매실액,참기름,후추,꿀
묵은지 삼겹살 제육볶음,https://www.10000recipe.com/recipe/6777336
돼지고기,새송이 버섯,양파,파,청양고추,풋고추,통마늘,묵은지,간장,설탕,고춧가루
돼지고추장불고기 제육볶음 오늘은 너로 정했다,https://www.10000recipe.com/recipe/6862875
돼지고기,설탕,맛술,후추,고추장,고춧가루,간장,매실액,참기름,다진마늘,양파,대파,기름,깨
집밥백선생 제육볶음 황금레시피:),https://www.10000recipe.com/recipe/6837141
냉동삼겹살,양배추,호박,대파,양파,청양고추,설탕,고추장,다진마늘,고춧가루,간장,참기름,물
간단하면서도 꿀맛인 #간 깨 간장제육볶음 만들기!,https://www.10000recipe.com/recipe/6896038
돼지고기,양파,대파,간장,조청,설탕,마늘,생강가루,후춧가루,간 깨
제일 만만한 돼지고기요리 '두루치기 or 제육볶음',https://www.10000recipe.com/recipe/6854826
식용유,돼지 앞다리살,후추,당근,양파,떡,양배추,파,깨소금,다진 마늘,고추장,고춧가루,올리고당,진간장
