수육,추천순,197
#알배기배추를 이용한 겉절이 만들기 #쉽고 간단하면서 수육과도 잘 어울리는 금방 먹는 겉절이지요~~,https://www.10000recipe.com/recipe/6860042
알배기배추,고춧가루,멸치액젓,다진마늘,다진생강,쪽파,대파,매실액,새우젓,설탕,통깨
무수분 오겹살 수육. 보쌈은 이제 집에서 간편하게 맛있게 만들어 드세요.,https://www.10000recipe.com/recipe/6906497
돼지고기 오겹살,된장,소주,다진 마늘,대파,양파,통후추
수육전골,https://www.10000recipe.com/recipe/6841061
쇠고기 양지,부추,팽이버섯,대파,양파,마늘,생강,통후추,진간장,물,맛술,설탕,식초,양파,청양고추,사골육수,소금,후추
간편 펩시수육 만들기,https://www.10000recipe.com/recipe/6832017
수육용 통삼겹,펩시,물,된장,간장,후추가루
매콤하고 짭짤한 밥반찬 수육 조림,https://www.10000recipe.com/recipe/6930773
돼지고기 수육,대파,청양고추,다진마늘,다진생강,굴소스,맛술,진간장,올리고당,깨,후추,물
양파 부추 겉절이ㅣ10분 겉절이 수육과 찰떡궁합ㅣ밑반찬 [by.집밥한그릇],https://www.10000recipe.com/recipe/6922658
부추,양파,까나리액젓,설탕,고추가루,다진마늘,참기름,깨
밥도둑 새우젓무침 수육이랑 궁합 완벽해~,https://www.10000recipe.com/recipe/6955332
새우젓,청양고추,홍고추,대파 흰부분,고춧가루,다진마늘,참기름,깨소금
먹다 남은 수육으로 만든 동파육..,https://www.10000recipe.com/recipe/6892759
먹다남은수육,편마늘,간장,굴소스,올리고당,미림,물,참기름
"차슈덮밥:) 남은 보쌈,수육으로 간단한 한그릇요리",https://www.10000recipe.com/recipe/6904762
삼겹살 보쌈,새싹채소,대파,간장,물,맛술,설탕,올리고당,생강
수육 만들기! 보쌈 만드는법어렵지 않아요,https://www.10000recipe.com/recipe/6861312
수육용 삼겹살,굴소스,후추,파,마늘,된장,생강 작은 것,월계수잎
돼지고기수육 삶는법 : 이시국엔 마늘보쌈으로 면역력 챙겨!!(삼겹살수육),https://www.10000recipe.com/recipe/6926408
통삼겹살,양파,대파,마늘,생강,월계수잎,후추,된장,마늘,설탕,식초,간장,올리고당,올리브유
"남은 명절 음식, 남은 수육 활용법!! 챠슈덮밥만들기",https://www.10000recipe.com/recipe/6877591
수육,양파,물,간장,쯔유,설탕,미림,올리고당
"설날 새콤달콤 수육 짝꿍
메밀 막국수",https://www.10000recipe.com/recipe/6925247
메밀국수,오이,상추,깻잎,봄동,양배추,고추가루,고추장 고봉으로,매실액기스,식초,다진마늘,참기름,깨
복분자수육♡육질이 보들보들하고 달콤한 고급요리,https://www.10000recipe.com/recipe/6897691
통삼겹살,영양부추,양파,마늘,복분자액,청주,간장,꿀
잡내없고 야들야들 부드러운 수육 만들기!!,https://www.10000recipe.com/recipe/6951162
돼지고기 삼겹살,물,마늘,대파,커피가루,통후추,된장,굵은소금,생강,양파
보들보들 수육만들기,https://www.10000recipe.com/recipe/6852789
수육용 돼지고기,양파,대파,통마늘,통후추,월계수잎 큰거,인스턴트커피,된장 크게
두반장수육♡얼마나 맛있게요~^^,https://www.10000recipe.com/recipe/6899243
돼지고기사태,오이,당귀,치커리,두반장,식초,설탕,간장,다진마늘,통깨
삼겹살 간장 수육 with 루꼴라,https://www.10000recipe.com/recipe/6885731
돼지고기,루꼴라,간장,설탕,육수,다시마 손바닥 크기,멸치,양파,마늘,생강,대파 뿌리 또는 줄기 3뿌리 또는
남은 수육으로 차슈덮밥,https://www.10000recipe.com/recipe/6843323
수육,대파,통마늘,계란,고추,물,간장,굴소스,설탕,후춧가루
[집밥] 초간단 콜라 수육만들기,https://www.10000recipe.com/recipe/6947997
돼지고기 앞다리살,콜라,간장,통후추,양파,통마늘
"일본가정식, 돼지고기 간장수육 豚の確認 (부타노카쿠니)",https://www.10000recipe.com/recipe/6900977
돼지고기 통 삼겹살,무,당근,계란,시금치,물,진간장,정종,미림 각각,설탕,다시마,대파,생강
"무수분 보쌈 만들기 (간단 수육, 집들이)",https://www.10000recipe.com/recipe/6941880
돼지 앞다리살 or 삼겹살,다진마늘,된장,미림,소주,마늘,대파,깻잎,굵은소금,후추,양파,사과,매실청
【초간단】전기밥솥으로 만드는 쌍화탕수육 만들기~,https://www.10000recipe.com/recipe/6882425
수육용삼겹살,대파,양파,쌍화탕,간장,맛술
무말랭이무침♡삼겹살 수육과 함께♡오도독 초간단 밥도둑이예요~,https://www.10000recipe.com/recipe/6942050
무말랭이,참기름,통깨,간장,액젓,올리고당,설탕,맛술,다진마늘,고추가루
마늘소스 곁들이는 돼지고기수육,https://www.10000recipe.com/recipe/6879240
수육용 삼겹살,대파 흰부분,양파,통마늘,월계수잎,통후추,인스턴트 커피가루,된장 듬뿍,다진마늘,꿀,버터
"도담레시피 초간단 전기밥솥 삼겹살 수육 , 보쌈김치 만들기 !",https://www.10000recipe.com/recipe/4241740
삼겹살,슬라이스 무,간마늘,후추,채썬 무,설탕,소금,고춧가루,까나리액젓,설탕,물엿,간마늘
배추 보쌈 김치와 삼겹살 수육,https://www.10000recipe.com/recipe/6927468
배추 알배기,부추,절임물,밀가루풀,고춧가루,식힌 밀가루풀,새우젓,사과,다진마늘,다진생강,설탕,통깨,통삼겹살,부추
무수분수육 & 양념깻잎 : 잡내없이 수육 만드는 방법! 물 No! 수육과 어울리는 반찬까지,https://www.10000recipe.com/recipe/6892716
대파,양파,사과,마늘,통후추,월계수잎,통 삼겹살,된장,깻잎,고추장,고춧가루,다진 마늘,올리고당,멸치액젓,소금
잡내없는 맛난 통삼겹살수육 과 양파무침의환상궁합,https://www.10000recipe.com/recipe/6933592
수육재료 통삼겹살,양파,커피,맛술,통후추,생강,마늘,양파,설탕,소금,식초,고춧가루,통깨,마늘다진것
"잡내 없는 부들부들 무수분 수육, 된장보쌈 만들기",https://www.10000recipe.com/recipe/2600490
통삼겹살,대파,양파,사과,생강,월계수잎,통후추,된장,소주,다진마늘
소고기부추수육,https://www.10000recipe.com/recipe/6870232
소고기,부추,소금,후추,물,간장,식초,설탕,올리고당,겨자,간장소스,고추장,두반장
"보쌈무김치 황금레시피 , 수육삶는법 까지 !",https://www.10000recipe.com/recipe/6939755
무,돼지고기 목살,굴,통마늘,쪽파,소금,올리고당,고춧가루,설탕,올리고당,다진마늘,액젓,매실액,참기름,통깨,월계수잎,양파,대파,통후추,된장,통마늘
압력솥으로 맛있는 무수분 수육만들기,https://www.10000recipe.com/recipe/6887599
돼지고기 통 삼겹살,양파,대파,된장,월계수 잎,다진 마늘,생강가루,통후추
TV요리) 윤기좔좔 ★ 역시 고기가 입에 들어와야대 ★ 차승원의 수육,https://www.10000recipe.com/recipe/6879271
통삼겹살,커피가루,된장,월계수잎,양파,마늘,새우젓,고춧가루,다진 마늘,고추,된장,참기름,고춧가루,다진 대파,고추장,다진 마늘
돼지고기 수육 맛있게 삶는법 짱짱맛,https://www.10000recipe.com/recipe/6940712
삼겹살,된장,양파,대파,통마늘,월계수,국간장,커피,후추 톡톡,소주
육즙 촉촉! 누린내 제로! 신효섭의 초간단 한방수육,https://www.10000recipe.com/recipe/6912519
삼겹살,물,소금,설탕,쌍화탕
남아도는 티백과 먹다 남은 술로 육즙 가득 고소한 수육/보쌈,https://www.10000recipe.com/recipe/6883940
수육용 삼겹살 세덩어리,청주/소주,잔파,양파,마늘,생강편,월계수잎,통후추,우엉차/녹차 티백
한약재 1도없이 한방수육만들기♥,https://www.10000recipe.com/recipe/6900654
삼겹살,양파,대파 10cm,쌍화탕,맛술,간장,물
매콤한 돼지고기 수육 무침 /백종원 레시피응용,https://www.10000recipe.com/recipe/6879588
돼지고기 전지나 후지 불고기용,부추,양파,대파,청양고추,홍고추,된장,진간장,고추기름,다진마늘,설탕,식초,고추가루,고운고추가루,맛술,통깨,참기름
[간단 자취요리] 야매 한방 보쌈(수육)! 저렴하게 한방 보쌈을 먹어보자!,https://www.10000recipe.com/recipe/6863242
삼겹살,삼계탕용 약재팩,물,된장,간장
"김장 김치의 영원한 동반자, 야들야들 잡내 없는 수육 삶는 법!",https://www.10000recipe.com/recipe/6936657
돼지고기,물,양파,대파,사과,생강,된장,알 커피
보쌈 삶는법 무수분 수육으로 촉촉하게 즐겨요,https://www.10000recipe.com/recipe/6848439
삼겹살 OR 목살,양파,대파,통마늘,통후추,월계수잎,된장,미림
추운겨울이왔다. 뜨끈하게 몸녹여줄 겨울보양식 스지수육전골,https://www.10000recipe.com/recipe/6946788
스지,통후추,무,통마늘,대파,숙주,부추,새송이버섯,양파,생강가루,소금,후추
간단한 술안주 한우수육 만들기 ,https://www.10000recipe.com/recipe/6947907
한우사태,양파,대파 ,월계수잎,통후추,생강가루,부추
수육만들기~쌍화탕으로 수육삶아 봤어요? ,https://www.10000recipe.com/recipe/6900844
돼지앞다리살,월계수잎,쌍화탕,통후추,설탕,소금,진간장,물
한그릇요리 _ 남은 수육으로 만드는 차슈덮밥,https://www.10000recipe.com/recipe/6878780
먹고 남은 돼지고기 수육,간장,물,맛술,설탕,매실액,대파,양파,마늘
"남은 음식 활용, 돼지고기 수육 장조림",https://www.10000recipe.com/recipe/6948542
수육,마늘 편,붉은 고추,진간장,매실 진액,물,맛술,깨소금,참기름
남은 수육 요리 동파육소스 만들어 한그릇요리,https://www.10000recipe.com/recipe/6886815
대파,돼지고기,간장,황설탕,미림,후추,다진마늘,올리고당,물
(한방수육) 쌍화탕으로 삼겹살수육 간단하게 만들기,https://www.10000recipe.com/recipe/6884456
통삼겹살,쌍화탕,월계수잎,통후추,소금,설탕,생강술
맛 육즙 영양 모두 지키는 무수분 수육 육즙은 풍부하게 잡냄는 없게 만드는 비법,https://www.10000recipe.com/recipe/6924577
통삼겹살,된장,후춧가루,허브소금,양파,대파,마늘
"수육(보쌈)맛있게 삶기, 수분No, 저수분으로 풍미와 부드러움 다잡는 최고의 비법!",https://www.10000recipe.com/recipe/6901332
돼지고기 수육용,무,양파,대파,마늘,생강,월계수잎,된장,맛술,다진마늘,다진생강,진간장,후추
"인기메뉴 돼지고기 수육 ,, 보쌈고기 맛있게 삶는 법 황금레시피~!",https://www.10000recipe.com/recipe/6946276
돼지고기,소주,대파,파 뿌리,통후추,월계수잎,된장 듬뿍,양파
돼지고기 수육 더 맛있게 먹는 법. 마이쩡~,https://www.10000recipe.com/recipe/6946729
​돼지고기,황기,상황버섯,더덕말린것,깻잎,양파,대파,팔각,월계수잎,된장,실파,​진간장,설탕,올리고당,미림,생강,마늘
진짜 냄새 없는 수육-냄새 민감녀 라앤타의 제안,https://www.10000recipe.com/recipe/6870547
삼겹살,생강,대파,또는 얇은 파
슬라이스 삼겹살로 손쉽게 쌍화탕 수육 만들기,https://www.10000recipe.com/recipe/6877324
삼겹살,물,집된장,월계수잎,통후추,쌍화탕,마늘,연겨자,진간장,설탕,식초
수육 황금레시피,https://www.10000recipe.com/recipe/6950397
삼겹살,통마늘,월계수잎,양파,대파,소주,된장
"부추겉절이 곁들인, 돼지목살수육",https://www.10000recipe.com/recipe/6903379
돼지목살,양파,월계수잎,통후추,물,부추,소금,간장,식초,설탕,꿀,다진마늘,고춧가루,참기름,깨
[돼지고기오이냉채수육]무수분요리 두반장 파소스를 뿌린 여름철 별미- Boiled Pork Slices,https://www.10000recipe.com/recipe/6843528
돼지고기 앞다리살,오이,양파 중,스테이크 시즈닝,대파,두반장소스,매실청,다진마늘,설탕,후추가루
메인반찬/손님접대음식에 좋은 앞다리살수육!,https://www.10000recipe.com/recipe/6888101
돼지고기앞다리살,양파,대파,청양고추,사과,생강,월계수잎,통후추,간장,생강술
압력솥으로 무수분 수육,https://www.10000recipe.com/recipe/6936245
돼지고기,양파 작은거,사과 작은거,파,된장,다진마늘,월계수잎,통후추,커피알
돼지고기 수육 담백하고 잡내없이 만들기,https://www.10000recipe.com/recipe/6919143
돼지고기 앞다리살,양파,마늘,대파,된장,월계수잎,통후추,물
수육의 끝판왕 ! 솔비네엄마 촉촉한 수육비법,https://www.10000recipe.com/recipe/6829030
목살,양파,콩나물
삼겹살 수육 : 단돈 7천원으로 맛있게 수육 삶는법 (보쌈 삶는법),https://www.10000recipe.com/recipe/6925049
수육용 삼겹살,양파,마늘,대파,생강,된장,맛술,후추
보돌보돌 수육 삶는법 어렵지 않아요,https://www.10000recipe.com/recipe/6928706
돼지고기,양파,마늘,생강 or 생강가루,소주,대파,커피,된장,월계수잎,통후추
수육 [팔각을 넣어서 족발느낌이나는 장육],https://www.10000recipe.com/recipe/6903206
삼겹살 수육용,생수 350ml,간장,흑설탕,팔각,생강,계피가루,후추,월계수잎,소주
[겨울보양식]물한방울 넣지않고 영양가 풍부하게 무수분수육으로 즐겨요.,https://www.10000recipe.com/recipe/6942406
돼지고기 통삼겹살,사과,양배추,양파,된장,소주,통마늘,월계수잎,통후추
물한방울 없이 수육 만들기,https://www.10000recipe.com/recipe/6919456
돼지고기,양파,사과,된장,후추,월계수잎
육즙이 가득한 수육 맛있게 삶는 레시피,https://www.10000recipe.com/recipe/6900616
돼지고기 삼겹살 덩어리,파,양파,마늘,된장,소금,통후추,계피,커피,소주
집들이 음식메뉴로 좋은 삼겹살 수육 만드는법,https://www.10000recipe.com/recipe/6845173
생삼겹살,쌍화차티백,생강차티백,간장,후추,물,깻잎,양파,간장,식초,물,설탕,다진마늘,참기름,고춧가루,깨
통삼겹살수육만들기! (돼지고기 요리),https://www.10000recipe.com/recipe/6911350
통 삼겹살,된장,청주,양파,마늘,생강,대파,월계수잎,통후추,통 삼겹살이 잠길 만큼의
돼지고기 수육 보쌈 잡내없이 만드는법,https://www.10000recipe.com/recipe/6887540
수육용 고기,설탕,된장,커피,대파,통마늘,후추,소주
<돼지고기수육>부드럽고 잡내없이 만드는법 삼겹살 수육만들기 어렵지 않아요~,https://www.10000recipe.com/recipe/6863344
통삼겹살,양파,마늘,대파,된장,월계수잎,통후추,물
돼지고기 수육 삶는법 어렵지 않아요,https://www.10000recipe.com/recipe/6921625
돼지고기 오겹살과 삼겹살,굴소스,청주,후추,된장,인스턴트커피,한방즙,대파,양파,생강가루
"돼지고기 수육삶는법,보쌈 삶는법,보쌈김치만드는 법",https://www.10000recipe.com/recipe/6929742
알배추,무,보쌈용돼지고기,굵은소금,뉴슈가,쪽파,생강가루,마늘,고추가루,매실청,올리고당,새우젓,통깨,새우젓,액젓,고추가루,설탕,마늘,매실청,양파,대파,통마늘,통생강,통후추,된장,커피가루
【수육】연하고 맛있게 삶기,https://www.10000recipe.com/recipe/6862093
돼지고기앞다리살,양파,통마늘,맥주,된장,사과,생강가루,커피가루,대파,대파뿌리,월계수잎 작은거
알토란표 보쌈무김치~~돼지수육과 함께라면 과식을부르는 무김치,https://www.10000recipe.com/recipe/6873029
무,쪽파,미나리,소금,물엿,참기름,깨소금,고추가루,매운고춧가루,설탕,물엿,다진마늘,멸치액젓,매실원액
밥솥으로 삶은 돼지고기수육,https://www.10000recipe.com/recipe/6933391
돼지고기 앞다리살,굴소스,청주,후추,통마늘,월계수잎,부추,적양파,소금,설탕,고추가루,참기름,다진마늘,통깨
흑돼지 오겹살로 펩시 수육(보쌈) 만들기,https://www.10000recipe.com/recipe/6886046
수육용 돼지고기,펩시 콜라,물,된장,간장,월계수잎,통후추,마늘,양파,대파
간단하면서도 맛있는 삼겹살 수육,https://www.10000recipe.com/recipe/6831602
돼지고기삼겹살,물,된장,양조,무,다진마늘,대파,월계수잎,대추,황기,생강
알토란표 잡내전혀없는 야들야들한 돼지수육~~,https://www.10000recipe.com/recipe/6910413
수육용삼겹살,대파,통마늘,생강가루,양파,사과,된장,커피,통후추,물엿,소주
김장하는날 먹은 대파 수육,https://www.10000recipe.com/recipe/6862542
오겹살또는 삼겹살,양파,대파 잎만,김장김치,맛술
돼지고기 수육 만드는법,https://www.10000recipe.com/recipe/6886047
삼겹살,물,월계수잎,통후추,마늘,청양고추,양파,인스턴트커피,된장
보쌈은 수육이라는 생각을 타파! 안주에 굳! 파보쌈,https://www.10000recipe.com/recipe/6923337
돼지고기 목살,생강술,후추,식용유,마늘,대파,청주,쌈채소,고추장,식초,매실액,설탕,다진 마늘,통깨
백종원 수육 레시피,https://www.10000recipe.com/recipe/6905465
돼지고기,양파,대파,마늘,월계수잎,인스턴트커피,통후추,된장,생강,청주,간장,로즈메리,소주
저수분 통삼겹살수육! (고기요리),https://www.10000recipe.com/recipe/6916304
통삼겹살,양파,대파,마늘,편썰기한 생강,청양고추,미소된장,통후추,청주
"아롱사태수육, 기운이 나는 최고 보양식",https://www.10000recipe.com/recipe/6935316
아롱사태,양파,무,다시마,부추
돼지고기로 겨울보양식만들기 '수육',https://www.10000recipe.com/recipe/6865249
돼지고기앞다리 덩어리,물,된장,베트남고추,마늘,양파,대파,월계수잎,속 배춧잎,새우젓,고춧가루,깨,참기름
돼지고기 수육,https://www.10000recipe.com/recipe/6865103
삼겹살,양파,물,연두
야들야들 부드럽고 맛난 보쌈수육 & 보쌈무 만들기,https://www.10000recipe.com/recipe/6900855
돼지고기,냄새잡는한약재,된장,청양고추,무,설탕,소금,고춧가루,고추장,다진파,다진마늘,새우젓,올리고당,깨
콜라비보쌈채김치만들기 보쌈김치 수육삶기,https://www.10000recipe.com/recipe/6865811
돼지고기 오겹살,쌈배추,콜라비,청양고추,당근,월계수잎,고춧가루,다진마늘,매실액,물엿,멸치액젓
#촉촉 보쌈#부드러운 수육,https://www.10000recipe.com/recipe/6838631
돼지고기,통마늘,생강,대파,양파,된장,커피가루,굵은소금,후춧가루
여름보양식#돼지고기수육과 파채무침 만들기#아삭한 파채무침과 수육이 잘어울려요!,https://www.10000recipe.com/recipe/6839237
돼지고기 삼겹살부분,양파,대파,청양고추,마늘,월계수잎,소주,된장,물,새우젓,다진마늘,들기름,고춧가루,통깨,소금
잡내없이 돼지고기 수육삶는법!,https://www.10000recipe.com/recipe/6923236
돼지고기,대파,통마늘,월계수잎,청양고추,알배기배추,굴,된장,커피,후추
김빠진 콜라와 사이다로 맛있는 수육과 무김치 만들기~!!,https://www.10000recipe.com/recipe/6917296
돼지고기 수육용,콜라,월계수잎,통후추,대파,통마늘,된장,계피가루,커피가루,청양고추,물,청주
"돼지 앞다리살 수육 맛있게 삶는법,수육 만드는 방법",https://www.10000recipe.com/recipe/6947221
양파,대파흰부분,된장,커피가루,통마늘,돼지고기앞다리
초간단 수육 만들기~,https://www.10000recipe.com/recipe/6848255
수육용 삼겹살,양파,파뿌리,된장,월계수잎,통마늘
앞다리살수육 잡내없이 만들기,https://www.10000recipe.com/recipe/6873698
돼지고기 앞다리살,생강,생강술,대파,파뿌리,청양고추,통마늘,된장
삼겹살 간장수육,https://www.10000recipe.com/recipe/6909467
삼겹살,양파,대파,통마늘,통후추,월계수잎,맥주,물,간장
돼지앞다리살 수육 잡내없이 맛있게~ ,https://www.10000recipe.com/recipe/6909538
돼지 앞다리살,커피가루,카레가루,된장,헛개나무
오늘은 뭐 먹지? 삼겹살수육 어때요!,https://www.10000recipe.com/recipe/6870433
통삼겹살,대파,마늘,말린양파껍질,생강,정향,월계수잎,된장
담백하고 촉촉한 통삼겹살 수육 만들기,https://www.10000recipe.com/recipe/6946987
통삼겹살,된장,소주,월계수잎,양파,고추,통마늘,편썬 생강,대파,상추,쌈장
돼지고기 수육 보쌈 만들기!!,https://www.10000recipe.com/recipe/6869529
돼지고기 오겹살,돼지고기 목살,된장,소주,대파,마늘,생강,월계수잎,대추
#수미네반찬 #수육삶기 #수육과함께먹는막김치 #새우젓무침만들기 #새우젓 막김치 수육 삼합이다~~~,https://www.10000recipe.com/recipe/6912893
수육용삼겹살,커피,월계수잎,통마늘,대파,파뿌리,통후추,된장,청주,새우젓,홍고추,풋고추,깐마늘,참기름,통깨
쉬운 보쌈김치 만들기와 부드러운 수육삶는 방법,https://www.10000recipe.com/recipe/6857882
속배기 배추,물,소금,고춧가루,멸치액젓,멸치육수,다진마늘,다진생강,설탕,채썬무,잔파,통삼겹살,양파,생강,월계수잎,새우젓,멸치액젓,고춧가루,참기름,물,통깨
초간단♡돼지목살맥주수육(ft.원두커피)♡야들야들 잡내없이 깔끔해요~^^,https://www.10000recipe.com/recipe/6896581
돼지목살,맥주,새우젓,쌈장,된장,생강,통후추,커피
수육 먹는 날~,https://www.10000recipe.com/recipe/6881291
수육용 삼겹살,통마늘,통후추,된장,양파,월계수잎
수육 삶는법 이렇게만 하면 돼요,https://www.10000recipe.com/recipe/6930439
삼겹살,대파,양파,마늘,된장,물,통후추
"사골국물로 휘리릭 끓이는 쉬운 수육국밥, 순대국밥 응용가능",https://www.10000recipe.com/recipe/6909299
수육삼겹살,무,콩나물,삶은시래기,잔파,매운고추,참치액,새우젓,된장/미소된장,고추가루,간마늘,들깨가루
임성근의 수성심 도가니수육 집에서 맛있게 먹어요~^^,https://www.10000recipe.com/recipe/6932114
수성심 도가니수육,고춧가루,식초,통깨,대파,소주,간장
콜라수육 잡내 없이 보들보들 쫀득쫀득 맛있게 삶는법,https://www.10000recipe.com/recipe/6881559
돼지 삼겹살,양파,무우,대파,월계수잎,된장,콜라,새우젓,청양고추,깨소금
수육 맛있게 삶는법 겨울이라 더 맛난 돼지고기 수육,https://www.10000recipe.com/recipe/6925662
돼지고기,파,통후추,생강,된장,청주,월계수잎,물
보쌈삶는법 황금레시피! 잡내없이 촉촉한수육과 김장김치 쵝오,https://www.10000recipe.com/recipe/6900747
돼지고기앞다리,물,무,양파,대파,마늘,생강,통후추,감초,월계수잎,된장,굵은소금,소주,찬물,굵은소금,삼겹수육용,물,무,양파,대파,마늘,통생강,된장,새우젓,소주,찬물,굵은소금
수육(보쌈) 맛있게 삶는법,https://www.10000recipe.com/recipe/6862353
보쌈용 삼겹살,대파,양파,통마늘 한,된장,소주,고기 삶는 티백,물 약
부드럽고 쫄깃한 무수분 수육,https://www.10000recipe.com/recipe/6861334
돼지고기,무,생굴,알배추,새우젓,통후추,월계수잎,양파,대파,생강,올리고당,찹쌀 풀,고춧가루,다진마늘,다진생강,멸치액젓,대파,설탕
한우아롱사태수육,https://www.10000recipe.com/recipe/6900924
소고기,양파,사과,대파,마늘,월계수잎,소주나 청주,물
냄새없이 맛있게 수육삶는 법,https://www.10000recipe.com/recipe/6544361
수육용 목살과 삼겹살,양파 중크기,된장,통마늘,소주나 청주 ,파뿌리나 대파 흰부분,카누 커피,생강 잘라진 것
#영양식 수육과 도가니탕 만들기 #연골에 좋다는 도가니~~ 맑은 육수를 만들어서 먹는 도가니탕!!! ,https://www.10000recipe.com/recipe/6931087
도가니,양지,통후추,통마늘,월계수잎,대파,토막 무,다진 파,청양고추,소금
돼지고기 수육 삶는법 압력밥솥에 손쉽게 만드는 꿀팁~,https://www.10000recipe.com/recipe/6892797
돼기고기 목살,굴소스,청주,월계수잎,통마늘
#된장으로 삶아낸 돼지뒷다리살수육만들기 #간단하게 된장만 넣고 수육삶기!!!,https://www.10000recipe.com/recipe/6860523
돼지뒷다리살,된장,통마늘,대파,통후추,김장김치
"도가니탕, 도가니 수육, 겨울보양식",https://www.10000recipe.com/recipe/6881403
도가니,사태 또는 양지,양파,파,쪽 마늘,부추 수육옆에 놓을,간장,식초,물,겨자
"김장전 묵은 김치정리~ 수육 김치찜, 김치찜 수육",https://www.10000recipe.com/recipe/6880779
묵은지,돼지고기 앞다리살,국간장,청주,고추가루,다진마늘,후추,참기름,대파,물
돼지고기 수육 맛있게 삶는법,https://www.10000recipe.com/recipe/6901116
수육용고기,대파,양파,생강,마늘,통후추,커피,된장,부추,고추가루,간장,설탕,식초,매실액,다진마늘,참기름,깨,새우젓,고추가루,매실액,설탕,다진파,다진마늘,다진청양고추
#겉절이와 함께 먹는 삼겹살수육 만들기 #수육 아주 스피드하게 삶을 수 있는 방법!!! 삼겹살을 이용하세요~~,https://www.10000recipe.com/recipe/6900727
삼겹살,통마늘,통후추,청주
돼지수육 삶는법 삼겹살로 맛있게 만들기,https://www.10000recipe.com/recipe/6851989
돼지고기,된장,통마늘,통후추,월계수잎,양파,커피
"김치가 맛있는 날, 돼지고기수육",https://www.10000recipe.com/recipe/6860262
돼지고기,김치,대파,양파,생강,된장,청주,통후추,새우젓,다진 파,설탕,참기름,다진마늘,참기름,깨소금,고춧가루,통깨
수육삶는법 돼지수육 삶는법 맛있게 먹어보자,https://www.10000recipe.com/recipe/6908322
수육용 고기,편생강,된장,통후추,청주,양파,대파
돼지고기수육 맛있게 삶는법-식당에서 먹는맛? 비교하지마세요^^,https://www.10000recipe.com/recipe/6841596
돼지고기,상추,청양고추,양파,대파,된장,월계수잎,통마늘,녹차 티백,커피,강황,통후추,정종,굵은소금,생강
별미 스지수육 만드는 법,https://www.10000recipe.com/recipe/6940852
스지,양파,고추,월계수잎,부추,양파채,소금,후춧가루
남은수육처치-수육간장조림,https://www.10000recipe.com/recipe/6848020
남은수육,대파,청양고추,간장,설탕,요리당,후춧가루,다진마늘,물,맛술
소고기수육 부추무침 만들기,https://www.10000recipe.com/recipe/4117180
소고기양지,통마늘,후추,대파,청주,생강가루,부추,다진마늘,파,고춧가루,양파,간장,설탕,식초
수육 돼지고기보쌈 맛있게 만드는방법,https://www.10000recipe.com/recipe/1613357
수육용 고기,설탕,된장,커피,대파,통마늘,후추,소주
돼지고기수육 삶는 법 밥솥에 간단하게~,https://www.10000recipe.com/recipe/6837010
돼지고기목살,굴소스,청주,통마늘,월계수잎
돼지고기보쌈(수육)만들기,https://www.10000recipe.com/recipe/6931730
돼지고기앞다리,목살,삼겹살,갈비,된장,생강,통마늘,다시마 사방5Cm,통후추,대파,양파,배,무,월계수잎,미림,고추가루,올리고당,다진마늘,멸치액젓,새우젓,다진생강,소금,매실,쪽파
보쌈 삶는법 김장엔 수육,https://www.10000recipe.com/recipe/6868108
돼지고기,된장,대파,통마늘,생강,커피,소주,월계수잎,물
"저수분요리, 쌍화탕으로 만드는 한방수육♪",https://www.10000recipe.com/recipe/6837451
돼지고기앞다리살,양파,대파,쌍화탕,맛술,간장
"만물상 무수분수육 요리, 사과가 꿀팁 돼지수육맛있게삶는법!",https://www.10000recipe.com/recipe/6861737
통돼지목살,사과,양파 큰거,통마늘 약,새우젓,레몬즙,올리고당,다진마늘,고추
돼지고기 수육 삶는법,https://www.10000recipe.com/recipe/6839731
통삼겹살,양파,통마늘,대파,커피,된장,콜라,소주,월계수잎
삼겹살 수육,https://www.10000recipe.com/recipe/6865320
통삼겹살,물,굴소스,맛술,집된장,대파 잎,마늘,생강,통후추,월계수잎,정향,양파
여름보양식/소고기사태수육 맛있게 삶는법,https://www.10000recipe.com/recipe/6643166
소고기,대파,양파,마늘,다진생강,월계수잎,굵은후추,부추,양파,간장,멸치액젓,매실청,다진마늘,고춧가루,유자청,황설탕,식초,깨소금,참기름
수육삶은육수로표고버섯무국,https://www.10000recipe.com/recipe/6901568
소고기육수,무,표고버섯,마늘,소고기다시다,소금,파,후추
저수분 수육 만들기~,https://www.10000recipe.com/recipe/6916720
돼지고기 보쌈용,마늘,생강,양파,대파,월계수잎,통후추,청주,물
돼지고기 수육 삶는법,https://www.10000recipe.com/recipe/6859760
통 삼겹살,파,양파,마늘,생강,인스턴트커피,된장,소주,물,새우젓,고추가루,물,맛술,참기름,깨소금
*부추무침 수육*,https://www.10000recipe.com/recipe/6400622
양지머리,부추,방울토마토,간장,깨소금,참기름,양파,파,마늘
보쌈 수육,https://www.10000recipe.com/recipe/6511016
무우,김장김치,돼지고기,그외야채,생강,커피,된장, ,참기름,통깨,매실청,고추가루,다진마늘,소금, ,간장,참기름,매실청,고추가루,다진마늘,통깨
앞다리살 수육,https://www.10000recipe.com/recipe/6856467
앞다리살,마늘,대파 덩어리,월계수잎,된장,다진생강,미림,카누
수육 삶는법,https://www.10000recipe.com/recipe/1837143
삼겹살 또는 목살,통마늘,양파,대파,월계수잎,된장,통후추,커피,소주
수육 맛있게 삶는 법으로 말복음식 챙기기~#,https://www.10000recipe.com/recipe/6907505
돼지고기앞다리살,굴소스,청주,후추약간 된장,인스턴트커피,더덕즙,파,파뿌리,생강가루
"밑반찬(강된장, 호박잎, 고추 무침, 무 나물, 죽순 어묵볶음, 콩나물 냉국, 저수분 돼지고기 수육)",https://www.10000recipe.com/recipe/6890758
호박잎 줄기,청양초,붉은 청양초,된장,멸치육수,들깻가루,마늘,호박잎,양념간장,고추,고춧가루,간장,마늘,깨소금,참기름,무,청양초,콩기름,마늘,깨소금,참기름,죽순,사각 어묵,청양초,만능 간장,멸치육수,깨소금,참기름,콩나물,청양초,붉은 청양초,콩나물 삶은 물,식초,매실엑기스,설탕,소금,마늘,돼지고기,무,된장,멸치육수,들깻가루,마늘,양념간장,고춧가루,간장,마늘,깨소금,참기름,콩기름,마늘,깨소금,참기름,만능간장,멸치육수,마늘,깨소금,참기름,콩나물삶은물,식초,매실엑기스,설탕,소금,마늘
초~간단한!!!!콜라 수육 만들기~♡,https://www.10000recipe.com/recipe/6854663
돼지고기 앞다리,양파,파,마늘,월계수잎,통후추,생강가루,콜라,진간장,겨자,올리고당,식초
돼지고기 수육 맛있게 삶는법,https://www.10000recipe.com/recipe/6832128
돼지고기앞다리,대파,양파,월계수잎,생강가루,소주,된장,후춧가루
앞다리살수육/앞다리살 보쌈 만들기♥,https://www.10000recipe.com/recipe/6921585
돼지고기 앞다리살,대파,양파,통마늘,된장,소주,설탕,월계수잎
"[아빠투툼레시피]초간단 한방 돼지 앞다리살 수육, 쌍화탕 2병이면 끝!",https://www.10000recipe.com/recipe/6841674
돼지고기 앞다리살,양파,쌍화탕
"압력솥 삼겹살 수육 삶는 법, 구운 보쌈 만들기(저수분 요리)",https://www.10000recipe.com/recipe/6856586
삼겹살,된장,맛술,생강가루,후추가루,양파,마늘,파,월계수잎,네이쳐스톤 압력솥,블랙로카IH
초간단 수육 만들기 맥주로 수육을 만들어요,https://www.10000recipe.com/recipe/6889690
​통 삼겹살,맥주,양파,마늘,된장
남은수육요리! 매콤짭짤한 수육조림 ♬,https://www.10000recipe.com/recipe/6894267
남은수육,설탕,소주,간장,굴소스,다진마늘,생강가루,후춧가루,청양고추
담백한 저염식 아구수육/ 아귀수육,https://www.10000recipe.com/recipe/6923463
생 아구,대파,물,정종
"야식& 술안주 - 차갑게 즐기는 수육, 수육삶기 황금레시피",https://www.10000recipe.com/recipe/6874912
돼지고기앞다리,명주실,돼지고기앞다리,명주실,소주,된장,생강,마늘,통후추 또는 후추,새우젓,다진마늘,생수,고춧가루,물엿 또는 설탕,까나리액젓 또는 멸치젓
(집에서 즐기는 술안주) 돼지고기 수육 - 삼겹살 수육 삶는 법,https://www.10000recipe.com/recipe/6906558
통삼겹,양파,대파,월계수잎,통마늘,생강,통후추,소주,파뿌리,된장,커피
삼겹살수육(요리고수님들 어떻게 하면 부드럽게 삶을수 있을까요??ㅜ알려주세요ㅜㅜ),https://www.10000recipe.com/recipe/6889014
삼겹살,물,맛술,된장,생강,마늘,양파,아기 배 도라지즙
돼지고기 수육 맛있게 삶는법 ,https://www.10000recipe.com/recipe/6874419
돼지고기,대파,양파,다진마늘,된장,소주
"아롱사태수육 보쌈, 간단한 저녁 메뉴",https://www.10000recipe.com/recipe/6936379
아롱사태,대파,청양고추,통후추,청주,배추김치,알배추,초절임무,두부,미나리
#삼겹살과 목살로 간편하게 수육만들기 #청국장찌개까지 곁들여서 새우젓에 찍어 먹는 수육~~ 쉽고 간단하죠~~,https://www.10000recipe.com/recipe/6701666
삼겹살,목살,월계수잎,통마늘,대파,통후추,양파,청주,냉이된장찌개양념,청국장,냉이,양파,다진마늘,대파,건표고버섯,천연조미료
"소고기수육만들기~소고기수육에 부추무침 환상궁합""^^",https://www.10000recipe.com/recipe/6874246
소고기,양파,대파,부추,마늘 가득,생강,소주,물,고춧가루,소금,참기름,통깨
"[돼지고기 목살 수육 레시피] 잡내 제거, 기름기 쫙 빠진 건강요리, 새우젓에 상추쌈까지.",https://www.10000recipe.com/recipe/6869158
돼지고기 목살,대파,통후추,커피원두,월계수잎,간 마늘,된장,양파
구이용삼겹살로 만든~삼겹살수육 - 딸에게#,https://www.10000recipe.com/recipe/6915734
돼지고기삼겹살,통후추,양파껍질,파잎,된장,커피,미림,물,양파,부추,간장,매실청,홍고추,부추,통깨
돼지사태 수육삶기!!실패없는 수육삶기 레시피~,https://www.10000recipe.com/recipe/6892208
돼지고기사태,집된장,양파,생강,통마늘,커피,통후추,월계수잎,대파
#돼지고기수육 [김장김치하면 찰떡수육보쌈],https://www.10000recipe.com/recipe/3432642
삼겹살,돼지고기 앞다리살,양파,마늘,월계수잎,된장,커피,맛술,소주
돼지고기수육,https://www.10000recipe.com/recipe/6857542
돼지고기 목살,대파,양파,청양고추,마늘,생강,통후추,월계수잎,된장,인스턴트커피,청주
돼지고기 수육 삶는 법,https://www.10000recipe.com/recipe/6922885
돼지고기 삼겹,대파,양파,마늘,월계수잎,된장,통후추
쿠쿠로 (압력전리밥솥) 수육 초간단레시피! 라면끓이기보다 쉬워요~ 야들야들,https://www.10000recipe.com/recipe/6838329
수육용돼지고기,양파,월계수잎,생강가루,후추
김장철 빠질 수 없는 돼지수육 삶는법,https://www.10000recipe.com/recipe/6829922
수육용 돼지고기,월계수잎,된장,커피,곁들일 무말랭이 무침,세발나물 무침
돼지고기 뒷다리살 수육 삶기,https://www.10000recipe.com/recipe/6945892
돼지고기 뒷다리살,대파,된장,통마늘,월계수잎,통후추 10알 블랙커피,쌍화탕,양파
수육 맛있게 삶는법 백종원 레시피로 부드럽게,https://www.10000recipe.com/recipe/6902700
돼지고기,통마늘,양파,미림,된장,월계수잎,통후추,대파
소고기 수육 만드는 방법,https://www.10000recipe.com/recipe/354262
소사태,양파,월계수잎,대파 흰부분,마늘,생강,부추,양파,다진마늘,고춧가루,간장,매실청,참기름,통 깨 간것
보쌈고기 삶는 법 / 수육 맛있게 삶는 법,https://www.10000recipe.com/recipe/6924226
통삼겹살,양파,대파,마늘,생강,된장,후추,월계수잎,파절이,부추무침,김장김치,맛술
간단요리...아귀수육,https://www.10000recipe.com/recipe/6915139
아귀,콩나물,미나리,간장,와사비,청양고추
만개의레시피 마체프 쉐프님이 알려주는 김장철 필수 레시피 삼겹살 수육!!,https://www.10000recipe.com/recipe/6848326
통삼겹,월계수잎,소주,물,김치,새우젓,편마늘,고추,쌈채소
돼지보쌈삶는법~다오네 만능간장으로 수육삶는법,https://www.10000recipe.com/recipe/4007836
삼겹살,양파,대파,청량고추,만능간장장아찌원액,사과,배추,양파,쪽파,파프리카
"'이것'만 넣어도 너무 촉촉해! 돼지고기 수육 삶기, 수육 삶는 법, 수육 만들기 A to Z!수육 맛있게",https://www.10000recipe.com/recipe/6917383
돼지고기
보쌈 수육 만들기 돼지고기 앞다리살로 저수분 보쌈 수육 만드는 방법,https://www.10000recipe.com/recipe/6861428
돼지고기앞다리살,대파,마늘,양파,된장
돼지고기 보쌈 수육 삶는 법 ,https://www.10000recipe.com/recipe/6879982
보쌈용 돼지고기,월계수잎,양파,대파,생강가루,된장,커피
수육 맛있게 삶는법 나만의 방식,https://www.10000recipe.com/recipe/6915514
돼지고기앞다리,소금,후추,소주,쌀뜨물,파,양파,마늘,월계수잎,풋고추,된장,커피가루
수육삶기 돼지수육 삶는법 쫄깃하게 수육삶기,https://www.10000recipe.com/recipe/6885811
돼지앞다리살,대파,양파,된장,마늘,생강,월계수잎,국간장,통후추,소주
"맥주로 돼지고기 수육,보쌈 삶는법",https://www.10000recipe.com/recipe/6906034
삼겹살 부위,대파,파뿌리,된장,소주 소주잔,커피,월계수입,통마늘,생강,맥주
돼지고기보쌈 수육삶는 법,https://www.10000recipe.com/recipe/6869362
돼지고기 보쌈용,물,시판재래된장,월계수잎 작은것,마늘 큰것,통후추,커피스푼,양파 중간크기
진국이면서 깔끔한 국물맛에 쫄깃한 수육은 덤 도가니탕,https://www.10000recipe.com/recipe/6946105
스지,사골국,파,소금
앞다리살 돼지고기 수육 삶기,https://www.10000recipe.com/recipe/6906412
돼지고기앞다리,월계수잎,된장,파뿌리,통마늘,통후추,인삼,카누커피
스지수육 만들기 /쫀득한 한우 스지 삶는법 ,https://www.10000recipe.com/recipe/3064384
한우스지,팽이버섯,대파,마늘,청양고추,간장,고춧가루,무,홍고추,말린표고,양파
수육 맛있게 삶는 법,https://www.10000recipe.com/recipe/6888364
수육용 삼겹살,통마늘,월계수잎,소주or맛술,된장
"굴무침, 제철굴로 만든 수육과 어울리는 굴무침 만들어요~",https://www.10000recipe.com/recipe/6881614
​ 굴,무,소금,고춧가루,새우젓,액젓,사이다,설탕,다진 마늘,쪽파
돼지 뒷다리살 수육삶기,https://www.10000recipe.com/recipe/6882509
돼지 뒷다리살,카누,통마늘,생강 저민거,대파,대추,삼뿌리,월계수잎,된장
육즙이 살아있는 수육 삶는 방법 ☆,https://www.10000recipe.com/recipe/6839455
돼지고기,대파,양파,통마늘,된장,생강,커피가루,통후추,소주
무수분 수육!! 육즙! 살려는 드릴께!,https://www.10000recipe.com/recipe/6922790
통삼겹살,대파 큰거,양파큰거,무우,통후추,통마늘,건표고
수육전골 - 코스트코 소고기 브리스킷 활용요리,https://www.10000recipe.com/recipe/6885433
소고기 수육,양지육수,표고버섯,팽이버섯,부추,배추,국간장,소금,마늘,양파,롱그린 고추,간장,아가베 시럽,식초 또는 레몬식초,연겨자
달래장 꼬리수육,https://www.10000recipe.com/recipe/6840789
소꼬리,달래,간장,청고추,홍고추,깨소금,참기름
단짠단짠 갈비맛이 나는 수육??? 갈비맛 수육!!,https://www.10000recipe.com/recipe/6956484
돼지고기앞다리살,맛술,파,양파,양송이버섯,월계수잎,통후추,통마늘,양파,청양고추,간장,올리고당,다진대파,다진마늘,들기름,후추
윤스테이 맥주수육만들기!,https://www.10000recipe.com/recipe/6956175
돼지고기앞다리살 수육용,맥주,양파,대파,편생강
