갈치조림,추천순,191
갈치조림 레시피,https://www.10000recipe.com/recipe/6830820
갈치,무,양파,청양고추,대파,다시마,간장,설탕,물엿,고추가루,다진마늘,다진생강,맛술,후추
다른반찬 필요없는 밥도둑 ~~ 칼칼한 갈치조림 *^^*,https://www.10000recipe.com/recipe/6910197
갈치,무 10cm길이로,양파,대파,홍고추,청양고추,고춧가루,다진마늘,다진생강,간장,맛술,후춧가루,참기름,올리고당
갈치조림 - 밥도둑 갈치 요리,https://www.10000recipe.com/recipe/6892852
갈치,다시마,무,대파,청양고추,쌀뜨물,진간장,고춧가루,다진 마늘,다진 생강,맛술,설탕,올리고당,후춧가루,큰술 - 밥숟가락,컵 - 종이컵
갈치조림 만드는 법 황금레시피 비린내도 안나,https://www.10000recipe.com/recipe/6944481
갈치,무,청양고추,고추장,고춧가루,간장,미림,매실액,물엿,후춧가루,다진마늘
"남대문 갈치조림만드는법, 갈치조림양념장만들기",https://www.10000recipe.com/recipe/6868008
제주 은갈치 중간사이즈,대파 18cm,청양고추 ,다시마 10*10cm,물,청주,굵은고춧가루,고추장,간장,굴소스,맛술,다진마늘,다진생강,매실청,올리고당
갈치 무 조림 만들기 - 양싸,https://www.10000recipe.com/recipe/6863383
갈치,무,청양고추,홍고추,대파,쌀뜨물,간장,설탕,고추장,다진마늘,다진생강,매실액기스,고추가루,깨,다시마,멸치,따뜻한 물
실패없는 백종원 갈치조림,https://www.10000recipe.com/recipe/6908498
갈치,무,감자,양파,된장,소주,간장,다진마늘,설탕,고추장,고춧가루
갈치조림 황금레시피,https://www.10000recipe.com/recipe/6870647
갈치,무,감자,양파,대파,청양고추,고춧가루,간장,설탕,청주,다진마늘,물,후추,들기름,올리고당
【요리 초보분들을 위한】갈치조림 만들기~,https://www.10000recipe.com/recipe/6882184
갈치,큰무,대파,양파,땡초,고춧가루,진간장,설탕,매실액,다진마늘,소주,후추,다진생강,멸치육수
백종원 갈치조림 실패없이 100% 성공 ,https://www.10000recipe.com/recipe/6915109
갈치,무,양파,대파,청량고추,홍고추,쌀뜬물,고추장,고추가루,진간장,설탕,다진마늘,소주 또는 청주
갈치조림 황금레시피 ,https://www.10000recipe.com/recipe/6844728
갈치,멸치다시마육수,무,대파,양파,청양고추,홍고추,고추장,간장,고춧가루,설탕,올리고당,다진마늘,참기름,청주,후추
"<신혼요리> 맛있는 갈치조림 만들기! /생선비린내제거, 무,감자조림",https://www.10000recipe.com/recipe/6872546
갈치,맛술,소금,쌀뜬물,무,감자,청양고추,대파,간장,맛술,고춧가루,설탕,다진마늘,후추
갈치조림 칼칼하게 만들어서 밥반찬 했어요.,https://www.10000recipe.com/recipe/6882906
갈치,무,양파,홍고추,대파,표고버섯,고추장,고춧가루,진간장,마늘,생강,맛술,올리고당,믈
갈치조림 ,https://www.10000recipe.com/recipe/4138911
은갈치,감자,맛타리버섯,양파,풋고추,물,진간장,고춧가루,고추장,올리고당,맛술,다진 마늘,생강가루,물
칼칼한 갈치조림 하는 법 ,https://www.10000recipe.com/recipe/6896177
갈치,무,청양고추,홍고추,대파,2컵+,다시마,고춧가루,고추장,맛술,다진 마늘,청주,간장,다진 생강,설탕,쌀뜨물,청주
갈치감자조림/매콤하고 칼칼한 맛/braised cutlassfish potatoes,https://www.10000recipe.com/recipe/6940297
갈치,감자,양파,대파,홍고추,청양고추,쌀뜨물,간장,고춧가루,고추장,설탕,매실청,다진마늘,생강가루,후춧가루
"자박자박 갈치조림, 비리지 않고 부서지지 않게",https://www.10000recipe.com/recipe/6936063
갈치 2마리,감자,양파,대파,다시마,쌀뜨물,고춧가루,고추장,간장,설탕,맛술,다진마늘,다진생강,참기름,후추
얼큰한 갈치조림,https://www.10000recipe.com/recipe/4263801
갈치,양파,청양고추,대파,무,간장,고추장,고춧가루,다진 생강,다진 마늘,청주,설탕,참기름,올리고당,멸치 육수
갈치조림 황금레시피와 양념장,https://www.10000recipe.com/recipe/6955274
갈치,무,대파 15cm,청양고추,홍고추,맛술,소금,다시마,물,고춧가루,설탕,간마늘,진간장,국간장,맛술,고추장,후춧가루
감자랑 무가 기가막힌 갈치조림 만들기,https://www.10000recipe.com/recipe/6852816
갈치,감자,무,양파,고추장,고춧가루,설탕,간장,다진마늘
갈치조림 만들기 / 냉동갈치도 생물갈치처럼 부드럽고 야들야들하게!,https://www.10000recipe.com/recipe/6916787
갈치,애호박,감자,양파,파,청양고추,다시마 우린물,마늘,생강,간장,고추장,올리브유,올리고당,설탕,후추,고춧가루
갈치무조림,https://www.10000recipe.com/recipe/2896593
갈치,무,청양고추,대파,물,진간장,고추장,고춧가루,맛술,올리고당,다진 마늘,어슷 썬 대파,물
★ 매콤칼칼 갈치조림 w.통영 갈치낚시,https://www.10000recipe.com/recipe/6856266
갈치,무 5cm,청양고추,양파,대파,다진마늘,간장,설탕,맛술,고추장,된장,고춧가루
햇감자로 초간단 갈치조림,https://www.10000recipe.com/recipe/6889413
갈치,양파,감자,애호박,청양고추,고추장,간장,물엿,참기름,다진마늘,고춧가루,청양고추
"오늘뭐먹지, 남대문 갈치조림 만들기*",https://www.10000recipe.com/recipe/6836234
갈치,양파,대파,청양고추,대파,양파,무,멸치,다시마,간장,설탕,고춧가루,후춧가루,물엿,다진마늘,다진생강,소주,조미료
매콤한 양념이 쏙 밴 갈치조림,https://www.10000recipe.com/recipe/6893522
갈치 6토막 감자 작은거,양파,물,대파,처양고추 2개 간장,청주,고추가루,다진마늘,매실청,올리고당,참기름,후추
최애반찬 양파 갈치조림,https://www.10000recipe.com/recipe/6933126
갈치,양파,대파,청양고추,후추,소금,식용유,고춧가루,된장,간장,다진마늘,다진생강,맛술,매실청,물
애호박갈치조림,https://www.10000recipe.com/recipe/4309001
갈치,애호박,청고추,홍고추,대파,간장,물엿,고춧가루,고추장,생강즙,청주,마늘
갈치조림 매콤하게 만들기 세네갈 갈치로 만들었어요,https://www.10000recipe.com/recipe/6840244
갈치,무,대파,양파,청양고추,물,식용유,국간장,진간장,매실액,된장,고추장,생강가루,고춧가루,다진마늘
갈치조림 만드는 법,https://www.10000recipe.com/recipe/4372082
갈치 ,대파,무,물,진간장,고춧가루,통깨,다진마늘,설탕
칼칼한 갈치조림,https://www.10000recipe.com/recipe/6919955
갈치,무,양파,다진마늘,홍고추,청양고추,대파,물,고추장,고춧가루,소주,참치액,간장,요리당,생강가루,후춧가루,소금,참기름,식용유
전라도언니루비씨의 고구마순 갈치조림,https://www.10000recipe.com/recipe/6832389
갈치,고구마순,양파 중사이즈,식용유,물 맥주컵,청양고추,다진마늘,진간장,국간장,된장,고추장,고춧가루,물엿
제주갈치로 만드는 달달하고 매콤한 갈치조림 ,https://www.10000recipe.com/recipe/6839748
갈치,양파,대파,무,청양고추,고춧가루,고추장,된장,설탕,올리고당,간장,청주,통깨,생강가루,통마늘
"추석요리 냉장고털기, 고사리갈치조림 레시피",https://www.10000recipe.com/recipe/6943716
고사리나물,갈치,청양고추,대파,소금,고춧가루,고추장,된장,국간장,매실액,다진마늘,참기름
칼칼하고 맛있는 갈치조림 하나면돼!,https://www.10000recipe.com/recipe/6939132
갈치,무우,감자,대파,다시육수,고추장,고추가루,간장,맛술,매실액,다진마늘,다진생강
백종원의 갈치 조림,https://www.10000recipe.com/recipe/6892974
갈치 ,양파,청양고추,대파,무우,멸치다시마육수,쌀뜬물,고추가루,고추장,간장,설탕,다진마늘,된장,맛술,생강술
갈치조림 황금 레시피 ,https://www.10000recipe.com/recipe/6888697
갈치,무,대파,청양고추,홍고추,물,다시마,고추장,고춧가루,다진 마늘,맛술,청주,간장,다진 생강,설탕
얼큰한 갈치조림,https://www.10000recipe.com/recipe/6829406
갈치,감자,양파,청양초,대파,고추장,고춧가루,마늘,매실엑기스
수산물요리/건갈치조림,https://www.10000recipe.com/recipe/6919972
건 갈치,청양고추,대파,물,식용유,진간장,고춧가루,다진마늘,생강즙,참치액,매실청,맛술,올리고당,다진파,후추
비린내의 끝판~! 갈치를 비린내 없이 ★ l 고구마줄기갈치조림 ★,https://www.10000recipe.com/recipe/6922642
갈치,고구마줄기,양파,대파,청양고추,멸치다시마육수,쌀뜨물,청주,소금,진간장,고춧가루,고추장,설탕,올리고당,다진마늘,후추
맛있는 감자갈치조림,https://www.10000recipe.com/recipe/4094450
갈치,감자큰거,무,양파,청홍고추,대파,간장,고추가루,청주,설탕,통마늘,생강,후추가루
갈치조림 - 저녁반찬 ,https://www.10000recipe.com/recipe/6861238
갈치,무,대파,청고추,홍고추,다시마,물,고춧가루,간장,참치액,고추장,다진마늘,미림,생강즙,설탕
칼칼한갈치감자조림 ♡초보분들도 따라하기쉬워요~,https://www.10000recipe.com/recipe/6895389
갈치,감자 작은거,양파,대파,청양고추,물,쏘주나 쌀뜨물 냉동갈지해동 또는 냄새제거시,간장,고추장,고춧가루,다진마늘,설탕,미림,후추 세번정도 톡톡,생강가루 
매콤한 갈치조림 만들기,https://www.10000recipe.com/recipe/6817233
갈치,무,물,청양고추,고춧가루,설탕,간장,고추장,된장,마늘,소주,조청,깨
저녁반찬~~무듬뿍 갈치조림,https://www.10000recipe.com/recipe/6873912
갈치,양파,대파,청양고추,마늘,무,간장,고추가루,후추가루,다시육수,소주 작은
갈치조림 양념장 비린내없이 국물 넉넉하게,https://www.10000recipe.com/recipe/6948778
갈치,감자,양파,호박,대파,고추가루,액젓,간장,올리고당,생강가루,다진마늘,청주 or소주,후추,고추장
무근본레시피 #4 매콤칼칼 시원한 '갈치조림',https://www.10000recipe.com/recipe/6951919
갈치,양파,무,대파,청양고추,고추장,고춧가루,다진마늘,진간장,국간장,설탕,맛술,생강가루,후추,다진청양고추,다진파
매콤한 갈치조림 만들기,https://www.10000recipe.com/recipe/6717402
갈치,무,애호박,청양고추,대파,물,간장,고춧가루,매실액,청주,맛술,청양고추,다진마늘
갈치조림,https://www.10000recipe.com/recipe/6946350
갈치,매운고추,대파,무,고추가루,고추장,다진마늘,간장,굴소스,생강술,참기름
밥도둑 갈치조림,https://www.10000recipe.com/recipe/6842402
갈치,무,양파,대파,청양고추,감자,물,다시마,간장,고춧가루,고추장,매실액,설탕,맛술,소주,생강가루,후춧가루,마지막에 참기름
초간단 갈치감자조림만들기,https://www.10000recipe.com/recipe/6841769
갈치,감자,양파,대파,청양고추,진간장,고추가루,맛술,다진마늘
갈치감자조림 감자를 넣은 너무 맛있어버린 갈치조림 만들기 | Braised Cutlassfish (Galchi-jo,https://www.10000recipe.com/recipe/6950097
고춧가루,다진마늘,고추장,간장,물엿,참기름,물,청양고추
<갈치조림>만드는법 남대문표갈치조림도 부럽지 않아요~,https://www.10000recipe.com/recipe/6926691
갈치,무,대파,홍고추,고추가루,간장,다진마늘,맛술,생강청,올리고당,후추가루
백종원 갈치조림 황금 레시피,https://www.10000recipe.com/recipe/6902129
갈치,무,대파,청양고추,고춧가루,설탕,간장,다진마늘,고추장,소주,된장,생강가루,후추
갈치조림 대박 성공!!,https://www.10000recipe.com/recipe/6887224
갈치,무,양파,대파,다시마,설탕,고추가루,맛술,진간장,고추장,매실액,다진마늘,생강가루,후추
매콤 갈치조림 만들기,https://www.10000recipe.com/recipe/6829970
갈치,무,감자,홍고추,청고추,대파,맛술,간장,멸치액젓,고추장,고춧가루,다진마늘,후추
생선 비린맛을 잡아주는 만물상 갈치조림 레시피,https://www.10000recipe.com/recipe/6901384
갈치,무,대파,홍고추,청고추,다시마,고춧가루,간장,마늘,설탕,맛술,고추장,매실액,후추
"갈치조림, 손질법 & 양념장 완벽하게",https://www.10000recipe.com/recipe/6873150
갈치,무,양파,다시마,청양고추,고춧가루,까나리액젓,맛술,다진 마늘,생강즙
얼큰 칼칼~한 갈치조림 ,https://www.10000recipe.com/recipe/6908904
갈치,무,애호박,파,고츠장,고춧가루,다진마늘,생강가루,양조간장,국간장,멸치액젓,설탕,매실액,물엿,소주,후추,깨,다시다,물
밥한공기 뚝딱! 시래기 갈치조림,https://www.10000recipe.com/recipe/6887009
갈치,시래기,양파,무,대파,간장,소주,다진마늘,생강,매실액,후추,고추장,고추가루,된장
시래기 갈치조림 - 갈치조림 만들기 (양념장),https://www.10000recipe.com/recipe/6905582
갈치,시래기,대파,홍고추,물 또는 육수,고춧가루,간장,까나리액젓,다진 마늘,설탕,청주,들기름,국간장
비린맛 없이 맛있게 먹는 갈치조림,https://www.10000recipe.com/recipe/6912632
중 갈치,무우,애호박,대파,양파,청양고추,홍고추,다진마늘,다진생강,고춧가루,집간장,다시마멸치육수,청주
만물상 남대문 갈치조림,https://www.10000recipe.com/recipe/6906931
갈치,무,대파,청양고추,참치액젓,얼음, ,고추장,쌈장,간장,다진 마늘,매실청,물
요고요고 밥도둑! 갈치조림,https://www.10000recipe.com/recipe/6863158
갈치,감자,무,양파,청양고추,대파,고추장,간장,다진파,다진마늘,고춧가루,물엿,청주,후추
갈치조림,https://www.10000recipe.com/recipe/6914207
갈치,무,감자,간 생강,간 마늘,간장,설탕,고추가루,올리고당,설탕
백종원 갈치조림 황금레시피 ,https://www.10000recipe.com/recipe/6899929
갈치 한,쌀뜨물,무,양파,대파,청양고추,홍고추,멸치다시마 육수,소금,고추장,고춧가루,설탕,다진 마늘,간장,소주,된장,후춧가루
갈치조림 - 딸에게#,https://www.10000recipe.com/recipe/6896934
갈치,미림,무 한토막,파,마늘,청양고추2개 간장,고추가루,고추장,조청,생강가루
비린내없는 먹갈치조선호박조림,https://www.10000recipe.com/recipe/6874333
먹갈치,무,조선호박,양파,대파,땡초,홍고추,다시멸치,건다시마,다진마늘,다진생강,국간장,양조간장,설탕,올리고당,고춧가루,후추,청주
짭조롬달큰한 갈치감자조림,https://www.10000recipe.com/recipe/6915682
갈치,감자,양파,대파,간장,간마늘,설탕,맛술,고춧가루,물
칼칼한 갈치조림,https://www.10000recipe.com/recipe/6890145
생갈치 중자,감자 작은거,양파 큰거,대파,청양고추,무,진간장,매실청,올리고당,설탕,맛술,액젓,고춧가루,후추,다진마늘,생강즙,생수,참기름
비릿하지 않은 갈치조림 황금레시피,https://www.10000recipe.com/recipe/6832993
갈치,무,대파,매운고추,홍고추,고추장,고춧가루,간장,청주,설탕,다진마늘,참기름,멸치육수
갈치조림 황금레시피,https://www.10000recipe.com/recipe/6841251
갈치,감자,양파,대파,홍고추,물,고춧가루,된장,간장,다진마늘,청주,생강가루,참기름
갈치감자조림 - 딸에게# / 갈치조림만드는법,https://www.10000recipe.com/recipe/6862473
갈치,큰감자,청양고추,홍고추,파,고추가루,간장,마늘,생강술,설탕,조청
갈치 무조림 만들기,https://www.10000recipe.com/recipe/5715855
갈치,무,대파,청양고추,간장,다진마늘,매실청,설탕,고춧가루,멸치육수
갈치 조림 비린내 없이 만드는 법. 남대문 갈치조림 보다 더 맛있어요.,https://www.10000recipe.com/recipe/6925949
큰 갈치,풋마늘 잎,양파,청고추,홍고추,무,대파,맛술,생강청,간마늘,된장,고추장,국간장,올리고당,후추,고춧가루
최고의 궁합 감자 갈치조림,https://www.10000recipe.com/recipe/6854998
갈치,감자,둥근호박,대파,양파,고추장,진간장,다진 마늘,고추가루
"파김치 갈치조림, 매콤 칼칼한 갈치조림",https://www.10000recipe.com/recipe/6861474
갈치,익은 파김치,양파 작은것,감자,무,물,고추장,된장,고추가루,간장,다진마늘,맛술,매실액,설탕,후추,생강가루,청양고추,대파흰부분
국물이 맛있는 갈치조림,https://www.10000recipe.com/recipe/6833271
은갈치 중간 크기,양파,꽈리고추,무,대파,청양고추,홍고추,고춧가루,고추장,진간장,청주,다진 마늘,멸치육수 
갈치 무조림,https://www.10000recipe.com/recipe/4279343
갈치,무우,대파,양파,청고추,홍고추,간장,물엿,고추가루,생강즙,청주,다진마늘,된장,참기름,후추,물
보글보글 갈치조림,https://www.10000recipe.com/recipe/6895102
작은 갈치,무,양파,청양고추,파,고춧가루,고추장,다진마늘,간장,올리고당,된장,소주
갈치무조림,https://www.10000recipe.com/recipe/6919029
갈치,무,양파,대파,고춧가루,진간장,올리고당,맛술,후추,다진마늘,새우.표고.다시마가루,다시마우린물
갈치조림,https://www.10000recipe.com/recipe/6845123
갈치,감자 작은거,무,물,양파,대파,고춧가루,간장,다진마늘,생강가루,소금
갈치조림 황금레시피 / 감자갈치조림으로 더 맛있게,https://www.10000recipe.com/recipe/6877639
갈치,무,감자,양파,대파,고추장,고춧가루,간장,매실청,마늘,참기름
칼칼한 갈치조림,https://www.10000recipe.com/recipe/6832205
갈치,양파,감자,청양고추,간장,고춧가루,맛술,마늘다진거,설탕반수저,후추,고추썰은거,물
칼칼한 갈치조림~(참 쉽죠잉!!),https://www.10000recipe.com/recipe/6898002
갈치,무 1센티두께로 큼직하게,대파,양파,청양고추,간장,참치액,물,다진마늘 수북히,고운고추가루 수북히,굵은고추가루 수북히,고추장,생강가루,후추가루
매콤 갈치 무조림,https://www.10000recipe.com/recipe/6933451
갈치,무,양파,대파,고추,고추가루,고추장,다진마늘,생강즙,매실청,미향,진간장,바질가루,소금,편생강
갈치조림을 간편하게 즐겨요!,https://www.10000recipe.com/recipe/6855183
토막갈치,무,대파,양념장,고춧가루,간당,고추장,맛술,설탕,마늘,다진파,물,생강이나 가루,후추,통깨
쉬운 갈치조림 ,https://www.10000recipe.com/recipe/6866270
갈치,감자 작은것,무,간장,매실청,다진마늘,다진생강,고추장,고추가루,대파또는달래,양파
파김치 갈치조림 만드는법,https://www.10000recipe.com/recipe/5652584
파김치,갈치,파채,고추가루,간장,생강술,조청,후추
국물까지 맛있다! 갈치조림♥,https://www.10000recipe.com/recipe/6877269
갈치,무,감자,양파,대파 10cm,물,간장,고춧가루,다진 마늘,다진 생강,설탕,맛술,청양고추
갈치조림 어머님 황금 레시피,https://www.10000recipe.com/recipe/6894993
갈치,굵은소금,물,진간장,조선호박 ,청양고추,식용유,후추,마늘다진것,물엿,고춧가루,소주또는 맛술
갈치조림,https://www.10000recipe.com/recipe/6278092
감자,갈치,양파,파,다진마늘,고추장,고춧가루,간장,물엿,미림,설탕,물
칼칼한 갈치조림하나면 밥 한그릇 뚝딱,https://www.10000recipe.com/recipe/1578890
갈치,양파,무,물,홍고추,청고추 or청양고추,대파,생강,통감자,굵은소금,간장,미림,고추장,고춧가루,후추,소금,다시마
갈치무조림 만드는법~ 무조림,https://www.10000recipe.com/recipe/6905211
갈치,무,간장,고추가루,식용유,조청,생강가루 조금 대파,양파,마늘1T 청양고추,홍고추
남대문 갈치조림보다 더맛있는 갈치조림 만드는법~!~~,https://www.10000recipe.com/recipe/6840251
갈치,무,청양고추,홍고추,다시마 10cmx10cm,대파,천연조미료,간장,고춧가루,고추장,다진마늘,생강즙,올리고당
백종원 갈치조림 황금레시피 공개해요,https://www.10000recipe.com/recipe/6883215
갈치,무,청양고추,감자,양파,대파,고춧가루,고추장,된장,간장,다진마늘,생강,맛술 또는 청주,설탕
갈치조림,https://www.10000recipe.com/recipe/6837064
갈치,감자,양파,대파,붉은고추,청양고추,청주,소금,물,멸치,다시마,건새우,고춧가루,간장,설탕,맛술,다진마늘,생강,후추
밥도둑이 따로 없는 생선반찬/단호박 갈치조림,https://www.10000recipe.com/recipe/6868380
갈치,무,단호박,양파,대파,청양고추,멸치육수,간장,된장,고춧가루,고추장,다진마늘,생강술,맛술,매실청,들기름,올리고당,후추,소금
무갈치조림,https://www.10000recipe.com/recipe/5461467
무,갈치,물,멸치,다시마,국간장,고춧가루,수제맛간장,국간장,고춧가루,생강가루,생강술,산야초발효액,후춧가루,다진마늘,다진파
갈치조림 실패 없이 만드는 법,https://www.10000recipe.com/recipe/6893842
갈치 큰거,갈치 작은거,무,양파,홍고추,청양고추,고춧가루,고추장,다진 마늘,생강,간장,미림,쌀뜨물,된장,소금,후추
무갈치조림 하는 레시피,https://www.10000recipe.com/recipe/6908023
갈치,무,양파,생강,대파,홍고추,멸치육수,고추장,고춧가루,간장,맛술,설탕,다진 마늘,후추
갈치무조림,https://www.10000recipe.com/recipe/2307705
갈치,무우,양파,홍고추,청고추,파,고추장,고추가루,마늘,소금,간장,맛술,설탕
쌀쌀해지는 요즘~ 맛있는 갈치 무조림 만드는 법~ ,https://www.10000recipe.com/recipe/6875910
갈치,무,양파,대파,진간장,고춧가루,다진마늘,미림,설탕,후추,물,소금
갈치조림,https://www.10000recipe.com/recipe/6845417
갈치,무,간장,굴소스,설탕,맛술,올리브오일,올리고당,마늘,고추가루,물,파
제주갈치보다 더 맛있어 자꾸 생각나는 목포먹갈치조림,https://www.10000recipe.com/recipe/395661
목포 갈치,무,쌀뜨물,간장,굴소스,고추가루,맛술,마늘,꿀,파
"매콤얼큰 갈치국, 갈치조림 만들기",https://www.10000recipe.com/recipe/6911166
갈치,감자,애호박,둥근호박,양파 작은크기,청양고추,방아잎,대파,고추장,고춧가루,진간장,마늘,생강,설탕
"갈치무조림-갈치조림만드는법, 갈치무조림 만드는법..",https://www.10000recipe.com/recipe/2343437
갈치 큰거,무,양파,청양고추,다시마우린물,대파,고추장,간장,멸치액젓,고추가루,다진마늘,생강술,매실액,참기름,깨소금,후추
갈치조림 친정엄마표레시피 &갈치손질법,https://www.10000recipe.com/recipe/6832139
갈치,무,감자,대파,다진마늘,생강가루,양파,고춧가루,진간장,후추,설탕,소주,물
단호박 갈치조림,https://www.10000recipe.com/recipe/4639817
갈치,무 반달 모양 조각,단호박 자른 것,양파,어슷 썬 대파,어슷 썬 홍고추,어슷 썬 청양고추,멸치 육수,통깨,진간장,고춧가루,청양고춧가루,매실청,다진마늘,다진 생강,청주,후춧가루,식용유
수미네반찬 갈치조림 만드는법 갈치대가리 꼭 넣기 ,https://www.10000recipe.com/recipe/6863511
갈치,무,양파,물,국물용 멸치 or 디포리 10마리 or,청양고추,건고추,감자,대파,다진 마늘,다진 생강,양조간장,고춧가루,매실액
부서지지않는 감자 갈치조림,https://www.10000recipe.com/recipe/6841723
갈치,양파,감자,홍고추,청양고추,대파,간장,고추장,고춧가루,청주,다진마늘,샐러리가루,굵은멸치,다시마,표고버섯,쇠고기다시다
남대문 갈치조림 따라하기,https://www.10000recipe.com/recipe/6898218
갈치,감자,무,대파,풋고추,물,간장,고춧가루,맛술,설탕,다진마늘,깨소금,후춧가루
갈치무조림,https://www.10000recipe.com/recipe/6896119
갈치,무,청양고추,홍고추,대파,멸치육수,간장,고춧가루,청주,다진 마늘,생강즙,설탕,후추
갈치조림 만드는법 살캉하니 호박넣고~,https://www.10000recipe.com/recipe/3050144
갈치,조선 호박,양파,청고추,홍고추,물,고추장,간장,고춧가루,올리고당,청주,생강가루,매실청,다진마늘
채소볶음을 곁들인 갈치간장조림,https://www.10000recipe.com/recipe/1822543
냉동 갈치살,청피망,홍피망,백일송이 버섯,밀가루,식용유,향신즙,간장,물,작은 건고추,올리고당,설탕,향신즙,계피가루,후춧가루,깨소금,참기름
갈치조림,https://www.10000recipe.com/recipe/6877950
갈치,무,대파,양파,감자,고추가루,간장,마늘,매실액,굴소스,물엿
부드러운 무 갈치조림,https://www.10000recipe.com/recipe/1702588
갈치 중,무,멸치 다시마 육수,파,청양고추,고추가루,고추장,간장,생강즙,맛술,설탕
뼈건강에 좋은 밑반찬/건갈치 무조림,https://www.10000recipe.com/recipe/6439590
반건조 갈치,무,청양고추,기름,간장,물,고추장,고추가루,다진마늘,맛술,올리고당,생강술,소금,후추,깨소금
"알토란, 갈치 무 조림 황금레시피",https://www.10000recipe.com/recipe/1587675
갈치,무,양파,대파,청홍고추,단호박,깨소금,참기름, ,물,양파,다시마,간장,물엿,고춧가루,설탕,간마늘,매실진액,후추,깨,생강가루
감칠맛나는 제주산 갈치 무조림,https://www.10000recipe.com/recipe/6842607
제주산 갈치,무,양파,대파,디포리또는 멸치육수,맛술,다용도매콤양념장
건갈치조림,https://www.10000recipe.com/recipe/6873614
건갈치,어간장,올리고당,다진마늘,다진생강,고춧가루,미림,다시마육수
고구마줄기 갈치조림 만들기,https://www.10000recipe.com/recipe/6940080
손질된 갈치,무,손질된 고구마줄기,감자,다시마물,국물용 멸치,밴댕이,통깨,대파,양파,홍고추,청양고추,간장,고춧가루,매실청,다진 마늘,다진 생강,물
갈치조림 황금 레시피,https://www.10000recipe.com/recipe/6881690
갈치,무,감자,양파,청양고추,대파,다진 마늘,다진 생강,간장,고춧가루,설탕,참기름,고추장
이건 몰랐지? 육수로 졸여낸 갈치무조림,https://www.10000recipe.com/recipe/6898307
한생원 해물육수팩,물,갈치,무,양파,대파,진간장,고추장,고춧가루,간생강,다진마늘,청주,올리고당,매실 액기스
햇고사리 갈치조림 완전 별미,https://www.10000recipe.com/recipe/6548997
갈치,햇 고사리,양파,대파,청양고추,간장,고춧가루,다진마늘,매실액,생강가루,맛술,멸치 육수
무 넣고 얼큰하게 조린 갈치조림,https://www.10000recipe.com/recipe/6930095
갈치,무,양파 작은 것,풋고추,붉은 고추,대파,물,다진 마늘,고춧가루,생강즙,맛술,올리고당,설탕,진간장,식용유
갈치조림 맛있게 만드는 법,https://www.10000recipe.com/recipe/6871704
갈치대,무,감자,청양고추,양파,대파,멸치육수,고추장,고추가루,간장,청주,맛술,참치진국,다진마늘,생강가루,설탕
마른갈치 무조림 갈치포조림~칼칼한 밥도둑이네요~!~,https://www.10000recipe.com/recipe/848564
마른갈치,무,양파,청양고추,대파,고추장,고춧가루,쯔유간장,다진마늘,생강즙,생강가루,육수,후추,레몬즙
갈치요리 얼큰 칼칼한 감자 갈치조림 황금레시피,https://www.10000recipe.com/recipe/1055350
갈치,감자,양파,청양고추,홍고추,대파,쌀뜻물,고춧가루,간장,매실청,다진마늘,생강술,생강가루
갈치조림,https://www.10000recipe.com/recipe/4536293
갈치,무,양파,대파,홍고추,백설생선조림양념,물
갈치조림 양념장 만드는 법 ,https://www.10000recipe.com/recipe/1551343
갈치,감자,쪽판,양파,간장,고춧가루,매실 액기스,미림,다진마늘,물
만물상 갈치조림,https://www.10000recipe.com/recipe/1489143
갈치,대파,청양고추,홍고추,된장,물,무,건새우,마른 다시마,물,고추가루,간장,다진마늘,생강,설탕,맛술,고추장,후추
백종원 갈치조림 황금레시피 비린내 잡는 비결,https://www.10000recipe.com/recipe/1099866
갈치,무,양파,청양고추,대파,고춧가루,고추장,간장,맛술,다진마늘,설탕,된장,다진생강,후추
갈치조림 황금레시피,https://www.10000recipe.com/recipe/6841009
갈치,양파,청양고추,대파,다오네 만능간장,진간장,고추장,고추가루,진간장
"갈치조림, 비린내 없이 냉동갈치 조리는법, 매콤한 갈치조림",https://www.10000recipe.com/recipe/6875501
갈치,무,대파,조각다시마,맛술,고추가루,간장,고추장,다진마늘,올리고당,들기름,후추,생강가루,소금ㅡ마지막간
#갈치요리 #남대문갈치조림따라하기 #갈치조림만들기 #매콤하게 만드는 갈치조림,https://www.10000recipe.com/recipe/6849116
갈치,무,썬파,양파,고춧가루,고추장,양조간장,다진마늘,다진생강,맛술,매실액,후추,육수
갈치조림..갈치무조림.국물갈치조림 시원칼칼한 제철갈치조림,https://www.10000recipe.com/recipe/6083466
갈치,멸치다시육수 종이컵,무,마늘,생강,청양고추,국간장,고춧가루,양파,대파
제철맞아 살이 오를때로 오른 맛있는 먹갈치무조림 ,https://www.10000recipe.com/recipe/6891767
갈치,무,물,간장,굴소스,설탕,청주,고추가루,마늘,파
밥도둑 꽈리고추 순살갈치조림 만들기,https://www.10000recipe.com/recipe/6862107
순살 갈치 한팩,꽈리고추 한봉,물,설탕,고춧가루,생강가루,간장,맛술,다진마늘,고추장,된장,후추
갈치조림,https://www.10000recipe.com/recipe/6844149
갈치,천일염,멸치다시마육수,무우,양파,대파,청량고추,홍고추,고춧가루,진간장,다진마늘,생강즙,맛술,후추가루
없던 입맛도 돌아 오는 초간단 갈치조림,https://www.10000recipe.com/recipe/6855544
갈치,감자,새우,양배추,팽이버섯,고추가루,진간장,다진마늘,된장,맛술,올리고당,생강가루,생수
"갈치조림 만드는법- 딸에게#~무,감자 넣고~",https://www.10000recipe.com/recipe/6932102
갈치,감자,무,대파,청양고추,홍고추,다진마늘,간장,고추장,고추가루,설탕,생강가루,미림
갈치조림 황금레시피,https://www.10000recipe.com/recipe/6945713
국내산 갈치,무,양파,대파,청양고추,고추장,고추가루,진간장,국간장,맛술,설탕,다진마늘,생강가루,올리고당
#갈치요리 #갈치조림만들기 #시래기를 넣은 갈치조림만들기 #만능양념장,https://www.10000recipe.com/recipe/6956863
갈치,삶은시래기,홍고추,청양고추,대파,다진마늘,다진생강,고추장,만능 양념장,쌀뜨물,천연조미료 황태육수,파인애플,사과,양파,고춧가루,고추장,양조간장,다진마늘,썬파,후추,천연조미료 해물육수
갈치조림 칼칼하고 국물 자작한 갈치감자조림,https://www.10000recipe.com/recipe/6954791
갈치,감자,홍고추,청양고추,대파,양파,쌀뜨물,간장,고춧가루,고추장,설탕,생강가루,된장,물엿,다진 마늘,맛술
고사리갈치조림 ,https://www.10000recipe.com/recipe/6954646
갈치,청양고추,양파,삶은 고사리,깻잎,당근 홍당무,대파,멸치다시국물,쌀뜬물,국간장,양조간장,다진마늘,맛술,생강즙,참기름,고추가루,고추장,통깨
갈치조림 칼칼하게 밥 두공기는 거뜬하지,https://www.10000recipe.com/recipe/6954579
갈치,무,감자,파,양파,청양고추,홍고추,쌀뜨물,다시마,팽이버섯,간장,고추장,고추가루,설탕,올리고당,맛술,후추,간마늘
갈치조림. 갈치구이,https://www.10000recipe.com/recipe/6953954
갈치,무우,대파,청양고추,물,양조간장,고추가루,다진마늘,액젓,맛술,설탕,다진생강,후추
갈치조림,https://www.10000recipe.com/recipe/6953654
갈치,양파,감자,대파,홍고추,고추장,고추가루,다진마늘,간장,생강꿀절임,맛술,흑당,후추
#갈치속젓요리 #이베리코돼지갈비젓갈조림만들기 #갈치속젓으로 맛을 낸 감칠맛 폭발하는 갈비젓갈조림만들기,https://www.10000recipe.com/recipe/6953479
이베리코 돼지갈비,소주,감자,양파,애호박,무,삶은시래기,썬파,천여조미료해물 육수,갈치속젓,고춧가루,고추장,다진마늘,다진생강,썬파,매실액,맛술
"늙은호박 갈치조림, 늙은호박요리",https://www.10000recipe.com/recipe/6951151
​작은크기 늙은 호박,갈치,간장,국간장,청주,고춧가루,참기름,후추,다진마늘,양파,물,청양고추,대파
제주갈치로 갈치조림 ,https://www.10000recipe.com/recipe/6950350
제주 은갈치,쥬키니 호박,맛타리버섯,다시마,중멸치,풋고추,고추가루,고추장,된장,간장,설탕,올리고당,미향,다진마늘,생강즙,통깨
어묵 갈치 조림 밥반찬 ,https://www.10000recipe.com/recipe/6950242
양파,갈치,어묵,풋고추,밀가루,멸치 육수,미향,간장,설탕,다진마늘,고추가루
백종원갈치조림 양념장 칼칼하고 시원한 저녁메뉴추천,https://www.10000recipe.com/recipe/6949854
갈치 대,무,대파,육수팩,매운건고추,애호박,양파 작은것,고춧가루,청주,다진마늘,진간장,액젓,알룰로스,후추,생강가루
<세종댁달순레시피> 시원달콤한 무갈치조림 만드는법,https://www.10000recipe.com/recipe/6949084
반짝 반짝 갈치,무,대파,양파,청양고추,홍고추,굵은 소금,고춧가루,설탕,간장,참치액,다짐마늘,매실원액,생강술,후추 톡톡,물
코로나 극복 생선반찬/감자 갈치조림,https://www.10000recipe.com/recipe/6948655
갈치,감자,청양고추,홍고추,대파,식용유,멸치육수,국간장,진간장,고춧가루,된장,다진마늘,다진생강,황설탕,맛술,후추
갈치호박조림,https://www.10000recipe.com/recipe/6947027
둥근호박,갈치,양파,대파,청양고추,홍고추,간장,액젓,고추가루,설탕,올리고당,매실청,맛술,마늘,생강청,후추,소금
갈치조림 실패없이 간편하게,https://www.10000recipe.com/recipe/6946242
갈치,감자,무,호박,꽈리고추,청양고추,대파,쌀뜨물,간장,고춧가루,맛술,설탕,올리고당,다진마늘,생강,소금
갈치감자조림 :: 칼칼한 갈치조림과 담백하고 쫀득한 감자의 맛,https://www.10000recipe.com/recipe/6944587
갈치,감자 대,양파,대파,청고추,홍고추,고춧가루,진간장,국간장,참치액,맛술,다진마늘,설탕,올리고당,후추
묵은지김치 갈치조림 레시피,https://www.10000recipe.com/recipe/6943947
굵은 갈치,무우 소,김치,대파,청양고추,다시용멸치,양파 소,설탕,맛간장,고추장,다진마늘,맛술,멸치액젓,생강가루,매실액,고추가루,소주,된장,설탕
시래기 갈치조림 만드는 방법 매콤하고 맛있다!,https://www.10000recipe.com/recipe/6943505
갈치,무,청양고추,파,양파,팽이버섯,시래기,고추장,간장,맛술,후추,고추가루,간마늘
[마른갈치조림]밥도둑 갈치조림 3대째 이어온 레시피,https://www.10000recipe.com/recipe/6942056
반건조 갈치,꽈리고추,청양고추,대파,양파,다진마늘,홍고추,고추가루,맛술,진간장,올리고당,매실청,후추가루
#정읍맛집 #갈치속젓요리 #놀토맛집따라하기 #갈비젓갈조림만들기 #돼지갈비와 갈치속젓의 만남!!,https://www.10000recipe.com/recipe/6941283
돼지갈비,갈치 속젓,애호박,청경채,감자,무,육수,갈치속젓,고춧가루,고추장,다진마늘,다진생강,썬파,매실액,맛술
#갈치요리 #갈치속젓요리 #갈치조림만들기 #칼칼한 밥도둑 갈치조림 #갈치속젓으로 속전속결로 만드는 갈치조림!!,https://www.10000recipe.com/recipe/6939002
갈치,무,홍고추,청양고추,썬파,통깨,갈치속젓,고춧가루,고추장,매실액,다진마늘,다진생강,후추,맛술,육수
밑반찬이나 도시락 반찬으로도 좋은 건갈치조림,https://www.10000recipe.com/recipe/6938979
건 갈치,간장,고추장,고춧가루,미림,다진마늘,생강가루,조청,멸치육수
밥한그릇 뚝딱하는 갈치조림 만들기:),https://www.10000recipe.com/recipe/6938346
갈치,무우,대파,양파,청양고추,고춧가루,고추장,간장,올리고당,맛술,참기름,통깨,후춧가루,다진마늘
밥도둑 머쉬마루버섯 갈치조림,https://www.10000recipe.com/recipe/6938260
갈치,머쉬마루 버섯,감자,양파,파,고추장,고추가루,간장,매실액,다진마늘
갈치조림 기가막히게 만들기,https://www.10000recipe.com/recipe/6936994
재료 : 갈치,무 두께,양파,다시마,청양고추,파,설탕,올리고당,고추가루,진간장,다진마늘,소주,후추약간,생각
갈치조림,https://www.10000recipe.com/recipe/6936924
갈치 중간크기,감자 작은것,대파,고추가루,집된장,진간장,다진마늘,정종,생강,물
노브랜드 냉동 갈치로 갈치 조림 만들기..,https://www.10000recipe.com/recipe/6936701
냉동 갈치,무,양파,청양고추,홍고추,대파,고추장,고춧가루,참치액,생강술,간장,요리당,들기름,다진마늘,후춧가루,물,통깨
칼칼한 제주산 갈치 조림 만들기,https://www.10000recipe.com/recipe/6936232
갈치,무,양파,대파,청양고추,홍고추,쌀뜨물,고추가루,매실액,다진생강,다진마늘,어간장,양조간장,쌀뜨물,소금,소주
갈치조림:고등어와 무와 감자를 같이 넣어 골라먹는 재미가 있다,https://www.10000recipe.com/recipe/6936231
갈치,손질고등어,감자,무,양파,대파,고추장,고춧가루,된장,어간장,맛간장,맛술,청주,오미자액,생강청,다진마늘,다진파,물,간장
갈치포조림 만드는법- 딸에게#,https://www.10000recipe.com/recipe/6936033
갈치 포,무 한토막 간장,청주,고추장,고추가루,생강가루,조청,물,식용유,다진마늘,대파
 밥도둑 생선반찬/매콤한 갈치조림,https://www.10000recipe.com/recipe/6935587
갈치,무,양파,대파,청양고추,소금,후추,식용유,고추장,고춧가루,된장,간장,쌀뜨물,다진마늘,다진생강,맛술,매실청,황설탕
깻잎장아찌를 넣은 별미 갈치조림 만들기,https://www.10000recipe.com/recipe/6934968
갈치,무,청양고추,깻잎,대파,고춧가루,고추장,간장,설탕,매실청,다진마늘,참기름
"갈치조림 레시피, 간단한 양념장으로 맛있게",https://www.10000recipe.com/recipe/6934363
손질된 갈치,무,대파,양파,청양고추,홍고추,쌀뜨물,통깨,고춧가루,간장,매실청,다진 마늘,다진 생강,된장,후추
"제주의 맛, 단호박 갈치조림",https://www.10000recipe.com/recipe/6932762
갈치,미니단호박,양파,청양초,홍초,대파,육수,고춧가루,맛술,진간장,마늘,고추장,깨소금,참기름,쌀조청
초간단 갈치조림,https://www.10000recipe.com/recipe/6931240
갈치,양파,무,간장,고춧가루,고추장,미림 혹 맛술,청주 혹 소주,홍고추,청고추,대파
갈치포 조림,https://www.10000recipe.com/recipe/6931159
갈치포,양파,고추가루,후추가루,다진마늘
"수산물이 맛난 계절입니다. 호박갈치찌개, 갈치호박찌개, 갈치조림",https://www.10000recipe.com/recipe/6931153
갈치 한마리 4토막,소금,둥근 애호박,국간장,간장,고추가루,청주,참기름,매실청,다진마늘,후추,양파,풋고추,다시마 멸치육수
갈치조림,https://www.10000recipe.com/recipe/6930218
갈치,호박,고추가루,설탕,간장,식물성 기름,참기름,깨소금,마늘,땡초
극강의 맛! 맛있는 갈치조림/양념장 만드는 법,https://www.10000recipe.com/recipe/6927664
갈치,멸치,건새우,고춧가루,간장,맛술,다진마늘,소금,설탕,물엿,된장,후추가루,다진생강,무우,양파,홍고추,청양고추,대파,감자
매콤칼칼~ 갈치조림 ,https://www.10000recipe.com/recipe/6925521
갈치,무,양파,대파,물,고추가루,설탕,간장,간마늘,후추
아주 간단한 갈치감자조림,https://www.10000recipe.com/recipe/6924824
갈치,감자,적양파,대파잎,간장,고춧가루,다진마늘,파슬리가루,마늘 껍질,소금,요리당
초보자도 맛있는 갈치조림 뚝딱,https://www.10000recipe.com/recipe/6923754
은갈치,양파,무,다시마,물,까나리액젓,고추가루,꿀
초간단갈치조림,https://www.10000recipe.com/recipe/6921340
갈치,양파,표고버섯,간장,설탕,물,생강가루,후추가루,쌈장
[가정간편식] 마늘쫑갈치조림,https://www.10000recipe.com/recipe/6920748
갈치,마늘쫑,무,양파,대파,고추,물,간장,고추장,고춧가루,맛술,물엿,다진마늘,다진생강
절대 실패하지 않는 이영자표 갈치조림,https://www.10000recipe.com/recipe/6920317
갈치,붉은 고추,청양고추,대파,감자,마늘,고추장,멸치육수,조청,후추
갈치조림2,https://www.10000recipe.com/recipe/6919743
갈치,양배추,고추,무,다진마늘,물,매실액,간장,고추가루,후추가루,생강가루,들기름,들깨가루,쌈장
갈치조림,https://www.10000recipe.com/recipe/6919384
갈치,무 2cm,다시마,양배추,빨강 피망,대파,깻잎,쌈장,고추가루,다진마늘,설탕,생강가루,후추가루,양조간장,마늘장아치간장
갈치조림이 처음이신 분들을 위한 친절한 오답노트,https://www.10000recipe.com/recipe/6918588
갈치,무,양파,대파,홍고추,고춧가루,설탕,진간장,물엿,고추장,쌈장,다진마늘
