떡갈비,추천순,197
【돼지다짐육으로만든】새송이 떡갈비~,https://www.10000recipe.com/recipe/6887181
돼지고기다짐육,새송이버섯,생강술or맛술,진간장,설탕,다진마늘,참기름,감자전분,대파,후추,진간장,물,꿀,설탕,참기름
[간단 황제 자취 요리] 스팸으로 떡갈비 만들기,https://www.10000recipe.com/recipe/6900094
스팸 또는 리챔,달걀,당근,새송이 버섯,파,마늘
"다이어트 식단 새송이버섯 요리, 새송이떡갈비 만들기",https://www.10000recipe.com/recipe/6940061
다진소고기,다진돼지고기,새송이버섯 기둥,다진마늘
[새송이 떡갈비] 남녀노소 누구나 좋아하는 맛있는 떡갈비~갈비뼈대신 새송이버섯으로~,https://www.10000recipe.com/recipe/6834412
갈은소고기,양파,대파,새송이버섯,간장,청주또는 미림,다진마늘,꿀,매실청,후추가루,참기름,생강즙
"새우떡갈비 만드는 법, 이색 새우요리 레시피",https://www.10000recipe.com/recipe/6865187
돼지고기,소고기,새우,밀가루,다진마늘,다진 파,간장,설탕,소금,참기름,후추,미림,소금,후추
(아기반찬) 버섯떡갈비 (코로나극복 으쌰으쌰 기운 UP 반찬),https://www.10000recipe.com/recipe/6941758
소고기다짐육,백만송이버섯,다진 대파,다진 양파,다진 표고버섯,다진 당근,아기 간장,참기름,배즙,강판에 간 양파,강판에 간 마늘
떠먹는 떡피자 ,https://www.10000recipe.com/recipe/6842857
떡국떡,양파,파프리카,떡갈비,스파게티소스,체다치즈,모짜렐라치즈
냉동 떡갈비로 떡갈비 찹스테이크 만들기(굴소스와 케첩으로 만든 소스 사용!),https://www.10000recipe.com/recipe/6923121
냉동 떡갈비,파프리카,양파,양송이버섯,케첩,굴소스,간장,올리고당,설탕,다진 마늘,후추
<아이반찬>떡이 들어간 돼지고기 떡갈비,https://www.10000recipe.com/recipe/6928252
돼지고기다짐육,쪽파,양파,밀가루,간장,설탕,다진마늘,감자전분,후추,참기름
떡갈비 빼빼로 :: 남녀노소 누구나 좋아할 맛,https://www.10000recipe.com/recipe/6837409
소고기,베이컨,떡볶이떡,파,양파,치즈,빵가루,부침가루,소금,후추,맛술,다진마늘,다진생강,데리야끼소스,배
떡갈비볶음밥,https://www.10000recipe.com/recipe/6872223
떡갈비,대파,양파,당근,맛술,간장,밥
"특별한 빼빼로데이, 풋고추로 매콤한 떡갈비빼빼로 만들기",https://www.10000recipe.com/recipe/6921882
소고기다짐육,떡볶이떡,치즈,느타리버섯,풋고추,간장,설탕,깨,간장,올리고당,참기름
5천원으로 6인분 해결되는 돼지고기 떡갈비 ,https://www.10000recipe.com/recipe/6832569
돼지고기 ,양파,부추,간장,설탕,마늘다진것,참기름,후추,피자치즈
떡갈비,https://www.10000recipe.com/recipe/6837398
다진쇠고기,새송이버섯,다진잣,다진쪽파,간장,설탕,대파흰부분,다진마늘,통깨,참기름,찹쌀가루,다진잣,간장,유자청,꿀,물,참기름
떡갈비,https://www.10000recipe.com/recipe/6847844
다진쇠고기,떡볶이떡,간장,맛술,간양파,올리고당,설탕,다진마늘,다진파,찹쌀가루,후춧가루,참기름,간장,미림,올리고당,물
집에서 만들어서 든든한 떡갈비 만들어 볼께요.,https://www.10000recipe.com/recipe/6933836
소고기다진것,간장,설탕,참기름,간마늘,후추,양파
떡갈비 만들기~,https://www.10000recipe.com/recipe/6923278
소고기 간거,돼지고기 간거,대파 다진거,양파 다진거,당근 다진거,부침가루 or 밀가루,전분,설탕,간장,물엿,맛소금,후추,미림,참기름
찬밥의 변신~ 떡갈비 밥피자,https://www.10000recipe.com/recipe/5615243
찬밥,시판떡갈비,계란,치즈,맛살,소금
♡ 손님상에 좋은 미니 떡갈비..,https://www.10000recipe.com/recipe/6856888
소고기,돼지고기,떡볶이떡,간장,물엿,찹쌀가루,술,파,양파,다진마늘,참기름,후추,통깨
떡갈비 황금레시피(떡갈비 만들기),https://www.10000recipe.com/recipe/6851683
소고기다진것,돼지고기다짐육,간장,설탕,올리고당,참기름,마늘,생강즙,배즙이나 양파즙 혹은 매실청,다진파,참기름,간장,꿀
가래떡갈비,https://www.10000recipe.com/recipe/2385980
가래떡,돼지고기,땅콩가루,다진파,다진풋고추,다진마늘,맛술,천일염,후춧가루,참기름,양조간장,매실엑기스,맛술,올리고당,물
연어떡갈비 - 단짠 그리고 쫄깃 연어캔요리 #겨울방학간식,https://www.10000recipe.com/recipe/6863313
연어통조림,다진양파,당근,달걀,빵가루,감자전분,떡볶이떡,물,간장,올리고당,설탕,굴소스
"떡갈비 만드는법, 떡갈비 레시피 이대로만 하면 성공!!",https://www.10000recipe.com/recipe/6878493
소고기다짐육,돼지고기등심 다짐육,진간장,다진마늘,설탕,참기름,후추,통깨,소금,양파,배,대파,소주,전분
아이들 반찬으로 좋은 떡갈비 만드는법!!,https://www.10000recipe.com/recipe/6953964
소고기다짐육,돼지고기다짐육,양파,대파흰부분,당근,표고버섯,다진마늘,생강,간장,굴소스,배,설탕,올리고당,맛술,찹쌀가루,후추,참기름
떡갈비마요덮밥 한그릇요리로 딱 좋아!,https://www.10000recipe.com/recipe/6909814
떡갈비,달걀,밥,마요네즈,돈까스소스,대파
어버이날! 맛있는 재료 총 집합 ~ 떡갈비 토스트 ♬,https://www.10000recipe.com/recipe/6932300
식빵,떡갈비,슬라이스치즈,양배추,계란,피망,양파,버터,식용유,바베큐소스,설탕,토마토케첩,마요네즈
떡갈비 만드는법 송이버섯과 콜라보~ 맛있고 예쁜요리 ~,https://www.10000recipe.com/recipe/6858759
송이,다진돼지고기,다진쇠고기,청주,소금,후춧가루,다진마늘,식용유,설탕,양조간장,청주,물,다진생강
송이 떡갈비,https://www.10000recipe.com/recipe/4323590
쇠고기다진것,자연산송이,소금,후춧가루,다진파,다진마늘,깨소금,간장,맛술,설탕,다진마늘,생강가루,참기름
설날요리 9.900원 등심으로~누구에게나 꿀맛! 떡갈비(,https://www.10000recipe.com/recipe/6925356
소고기등심 다짐육,양파,굴소스,간장,꿀,청주,맛술,마늘,후추,파,찹쌀가루,올리브오일
새송이버섯 떡갈비,https://www.10000recipe.com/recipe/6009223
소고기,야채,새송이버섯,​ 계란,두부,소금,후추,참기름
더위 잡는 닭떡갈비,https://www.10000recipe.com/recipe/2002044
닭가슴살,가래떡,양파,당근,양배추,파,고추,메추리알,고추장,정종,고춧가루,간장,매실청,마요네즈,마늘,핫소스,카레가루,후춧가루
"초간단 혼밥 간단레시피 ,, 인기메뉴 떡갈비 볶음밥 ,,!!",https://www.10000recipe.com/recipe/6871057
냉동 떡갈비,피망,당근,양파,다진파,김치,밥,굴소스,소금,후주,식용유
제철음식 더덕으로 만드는 육즙 가득 밥 반찬! 더덕떡갈비,https://www.10000recipe.com/recipe/6909346
더덕,돼지고기 다짐육,쪽파,잣가루,맛술 미림,간장,설탕,다진 마늘,다진 생강,소금,후추,맛술 미림
떡갈비 만들기 단짠단짠 소스 레시피까지~,https://www.10000recipe.com/recipe/6934370
쪽파,다짐육,양파,다진마늘,간장,밀가루,조랭이떡,간장,맛술,양파,배,후추,다진마늘
떡갈비 샌드위치♥,https://www.10000recipe.com/recipe/6926622
롤 빵,상추,양파,떡갈비,스팸 슬라이스,계란,치즈,마요네즈,머스타드,케쳡
수제 떡갈비 간단하게 만들어먹어요,https://www.10000recipe.com/recipe/6894528
소고기다짐육,양파,당근,대파,계란,간장,맛술,꿀,참기름,다진마늘,생강가루
두가지맛 떡갈비 만들기,https://www.10000recipe.com/recipe/5212751
소고기다짐육,다진파,다진청양고추,다진양파,다진마늘,감자전분,소금,간장,후추,참기름,된장,물,올리고당,간장,간장,물,올리고당,참기름
한우떡갈비,https://www.10000recipe.com/recipe/1881035
목심,간장,설탕,맛술,다진파,다진마늘,참기름,후추
은은한 두릅향이 묻어나는 두릅떡갈비,https://www.10000recipe.com/recipe/6830772
소고기다짐육,두릅,가래떡,다진마늘,다진파,간장,설탕,맛술,날콩가루,후추가루,참기름,통깨,잣가루
떡갈비 크리스마스 일품요리,https://www.10000recipe.com/recipe/6902438
소고기 다짐육,새우,팩 두부,무,당근,쪽파,다진마늘,찹쌀가루,식용유,간장,설탕,맛술,생강술,소금,후춧가루,참기름,다진파,간장,스테이크소스,맛술,올리고당,유자청,물
남은 떡갈비와 자투리 야채의 콜라보! 떡갈비 볶음밥 만들기,https://www.10000recipe.com/recipe/6873048
밥,시판용 떡갈비 ,양파 ,애호박,청양고추,대파,계란 후라이,다진 마늘,굴소스,소금,후추,식용유
깐풍 떡갈비 만들기,https://www.10000recipe.com/recipe/4369314
떡갈비,식용유,튀김유,전분가루,홍파프리카,황파프리카,청양고추,양파,대파,간장,다진마늘,맛술,참기름,타바스코소스,굴소스,후춧가루,올리고당
#분짜에도 들어가고 반미에도 들어가는 고기완자 만들기 #함박스테이크 #떡갈비도 가능!! ,https://www.10000recipe.com/recipe/6887777
소고기다짐육,돼지고기다짐육,빵가루,달걀,굴소스,피쉬소스,다진마늘,다진생강,대파,양파,청주
떡갈비 갈비가 아닌 떡볶이떡을 품은 떡갈비,https://www.10000recipe.com/recipe/6870214
소고기,돼지고기,떡볶이떡,사과,배,대파,마늘,생강,맛술,아마씨,검은깨
고급스럽게 맛있게~~!! 초대 요리로 좋은 수삼 떡갈비,https://www.10000recipe.com/recipe/6862092
소고기 갈빗살,수삼,찹쌀가루,잣가루,대추,간장,맛술,배즙,다진 마늘,꿀,깨소금,다진 파,다진 양파,잣가루,후춧가루,생강즙,참기름,물,간장,물엿,맛술,설탕
"구운 가지, 새송이버섯 돼지고기 떡갈비볼 말이",https://www.10000recipe.com/recipe/4320366
돼지고기 안심,표고버섯,양파,청양고추,가지,새송이,무순,생강즙,청주,후춧가루,굴소스,다진마늘,녹말가루,빵가루,설탕,물엿,물,식용유
【초간단】떡갈비 볶음밥 만들기~,https://www.10000recipe.com/recipe/6867792
냉동떡갈비,밥,양파,대파,다진당근,다진파프리카,우스터소스,굴소스,참기름
떡갈비 완자구이 전골,https://www.10000recipe.com/recipe/6848729
다진쇠고기,떡볶이떡,불린당면,미나리,우엉,양파,대파,물,간장1,설탕,녹말가루,계란,다진파,다진마늘,참기름,깨소금,산들애국내산한우,후추,식용유,팽이버섯,당근
닭떡갈비 만들기,https://www.10000recipe.com/recipe/6741422
닭고기,양파,청양고추,다진마늘,소금,후추,다시다,녹말가루,굴소스
동글이 떡갈비,https://www.10000recipe.com/recipe/1697638
소고기,간장,물엿,설탕,조미술,배즙,다진마늘,다진파,빵가루,참기름,후추,간장,꿀,조미술
맛있는 떡갈비 만들기,https://www.10000recipe.com/recipe/4161016
소고기갈빗살,소고기우둔살,감자전분,잣,녹말가루,간장,매실청,참기름,간장,비정제황설탕,청주,배즙,양파즙,참기름,다진마늘,다진파,생강가루,후춧가루
계란반죽 떡갈비 라면전~*,https://www.10000recipe.com/recipe/6869983
불짬뽕라면,떡갈비,계란,올리브유
[셜록] 추석 요리 '떡갈비' 백종원 골목식당 레시피,https://www.10000recipe.com/recipe/6895464
진간장,설탕,감자전분,간마늘,후추,맛술,참기름,간 돼지고기,간 소고기,양파,대파
쫄깃한 떡과의 궁합! 이것이 진정한 떡갈비,https://www.10000recipe.com/recipe/1005966
다진 쇠고기,떡볶이떡,잣가루,간장,설탕,다진마늘,다진 파,맛술,참기름,소금,후춧가루
떡갈비 & 피망....일드 고독한미식가 1편을 보고....,https://www.10000recipe.com/recipe/6869435
닭안심,피망,양파,흰대파,마늘,사과,맛간장,매실액,노른자,녹말,표고가루,포도씨유
떡갈비 황금레시피 ,https://www.10000recipe.com/recipe/6836827
소고기,양파,대파,표고버섯,간장,미림,참기름,올리당,후추,마늘
떡갈비 만드는 방법 ,https://www.10000recipe.com/recipe/6832316
소고기다짐육,대파,양파,당근,떡볶이떡 대략,다진마늘,청주,맛술,간장,참기름,올리고당,다진마늘,후추,맛술,통깨
떡갈비로 햄버거 만들기,https://www.10000recipe.com/recipe/6832499
시판용남도떡갈비,모닝빵,양파,토마토,피클,쌈채소,머스타드소스,마요네즈
소고기로 떡갈비만들기,https://www.10000recipe.com/recipe/6845185
소고기,양파,쪽파,설탕,간장,매실액,맛술,찹쌀가루,간장,매실액,참기름
"<신혼요리> 새송이떡갈비 /버섯고기요리, 유자청사용! 부추무침과 함께하면 더욱 맛있어요~ 영양가득 사이드메뉴!",https://www.10000recipe.com/recipe/6866593
부추,다짐육,새송이버섯,전분가루,간장,설탕,다진마늘,참기름,후추,대판,유자청,꿀,간장,물,참기름
홈메이드 떡갈비 ,https://www.10000recipe.com/recipe/4008363
갈은소고기,양파,대파,마늘,생강즙,청주,후추,참기름,간장
부드러운 떡갈비,https://www.10000recipe.com/recipe/3151122
갈빗살,다진양파,다진마늘,다진 밤,다진 대추,다진파,다진 양송이,잣 다진거,찹쌀가루,배즙,생강즙,깨소금,간장,설탕,꿀,참기름,청주,후추,소금,간장,조청,꿀,참기름
명절음식 활용하기 ★ LA 갈비 이용한 떡갈비 만들기,https://www.10000recipe.com/recipe/567655
양념재워진LA갈비,다진돼지고기,대파 채썬것,간장,맛술,생강청,찹쌀가루
한국대표음식 떡갈비구이,https://www.10000recipe.com/recipe/6857118
소고기다짐육,떡볶이떡,밤,대추,잣,양파,파,마늘,간장,배즙 or 배양파즙,설탕,꿀,참기름,적포도주,소금,후춧가루,녹말가루
"맛있는 다이어트식단! 떡갈비활용음식, 떡갈비 망고샐러드 레시피",https://www.10000recipe.com/recipe/1007902
어린잎,방울토마토,애플망고,청정원 리얼불맛 떡갈비,청정원 망고드레싱
다진고기로 초간단 맛있는소고기떡갈비,https://www.10000recipe.com/recipe/6844668
다진소고기,양파,간장,맛술,설탕,올리고당,굴소스,찹쌀가루,잣,대추
돼지고기 떡갈비만들기,https://www.10000recipe.com/recipe/6867884
돼지고기등심 간거,계란,전분가루,애호박,당근,버섯,대파,피망,양파,생강즙,소금,후추,와송or메실엑기스,마늘,간장,소금
떡갈비김밥 나들이 도시락,https://www.10000recipe.com/recipe/6889382
냉동떡갈비,당근,시금치,단무지,밥,참기름,소금,맛살,계란
세상 간편하게 만드는♥납작떡갈비,https://www.10000recipe.com/recipe/6851167
소고기다짐육,돼지고기다짐육,다진양파,빵가루,전분,간장,설탕,후추,맛술,다진마늘,참기름
"어린이집 소풍 도시락 싸기/ 떡갈비꼬마김밥,꼬마유부초밥&소세지로 모양내기",https://www.10000recipe.com/recipe/6887425
떡갈비,김,밥,단무지,우엉조림,시판재료사용,치즈
알토란 만능간장 레시피(떡갈비부터 밑반찬까지 활용 가능),https://www.10000recipe.com/recipe/6868935
야채,진간장,설탕,물엿,후춧가루,물,생강,마늘,대파
떡갈비산적꼬지,https://www.10000recipe.com/recipe/6856930
떡갈비,대파,당근,참타리버섯,계란,밀가루,소금
초간단 떡갈비볶음밥 만들기,https://www.10000recipe.com/recipe/6842569
떡갈비,찬밥,진간장,올리고당,후추,식용유
떡갈비 샌드위치,https://www.10000recipe.com/recipe/6956614
떡갈비,식빵,계란,소금,오이피클,양배추,양파 채,당근 채,체다치즈,마요네즈,케찹,상추 외 모듬채소,부침용 기름
냉동 떡갈비로 떡갈비 밥버거 만들기,https://www.10000recipe.com/recipe/6956565
밥,떡갈비,김가루,참기름,깨,슬라이스 치즈,밑반찬 또는 볶음김치
식빵요리/ 브런치/치즈 떡갈비 스테이크,https://www.10000recipe.com/recipe/6956481
식빵,슬라이스치즈,시판용 떡갈비,파슬리가루,마가린 혹은 버터,밀가루,포도주,육수 혹은 생수,스테이크소스
소고기 수제 떡갈비 만드는법 생일상차림메뉴 홈파티음식,https://www.10000recipe.com/recipe/6956386
간소고기,양파,간장,밀가루,설탕,후추
떡갈비 - 코스트코 대용량 소고기 다짐육 활용요리,https://www.10000recipe.com/recipe/6955335
소고기,표고버섯,양파,파,소금,후추,찹쌀가루,참기름,물,간장,설탕,전분
간소고기로 초간단 떡갈비 만들기,https://www.10000recipe.com/recipe/6955234
소고기 다짐육,양파 한대,오일,가래떡,설탕,간장,올리고당,다진파,다진마늘,부순 참깨,참기름,후추
집에서 재현하는 담양 명물! 담양한우떡갈비,https://www.10000recipe.com/recipe/6955221
소갈비,다진 대파,간장,후추,양파즙,배즙,다진 마늘,설탕,맛술,물엿,참기름
수삼품은 떡갈비,https://www.10000recipe.com/recipe/6955043
수삼,돼지뒷다리살,두부,당근,오이고추,다진마늘,소금,후추
다진돼지고기로 간단하게 만드는 '떡갈비',https://www.10000recipe.com/recipe/6953694
다진돼지고기,대파,양조간장,설탕,다진마늘,전분가루,후추,참기름,청양고추
떡갈비 밥버거 만들기,https://www.10000recipe.com/recipe/6953419
밥,떡갈비,슬라이스치즈,볶은 김치,양상추,김가루,참깨,참기름,소금,식용유,김치,양파,대파,참기름,설탕,고춧가루,깨
#소고기요리 #떡갈비만들기 #불고기용 소고기로 간단하게 만드는 떡 들어간 떡갈비!,https://www.10000recipe.com/recipe/6953347
소불고기,떡 쌈,대파,양념장,천연조미료육수,통깨
"홈메이드 떡갈비,MSG없이 건강하게~",https://www.10000recipe.com/recipe/6952415
돼지 앞다리살,양파,대파,다진마늘,간장,설탕,생강가루,후추,참기름,찹쌀가루,매실액기스,올리고당,간장,생강가루
한입 떡갈비로 미니 햄버거 만들기..,https://www.10000recipe.com/recipe/6952395
모닝빵,한입 떡갈비,상추,슬라이스 치즈,달걀,피클,마요네즈,돈가스소스
떡갈비덮밥~*,https://www.10000recipe.com/recipe/6951740
떡갈비,대파,새송이버섯,당근,전분,굴소스,간장,참기름,후추
한우떡갈비 시판용 떡갈비로 만든 샌드위치,https://www.10000recipe.com/recipe/6951602
식빵,떡갈비,양배추,방울토마토,슬라이스치즈,토마토케첩,머스타드소스,버터
윤스테이 박서준의 밤 떡갈비 ,https://www.10000recipe.com/recipe/6951443
소갈비살,다진 파,다진 양파,다진 배,찹쌀가루,간장,설탕,후추,밤,올리고당,계핏가루,영양부추,홍고추,식초,설탕,소금,깨
윤스테이 밤떡갈비 도전♡ 강추 ,https://www.10000recipe.com/recipe/6951150
갈비살,마더소스,밤,올리고당,계피가루,양조간장,배,양파,마늘,흰대파,황설탕,후추,영양부추,연근칩,비트
쌀떡으로 만든 떡볶이떡 떡갈비 레시피~ 떡갈비 소스 황금비율로 쿡딱! ,https://www.10000recipe.com/recipe/6950676
쌀떡볶이떡,쇠고기,대파,양파,마늘,생강,설탕,간장,맛술,후추,참기름,빵가루,물,간장,꿀,계피가루,후추,생강,참기름,감자전분,물,쪽파
인기 반찬 돼지고기 떡갈비 간단하게 만들기,https://www.10000recipe.com/recipe/6950571
돼지고기 다짐육,양파,간장,올리고당,다진마늘,감자전분,후추,참기름
떡갈비 볶음밥 (아이와 함께 먹는 간단하고 맛있는 볶음밥 만들기),https://www.10000recipe.com/recipe/6949969
떡갈비,양파,당근,밥,굴소스,마요네즈
"# 아이간식, 떡갈비 만들기",https://www.10000recipe.com/recipe/6949403
LA갈비,표고버섯,양파,당근,마늘,가래떡,간장,참기름,머스터드소스,캐첩,설탕,대파,전분가루,빵가루
맛있는 궁중요리 떡갈비 만들기/떡갈비 레시피,https://www.10000recipe.com/recipe/6948671
소고기다짐육,간장,참기름,찹쌀가루,소금,후춧가루,키위,양파,마늘,대파,떡국떡,양송이버섯,식용유
##목동깨비시장떡갈비 #떡갈비버거만들기 #햄버거만들기 #떡갈비를 이용한 햄버거만들기,https://www.10000recipe.com/recipe/6947724
떡갈비,치아바타,슬라이스치즈,계란,양상추,토마토,발사믹글레이즈,숯불향고기소스
손님초대 핑거푸드/아스파라거스 떡갈비,https://www.10000recipe.com/recipe/6947434
다진 돼지고기 뒷다리살,아스파라거스,떡국떡,양파,대파,홍고추,전분,식용유,굴소스,다진마늘,다진생강,맛술,소금,참기름,후추,전분,시판 스테이크소스,굴소스,물,황설탕
스테이크 못지않은 육즙팡팡 씹는식감 너무 좋은 떡갈비 초간단 레시피,https://www.10000recipe.com/recipe/6947266
소고기 다짐육,소고기 갈비살,양파,대파,키위,배,간장,설탕,물엿,다진마늘,후추,참기름,생강가루,매실액
큼직한 떡갈비의 엄청난 존재감! 떡갈비김밥,https://www.10000recipe.com/recipe/6946962
오뚜기 오즈키친 떡갈비,오뚜기밥,김밥용 김,오뚜기 1등급란,단무지,맛살,소금,오뚜기 고소한 참기름,오뚜기 옛날볶음참깨,오뚜기 프레스코 카놀라유,깻잎
맛있는 리얼 수제 떡갈비 만드는법,https://www.10000recipe.com/recipe/6944736
간고기,간장,설탕,참기름,간마늘,후추,양파
"떡갈비, 추석음식 만들기",https://www.10000recipe.com/recipe/6944248
소고기,간장,청주,후추,올리고당,매실청,참기름,다진마늘,대파,양파,돼지고기
코로나 극복 부드러운 맛에 누구나 좋아하는 등심떡갈비,https://www.10000recipe.com/recipe/6943688
다진등심 소고기,양파,청양고추,굴소스,간장,찹쌀가루,마늘,맛술,청주,파,통깨,설탕,후추
떡갈비 만들기 추석명절요리로도 좋아요.,https://www.10000recipe.com/recipe/6942678
소고기 다짐육,돼지고기 다짐육,양파 중간것,대파,간장,매실청,올리고당,설탕,맛술,다진 마늘,굴소스,후춧가루,생강가루,참기름,버터
데리야끼소스 만들기 / 떡갈비덮밥 초등아들 최애메뉴!,https://www.10000recipe.com/recipe/6942628
다시마물,진간장,설탕,마늘,다진생강,대파,가쓰오부시,녹말물,밥,떡갈비,데리야끼소스,마요네즈,다진쪽파 or 대파,김가루
"집에서 청양 떡갈비 쉽게 만들어 먹어요! (간단, 자취, 집들이)",https://www.10000recipe.com/recipe/6942458
소고기 간것,돼지고기 간것,다진마늘,양파,청양고추,대파,간장,설탕,꿀,소금,후추,요리술,달걀,참기름
두가지 방법으로 즐길수 있는 추석 명절음식~떡갈비로 솜씨 발휘 해보기 ! ,https://www.10000recipe.com/recipe/6942411
갈은 소고기,다진 양파,다진 파,기름,다진 생강,다진 마늘,후추,참기름,설탕,간장,미림,정종
 떡갈비볶음 만들기,https://www.10000recipe.com/recipe/6942078
노란파프리카,피망,떡갈비,양파,물,고추장,케첩,다진마늘,물엿
집밥 메뉴 /냉파 요리/ 떡갈비 피자,https://www.10000recipe.com/recipe/6941721
시중에 파는 떡갈비,샌드위치 햄,양파,적 파프리카,꼬마 새송이버섯,식용유,흰 후추,가는 소금,피자 치즈,토마토소스
떡갈비 마요덮밥으로 쉽고 간단하게 한 끼 해결해요,https://www.10000recipe.com/recipe/6940386
냉동 떡갈비,양파,달걀,밥,김,간장,설탕,후추,식용유,마요네즈
에어프라이기 요리 수제 떡갈비 황금레시피,https://www.10000recipe.com/recipe/6939688
소고기 다진것,배,후추,간장,설탕,밀가루,양파,가래떡
옛날햄버거 스타일로 양배추샐러드 듬뿍 떡갈비토스트 만들기,https://www.10000recipe.com/recipe/6939106
식빵,떡갈비,계란,체다치즈,오이 or,양배추,사과,당근,케찹,마요네즈,버터,씨겨자
규규! 이경규의 편스토랑 4번째 출시 메뉴! 떡갈비규리또 ,https://www.10000recipe.com/recipe/6938990
양조간장,맛술,설탕,후추,다진마늘,다진대파,다진생강,소고기,생크림,마요네즈,올리고당,다진 청양고추,간장,올리고당,토마토케찹,다진양파,다진청양고추,다진고수,토마토,양상추,고추지,화이트크림소스,땡초소스,모짜렐라치즈,또띠아,떡갈비,밥
떡갈비치즈토스트 만드는 법,https://www.10000recipe.com/recipe/6938277
떡갈비,식빵,모짜렐라치즈,양파,마요네즈,돈까스소스
집밥 메뉴/ 점심 도시락/ 떡갈비 새우 볶음.,https://www.10000recipe.com/recipe/6937943
떡갈비,새우,통마늘편,양파,적 파프리카,피망,마가린,스테이크 소스
떡갈비치즈토스트 만드는 법 아침에 딱 좋아요,https://www.10000recipe.com/recipe/6937493
떡갈비,식빵,모짜렐라 치즈,양파,마요네즈,돈까스소스
소고기와 돼지고기를 섞어서 만든 떡갈비,https://www.10000recipe.com/recipe/6936224
소고기,돼지고기,양파,당근,대파,떡볶이떡,소금,후추,들기름,간마늘,간장,전분가루,기름
깻잎장아찌를 활용해 냉동떡갈비 더 맛있게먹기(깻잎떡갈비전),https://www.10000recipe.com/recipe/6935169
냉동떡갈비,깻잎장아찌,밀가루,계란
새콤달콤 유자떡갈비,https://www.10000recipe.com/recipe/6934883
돼지고기,소고기,양파,대파,다진마늘,소금,후추,유자청,간장,물
집에서 떡갈비 맛있게 만드는법,https://www.10000recipe.com/recipe/6934832
소고기 다진것,배,후추,간장,설탕,밀가루,양파,가래떡
떡갈비김치볶음밥,https://www.10000recipe.com/recipe/6934203
김치,냉동떡갈비,대파,간장,설탕,후추,참기름
 (어버이날에~)밥솥 떡갈비 리조또 ,https://www.10000recipe.com/recipe/6934134
떡갈비,쌀,물,생크림,우유,후추,소금,파슬리가루,양파가루,마늘가루,케찹,끓는물,식초,간장,버터,설탕
[어버이날] 떡갈비 만들기,https://www.10000recipe.com/recipe/6933835
냉동 동그랑땡,표고 버섯,올리고당,간장,다진 마늘,다진 파,다진 고추,감자 전분,찹쌀가루,후추,참기름,식용유,떡볶이떡,간장,올리고당
시판 떡갈비와 양배추의 조합!으로 만든 미니 버거! 존맛탱!,https://www.10000recipe.com/recipe/6933092
양배추,설탕,마요네즈,후추,시판떡갈비,스테이크소스,토마토,치즈,피클,모닝빵,버터
떡갈비 두부덮밥,https://www.10000recipe.com/recipe/6932377
두부,대파,떡갈비,부침가루,간장,올리고당,물
떡갈비토스트,https://www.10000recipe.com/recipe/6932144
식빵,냉동떡갈비,계란,양배추,당근,토마토,상추,마가린,설탕,케첩,마요네즈,갈릭소스,깨소금,후추
떡갈비버거 명절에 남은 떡갈비로 만들기,https://www.10000recipe.com/recipe/6930326
모닝빵,떡갈비,상추,체다슬라이스치즈,피클,마요네즈,머스터드소스,후추
초간단 떡갈비볶음밥~*,https://www.10000recipe.com/recipe/6928451
떡갈비,양파,당근,대파,버터,맛간장,볶음 소금,후추
한그릇 밥 떡갈비 마요덮밥~*,https://www.10000recipe.com/recipe/6927902
달걀,떡갈비,양파,마요네즈,간장,올리고당
떡갈비야채볶음 내맘대로 넣고 볶아보기,https://www.10000recipe.com/recipe/6926445
떡갈비,양파,느타리버섯,당근,대파,편마늘,청양고추,홍고추,진간장,굴소스,올리고당
 명절음식 수제 떡갈비 만드는법 리얼 밥도둑,https://www.10000recipe.com/recipe/6926269
간고기,간장,설탕,참기름,간마늘,후추,양파
에어프라이어 떡갈비 황금레시피 설명절음식 정복하기,https://www.10000recipe.com/recipe/6925896
소고기 다진것,배,후추약간,간장,설탕,밀가루,양파,가래떡
[아이반찬] 떡갈비,https://www.10000recipe.com/recipe/6925730
다짐 소고기,다짐 돼지고기,양파,쪽파,다진마늘,매실청,간장,설탕,참기름,맛술,후추,가래떡,새송이버섯
집에서 맛있는 떡갈비 만드는법,https://www.10000recipe.com/recipe/6925283
간 고기,간장,설탕,참기름,간마늘,후추,양파
#모닝빵떡갈비샌드위치 [모닝사라다빵],https://www.10000recipe.com/recipe/6925142
모닝빵,떡갈비패티,상추,피클,치즈,양배추,당근,파프리카,양파,마요네즈,머스타드,설탕,레몬즙
떡갈비 만드는 법,https://www.10000recipe.com/recipe/6924289
소고기다짐육,양파,후추,소금,참기름,밀가루,빵가루
수제떡갈비 맛있게 만드는법,https://www.10000recipe.com/recipe/6923094
간돼지고기,간장,설탕,참기름,간마늘,후추,양파
"안주,간식으로 딱! 떡갈비 치즈 만두",https://www.10000recipe.com/recipe/6922746
칠갑농산 왕만두피,소고기 다짐육,양파,다진마늘,모짜렐라 치즈,맛간장,설탕,참기름,후추
술안주로 만든수제떡갈비 소불고기감으로 만들기,https://www.10000recipe.com/recipe/6921516
소불고기,양파,청양고추,새송이버섯,대파,설탕,맛술,간마늘,참기름,후추,기름,간장
반찬이 필요없네 떡갈비볶음밥 ,https://www.10000recipe.com/recipe/6920785
시판 떡갈비,양파,깻잎,대파,새송이버섯,밥
양심참깨박 떡갈비 치즈볼,https://www.10000recipe.com/recipe/6920750
양심참깨박,only유 화이트,떡갈비,사각코비 치즈,홀그레인머스타드
only유 화이트 에그베네딕트 떡갈비 샐러드,https://www.10000recipe.com/recipe/6920683
떡갈비 패티,달걀,only유 화이트,샐러드야채,후추,허브솔트,라임쥬스,통마늘
혼밥/떡갈비 부르게스타,https://www.10000recipe.com/recipe/6920104
떡갈비,바게트빵,양파,방울양배추,2가지색 파프리카,모짜렐라치즈,시판 토마토소스,소금,후추,식용유
#에어프라이어요리 #떡갈비만들기 #양념도라지를 감싼 떡갈비만들기 #매콤한 양념도라지와 떡갈비의 만남!!!,https://www.10000recipe.com/recipe/6919699
양념 도라지,돼지고기다짐육,소고기다짐육,양파,청양고추,양조간장,굴소스,다진마늘,다진생강,맛술,설탕,썬파,전분가루,참기름
혼밥 떡갈비 마요덮밥~*,https://www.10000recipe.com/recipe/6919676
너비아니,달걀,밥,굴소스,마요네즈
명절요리 떡갈비,https://www.10000recipe.com/recipe/6919217
다진 소고기,떡볶이떡,당근,양파,빵가루,계란노른자,다진 마늘,다진 파,소금,후추,잣가루,양조간장,맛술,참기름,설탕,키위
명절 요리로 좋은 에어프라이어 떡갈비.,https://www.10000recipe.com/recipe/6919130
떡볶이 떡,쇠고기 간것,돼지고기 간것,대파 흰부분,양파,간장,다진 마늘,배즙,생강술,자일로스 설탕,꿀,후추,참기름
리얼 밥도둑 수제 떡갈비 만들기 만드는법,https://www.10000recipe.com/recipe/6918918
간소고기,간장,설탕,참기름,간마늘,후추,양파
3층치즈 떡갈비버거,https://www.10000recipe.com/recipe/6918749
돼지고기다짐육,양파,소고기다짐육,청양고추,양조간장,굴소스,다진마늘,다진생강,맛술,설탕,썬파,전분가루,떡갈비 패티,3층 치즈,달걀 후라이,모닝빵,토마토,샐러드채소,양파,홀그레인머스터드소스,폰타나 레몬 알리올리드레싱
치즈 떡갈비 샌드위치,https://www.10000recipe.com/recipe/6918455
식빵,양상추,냉동떡갈비,양파,치킨먹고남은소스,3층치즈
닭으로 이젠 떡갈비까지 ★ 매콤불맛의 향연★ 닭불고기 ,https://www.10000recipe.com/recipe/6918392
닭안심,송송 썬 쪽파,참깨,전분가루,다진 마늘,후추,청주,다진 양파,설탕,간장,고추장,다진 생강,다진 마늘,다진 대파,참기름,올리고당,후춧가루
#현지에서먹힐까 #떡갈비 #갈비만두만들기 #떡갈비반죽으로 만드는 갈비만두 #짭쪼름하면서도 달달한 맛의 갈비만두!!!,https://www.10000recipe.com/recipe/6917745
돼지고기다짐육,소고기다짐육,양파,청양고추,양조간장,굴소스,다진마늘,다진생강,맛술,설탕,썬파,전분가루,참기름,떡갈비반죽,만두피,돼지고기다짐육,소고기다짐육,양파,청양고추,양조간장,굴소스,다진마늘,다진생강,맛술,설탕,썬파,전분가루,참기름
#남양유업 #3층치즈 #떡갈비치즈함박스테이크만들기 #떡갈비를 이용한 함박스테이크!!,https://www.10000recipe.com/recipe/6916961
떡갈비패티,3층 치즈,반숙 달걀후라이,쌈채소,밥,토마토소스,데리야끼소스
#3층치즈 #현지에서먹힐까 #떡갈비버거만들기 #두툼한 치즈가 올려진 두툼한 떡갈비버거,https://www.10000recipe.com/recipe/6916525
돼지고기다짐육,소고기다짐육,양파,청양고추,양조간장,굴소스,다진마늘,다진생강,맛술,설탕,썬파,전분가루,떡갈비 패티,3층 치즈,달걀후라이,모닝빵,토마토,샐러드채소,양파,홀그레인머스터드소스,폰타나 레몬 알리올리드레싱
수삼 삼계 떡갈비,https://www.10000recipe.com/recipe/6915371
닭다리살,파 2cm 흰부분,마늘,양파,고추,수삼,아스파라거스,단호박,어린잎 체소,간장,참기름,소금,설탕,후추,배,간장,올리브유,레몬즙,꿀,참기름,깨소금,물,버터,돈가스소스,케찹,올리고당,식초
야채 싫어하는 아이들도 맛나게 먹는 떡갈비&떡갈비버거,https://www.10000recipe.com/recipe/6915188
간 소고기,간 돼지고기,다진 양파,다진 당근,다진파,다진마늘,모닝빵,로메인,슬라이스치즈,간장,굴소스,전분,마요네즈,머스타드
인삼 떡갈비,https://www.10000recipe.com/recipe/6914996
다진 돼지고기,다진 소고기,다진 마늘,다진 파,간장,참기름,물엿,맛술,다진마늘,설탕,후추,가래떡
전복 떡갈비,https://www.10000recipe.com/recipe/6914596
소고기 등심,다진양파,전복,국간장,진간장,다진마늘,맛술,설탕,올리고당,다진생강,후추
단짠의 끝판왕 초간단 떡갈비볶음밥 ★,https://www.10000recipe.com/recipe/6914142
떡갈비,양파,파프리카,대파,다진 마늘,굴소스,통깨,밥
샌드위치 이젠 어디까지??? 떡갈비샌드위치 ★ ,https://www.10000recipe.com/recipe/6914071
식빵,청상추,슬라이스치즈,떡갈비,토마토,달걀,소금,홀그레인머스터드
한그릇요리 떡갈비덮밥(떡갈비돈부리),https://www.10000recipe.com/recipe/6913344
떡갈비,양파,대파,밥,달걀,다시마육수,간장,청주,설탕
떡갈비 볶음밥 숙주를 넣으면 더 맛있지요~,https://www.10000recipe.com/recipe/6913006
떡갈비,숙주,밥,파프리카,쪽파,간장,물엿,소금,후추,참기름
"시판 떡갈비, 맛있게 즐기는 법",https://www.10000recipe.com/recipe/6912352
떡갈비,쌀국수,각종 나물,육수,간장,깨소금,초벌 부추,양파,당근,떡갈비,멸치 액젓,매실진액,고춧가루,마늘,깨소금,참기름
훈제오리볶음밥(떡갈비볶음밥),https://www.10000recipe.com/recipe/6912228
오리고기,파프리카,숙주,쪽파,밥,간장,물엿,참기름
에그불고기햄버거 떡갈비패티로 만드는 간단 수제버거! ,https://www.10000recipe.com/recipe/6911976
햄버거 빵,양상추,달걀,시판 떡갈비,데리야키소스,마요네즈,버터
건강하게 즐기는 버섯떡갈비 ♥,https://www.10000recipe.com/recipe/6911085
소고기,돼지고기,양파,표고버섯,새송이버섯,대파,다진 마늘,간장,후추,소금,참기름,설탕
오리떡갈비,https://www.10000recipe.com/recipe/6909540
오리고기 슬라이스 오리가슴살,식용류2큰술 설탕,다진파2큰순 간장,참기름,후춧가루,오리고기 슬라이스 오리가슴살,식용류2큰술 설탕,다진파,간장
수제 떡갈비 만드는 법,https://www.10000recipe.com/recipe/6909120
소고기 다진것,간마늘,참기름,올리고당,양파,홍고추,매실액기스,간장,후추
소고기 미니떡갈비 만드는법 한입에 쏙,https://www.10000recipe.com/recipe/6908512
소고기,떡국떡,고명용 잣,간장,후추,매실액기스,간마늘,설탕
수제 떡갈비 만드는법,https://www.10000recipe.com/recipe/6908273
소고기다짐육,양파,홍고추,후추,간마늘,간장,매실액기스
육우 김치떡갈비 카나페,https://www.10000recipe.com/recipe/6906582
소고기갈비살,배추김치,숙주,영양부추,방울토마토,배즙,양파즙,간장,청주,마늘,다진파,찹쌀가루,꿀,깨소금,참기름,후추,김치,설탕,참기름,굴소스,설탕,깨,매실액
[우리육우]떡갈비와달래무침,https://www.10000recipe.com/recipe/6903757
육우 소고기,쌀 떡,간장,설탕,다진대파,간마늘,다진 달래,깨,흑후추 가루,참기름,달래,양파,홍고추,간장,설탕,참기름,물,간장,다진마늘,고추가루,설탕,식초,물
닭가슴살로 만든 떡갈비-담백해서 좋아요,https://www.10000recipe.com/recipe/6902666
생 닭가슴살,대파,당근,양파,브로콜리,떡볶이 떡,맛간장
"우리육우로 만든, 알록달록 맛있는 진짜 떡갈비~~~",https://www.10000recipe.com/recipe/6902153
국내산 우리 육우,떡볶이떡,양파 다진것,간장,청주,마늘다진것,꿀 또는 흑설탕,후추,참기름,찹쌀가루,잣
떡갈비떡볶이 ☆ 요알못 이라면 모여라!!!!!,https://www.10000recipe.com/recipe/6902041
떡볶이떡,떡갈비,새송이버섯,양파,당근,양배추,대파,참기름,통깨,굴소스,물,소금,후추
수제왕떡갈비(네가 있어 난 좋다ㅋ),https://www.10000recipe.com/recipe/6901954
돼지고기다진것,간장,맛술,양파 다진 것,파 다진 것,다진마늘,후추,생강가루,참기름
새우&떡갈비 샐러드,https://www.10000recipe.com/recipe/6901553
새우,떡갈비,모듬샐러드야채,간장,발사믹식초,설탕,레몬즙,깨소금,올리브오일
특별한 날 자글자글 구워야 제맛 :: 수제떡갈비,https://www.10000recipe.com/recipe/6901065
소고기 다짐육,돼지고기 다짐육,가래떡 15cm,당근,양파,대파,식용유,전분가루,간장,다진마늘,설탕,소금,후춧가루
(한국조리사관직업전문학교)된장소스를 어울려 만든 떡갈비구이,https://www.10000recipe.com/recipe/6900355
파,마늘,참기름,갈비살,간장,소금,배,떡,찹쌀가루,된장,오렌지,설탕,고구마,생크림,소금,설탕,표고버섯,생크림,소금,부추,고추가루,식초,설탕
밤크러스트를 얹은 소고기 등심구이와 떡갈비찜 꼬치,https://www.10000recipe.com/recipe/6899888
소고기 등심,밤,버터,빵가루,허브,양송이,표고,소금,후추,유자청,사과,사과즙,레몬즙,깻잎,소고기,떡,당근,무,은행,대추,단호박,진간장,다진 대파,간마늘,청주,참기름,물엿,표고버섯,설탕,배즙,감자전분
수제떡갈비버거/떡갈비샌드위치:엄마표라서 더 두툼해요~,https://www.10000recipe.com/recipe/6899547
햄버거빵,소고기불고기,당근,양파,브로골리,다진마늘,양조간장,조청,맛술,빵가루,양배추,사과,케첩,핫소스,마요네즈,머스터드소스,스테이크소스,식용유
부모님 생신 상차림! 우엉 떡갈비 레시피,https://www.10000recipe.com/recipe/6898880
다진고기,설탕,간장,후추,깨소금,다진마늘,우엉,밀가루,참기름,당근,파,소금,후추,식초물
떡갈비초밥 넘나 쉽쟈나!!!,https://www.10000recipe.com/recipe/6898778
편의점떡갈비꼬치,밥,양파,와사비,식초,설탕,소금,진간장,설탕,물,맛술,후추
떡갈비의 무한변신! 육우떡갈비버거♥,https://www.10000recipe.com/recipe/6898258
햄버거빵,소고기다짐육,링으로 썬 양파,양상추,슬라이스치즈,토마토,식용유,버터,마요네즈,데리야끼소스,간장,설탕,매실액,다진마늘,다진대파,통깨,참기름,다진떡
"강아지 수제간식 만들기. 고구마 바나나 치킨 떡갈비, 육포",https://www.10000recipe.com/recipe/6898234
바나나,고구마,닭 안심
밥상의 꽃~떡갈비 ! ,https://www.10000recipe.com/recipe/6897669
소고기다짐육,건찹쌀가루,파,대추,잣,진간장,설탕,마늘,참기름,후춧가루,부추,채썬양파,고춧가루,간장,참기름,통깨,설탕
떡갈비계란덮밥 - 딸에게#,https://www.10000recipe.com/recipe/6897193
떡갈비,마더소스,계란,쪽파,명란,마요네즈,쯔유,치즈
소갈비살을 다져서 만든 떡갈비,https://www.10000recipe.com/recipe/6897178
소고기갈비살,떡볶이떡,찹쌀가루,진간장,물,올리고당,사과,양파,생강,통마늘,요리당,후춧가루,참기름
육우떡갈비버거 육즙이 콸콸콸!,https://www.10000recipe.com/recipe/6897086
햄버거빵,다진소고기,링으로썬 양파,양상추,슬라이스치즈,토마토,식용유,버터,마요네즈,데리야끼소스,간장,설탕,매실액,다진마늘,다진대파,통깨,참기름,다진 떡
"떡갈비, 소고기 갈비살로 맛깔나게",https://www.10000recipe.com/recipe/6896846
소고기,건표고버섯,양파,습식 찹쌀가루,꿀,간장,다진 마늘,참기름,후추,잣가루
아이들에게 인기 만점 레시피! 도라지 떡갈비,https://www.10000recipe.com/recipe/6896370
소고기 다짐육,돼지고기 다짐육,도라지,다진 양파,다진 파,간장,다진 마늘,설탕,올리고당,후추,참기름,맛술 미림
떡갈비- 수미네반찬 9회,https://www.10000recipe.com/recipe/6895742
갈빗살,간장,찹쌀가루,다진마늘,참기름,후추,꿀,표고버섯,양파,잣가루
떡갈비 한번 먹으삼,https://www.10000recipe.com/recipe/6895341
다진 소고기,다진 돼지고기,수삼,마늘,대파,새송이버섯,떡,양파,청고추,홍고추,땅콩,소금,후추,미림,청주,간장,설탕,참기름,매실청,올리고당,전분
두툼육즙한가득 ♥ 떡갈비햄버거 ,https://www.10000recipe.com/recipe/6894706
떡갈비,햄버거빵,양상추,양파,토마토,버터,할라피뇨,체다치즈,마요네즈,홀그레인머스타드,올리고당,데리야끼소스
"전복떡갈비, 색다른 저녁 메뉴",https://www.10000recipe.com/recipe/6893832
다진 소고기,꼬마전복,대파,양파,간장,조청 or 올리고당,설탕,다진 마늘,전분,후추,참기름,소금 &식용유
미카엘의 묵은지 떡갈비 - 수미네반찬 2회,https://www.10000recipe.com/recipe/6892595
묵은지,다진돼지고기,다진소고기,베이컨,표고버섯,감말랭이,레드와인,기름
떡갈비스테이크 - 딸에게# /에어프라이어요리,https://www.10000recipe.com/recipe/6892507
떡갈비,발사믹글레이즈,미니커프리카,황금향
새송이버섯 떡갈비 비주얼이 맘에 안들지만....^^;;,https://www.10000recipe.com/recipe/6891440
다진소고기,새송이버섯,양파,떡국떡,다진마늘,간장,맛술,참기름,소금,후추,기름
