떡볶이,추천순,197
초간단 간식 꿀떡볶이!아이들 간식으로도 굿!,https://www.10000recipe.com/recipe/6907137
떡,버터,꿀,으깬땅콩
"[간단한 간식만들기]마늘버터떡볶이,길릭떡볶이,간장떡볶이 ",https://www.10000recipe.com/recipe/6861965
밀떡,통마늘,버터,식용유,간장,설탕
소시지 간장떡볶이 - 떡국떡 간장 떡볶이,https://www.10000recipe.com/recipe/6907500
떡국떡,소시지,양파,대파,간장,맛술,다진 마늘,올리고 당,참기름,물,후춧가루
아이 간장 떡볶이 ,https://www.10000recipe.com/recipe/6887456
떡국떡,비엔나소시지 통통한 거,양파,대파,간장,맛술,올리고 당,다진 마늘,참기름,물,후춧가루
까르보나라 떡볶이 ,https://www.10000recipe.com/recipe/6834570
떡볶이떡,양파,베이컨,브로컬리,계란 노른자,다진마늘,우유,허브솔트,슬라이스치즈
10분만에 뚝딱~ 간장기름떡볶이 웅떡웅떡,https://www.10000recipe.com/recipe/6839171
떡볶이떡,간장,꿀,검정 통깨,참기름,식용유
꿀떡꿀떡 맛나는 - 간장꿀컵떡볶이,https://www.10000recipe.com/recipe/4119284
떡볶이,모짜렐라치즈,꿀,간장,올리고당,설탕,참기름,통깨,검은깨,치즈
볼빨간 당신 양희경 '달걀떡볶이' 생각보다 맛있어서 깜놀!,https://www.10000recipe.com/recipe/6896662
떡볶이떡,양파,계란,버터,올리브유,소금,후추
짜장떡볶이. 아이간식으로 좋은 짜장가루 요리.,https://www.10000recipe.com/recipe/6883227
떡볶이 떡,어묵,햄 or 소세지,양파,물,설탕,다진마늘,짜장가루,참기름,대파,통깨
간장 떡볶이 만들기~ 단짠한 떡복이~ 아이들이 정말 좋아해용~,https://www.10000recipe.com/recipe/6943599
불린떡,다진마늘,식용유,설탕,간장,미림,굴소스,꿀,물엿,다진대파,물
닭가슴살 버섯간장떡볶이,https://www.10000recipe.com/recipe/6839039
닭가슴살,현미떡볶이,양파,당근,버섯,파,삶은 계란,간장,참기름,올리고당,다진마늘
궁중떡볶이,https://www.10000recipe.com/recipe/6842219
떡볶이떡,쇠고기,표고버섯,파프리카,당근,참기름,깨,간장,올리고당,참기름,간장,설탕,다진마늘,참기름,후추
우유와 치즈가 만나 펼쳐친 지상 낙원 백종원표 '크림 떡볶이',https://www.10000recipe.com/recipe/6952393
떡볶이 떡,우유,베이컨,마늘,양송이버섯,양파,체다치즈,파마산 치즈가루,후추,꽃소금
육우말이떡볶이 야들야들 쫀득쫀득♥ ,https://www.10000recipe.com/recipe/6894933
육우,떡볶이떡,채 썬 깻잎,다진 잣,간장,설탕,참기름,간장,물,설탕,물엿,참기름,후추
대 유행★! 불닭 까르보나라의 떡볶이 Ver. 매까떡!,https://www.10000recipe.com/recipe/6883112
떡볶이떡 2줌=,프랑크 소시지,양파,청양고추,슬라이스 치즈,식용유,우유,소금,후추,고추장,고춧가루,올리고당,다진 마늘
담백 고소한 계란떡볶이◡̈*✧,https://www.10000recipe.com/recipe/6908257
떡,계란,양파,버터,소금,후추
너무 간단한데 맛있어서 놀라는 백종원 분식점 떡볶이 황금 레시피,https://www.10000recipe.com/recipe/6894096
떡볶이떡,물,대파,통깨,고추장,고추가루,간장,설탕
[자취요리] 초간단 떡볶이 만들기 + 꿀맛은 덤,https://www.10000recipe.com/recipe/6846848
떡볶이떡,어묵,계란,다시마,고춧가루,고추장,올리고당,설탕,간장,소금,식초,물
소스가 대박인 기름떡볶이 만들기! *난이도쉬움* 원팬으로 끝!,https://www.10000recipe.com/recipe/6930375
밀떡,대파,식용유,설탕,맛술,간장,올리고당,케찹,고추장,다진마늘
까르보나라 떡볶이 떡국떡으로 만들기~,https://www.10000recipe.com/recipe/6842043
떡국떡,양파,마늘,베이컨,우유,버터,밀가루,소금,후추
간장떡볶이 만들기 #13 아이들간식으로도 좋은 간단메뉴!,https://www.10000recipe.com/recipe/6931366
떡,어묵,양파,파,고추,간장,물,올리고당,설탕,참기름
단짠단짠 아이간식 굿굿 ! 간장떡볶이 ,https://www.10000recipe.com/recipe/6934125
떡볶이떡,진간장,꿀,식용유
간장기름떡볶이 ☆ 달달짭쪼롬한게 우리입맛에 딱! ,https://www.10000recipe.com/recipe/6900998
떡볶이떡,송송 썬 대파,식용유,진간장,올리고당,다진마늘,참기름
소고기 불고기가 들어간 궁중떡볶이 아이가 잘먹는 밥반찬,https://www.10000recipe.com/recipe/6952159
소고기,떡,당근,양파,생표고버섯,간장,참기름,설탕,올리고당,마늘,대파
"떡볶이 황금레시피, 이대로만 하면 무조건 성공!",https://www.10000recipe.com/recipe/6882325
밀떡 ,대파,어묵,설탕,고춧가루,고추장,진간장,후추,통깨,생수
먹어도 먹어도 또 먹고 싶어지는 즉석떡볶이,https://www.10000recipe.com/recipe/3673946
떡볶이떡,양파,파,양파,당근,떡국떡,라면사리,모둠 어묵,고추장,고춧가루,간장,굴소스,조청,매실액,후추
[간단 자취요리] 단짠단짠! 고기없이 궁중떡볶이 / 간장떡볶이 만들기,https://www.10000recipe.com/recipe/6864514
떡,어묵,파,양파,당근,간장,굴소스,설탕,다진마늘,물
피자맛을 떡볶이로 즐기기! 원팬요리 피자떡볶이 !,https://www.10000recipe.com/recipe/6930769
떡볶이떡,토마토소스,옥수수캔,슬라이스 햄,홍피망,청피망,양파,설탕,모짜렐라 치즈,블랙올리브,파슬리,식용유
떡볶이의 업그레이드 버전! 해물가득! 단짠의 맛! 해물간장떡볶이 ,https://www.10000recipe.com/recipe/6929385
해물,표고버섯,대파,양파,떡볶이떡,참기름,통깨,간장,굴소스,칠리소스,설탕,맛술,다진 마늘,물,후추
차돌박이 떡볶이 만들기 떡볶이도 고급스럽게,https://www.10000recipe.com/recipe/6922391
떡볶이떡,차돌박이,어묵,양배추,대파,양파,깻잎,달걀,국물용 멸치,물,후춧가루,맛술,간마늘,고추장,물엿,진간장,매실액,설탕,후춧가루
순정떡볶이 레시피 초간단 10분 떡볶이,https://www.10000recipe.com/recipe/6900646
떡국떡,송송 썬 쪽파,통깨,고추장,식용유,설탕,올리고당,물
초간단 '백종원표 떡볶이' ( 떡볶이 레시피 종결자 feat.치즈 품은 떡),https://www.10000recipe.com/recipe/6910953
떡,물,고추장,설탕,간장,고춧가루,파,깨,어묵,달걀
"닭발, 떡볶이랑 찰떡궁합 '단무지 주먹밥'",https://www.10000recipe.com/recipe/6949732
단무지,김,밥,마요네즈,설탕
♥[신혼밥상] 달달 쫄깃 간장떡볶이,https://www.10000recipe.com/recipe/6925983
쌀떡볶이,스팸,양파,올리고당,참기름,간장,굴소스,설탕,맛술,다진마늘,물
매콤한 기름떡볶이 황금레시피 만들기! 비법은 버터 (+영상),https://www.10000recipe.com/recipe/6905869
떡,참기름,식용유,버터,설탕,맛술,진간장,물엿,고추가루,다진대파,쪽파,통깨
[간단 자취요리] 싱크로율 90% 신전 떡볶이 만들기 + 오뎅튀김,https://www.10000recipe.com/recipe/6853113
밀떡,일자오뎅,모짜렐라치즈,고추장,고춧가루,설탕,간장,카레,후추,물
초간단한 떡볶이 라볶이로 10분 안에 만들기~ 맛보장!,https://www.10000recipe.com/recipe/6883766
떡,라면사리,어묵,고추장,고춧가루,설탕,올리고당,국간장,후추
#쌀떡볶이강정,https://www.10000recipe.com/recipe/6928980
쌀떡,견과류,참기름,고추장,캐첩,간장,굴소스,올리고당,설탕,물
국물떡볶이 - 학교 앞 분식집 떡볶이 자작한 국물,https://www.10000recipe.com/recipe/6863549
떡볶이떡,어묵,물,양파,대파,고추장,식용유,고춧가루,설탕,다진마늘,올리고당,간장,후춧가루
초간단 허니갈릭떡볶이,https://www.10000recipe.com/recipe/6952665
쌀떡볶이떡,굵게 다진 마늘,카놀라유,파슬리가루,통깨,연유
치즈 웨지감자 떡볶이 만들기,https://www.10000recipe.com/recipe/3892766
감자,떡볶이떡,모짜렐라치즈,청
양희경 계란떡볶이,https://www.10000recipe.com/recipe/6912701
떡국떡,달걀,양파,버터,올리브오일,대파,소금,후춧가루
기름떡볶이 소떡소떡 만들기,https://www.10000recipe.com/recipe/6952989
비엔나 소시지,식용유,대파,떡볶이 떡,고추장,케첩,매실청,올리고당
"고구마 꿀떡강정 , 꿀떡볶이와 고구마 맛탕을 한접시에 :)",https://www.10000recipe.com/recipe/6842098
떡볶이 떡,고구마,검은깨,견과류,간장,물,물엿,꿀,식용유
신전떡볶이 만들기 :: 90% 싱크로율 양념 레시피,https://www.10000recipe.com/recipe/6929332
밀떡,카레가루,설탕,후춧가루,간장,고춧가루,고추장,물
"어린이떡볶이, 안 매워도 맛있게~",https://www.10000recipe.com/recipe/6941361
떡,사각어묵,대파,멸치육수,설탕,간장,고추장,고춧가루,다진마늘
어린이간장떡볶이,https://www.10000recipe.com/recipe/6953528
떡볶이 떡,오뎅,대파,진간장,물,마늘,다시다,설탕,들기름
여기 김떡만 하나 추가요! 3가지 양념으로 골라 만들기 가능해 !!,https://www.10000recipe.com/recipe/6927071
김말이,물만두,떡볶이 떡,식용유,다진 마늘,꿀,간장,물,파슬리 가루,고추장,케첩,설탕,후추,물,짜장 소스,올리고당,물,간장
신전 떡볶이 비밀 레시피 간단 자취 요리 ,https://www.10000recipe.com/recipe/6920708
떡볶이떡,고추장,고추가루,간장,설탕,카레가루,후추
두부카레떡볶이,https://www.10000recipe.com/recipe/4009155
두부,떡볶이떡,녹말가루,소금,후추,카레가루,물,설탕,다진마늘,간장
돼지고기 간장떡볶이~유아/어린이들이 먹기좋아요,https://www.10000recipe.com/recipe/6945682
떡국떡,돼지고기다짐육,납작 오뎅,대파,조림간장,올리고당,설탕,올리브유,후추가루,물
떡볶이랑 제육볶음중에 고민될 때 제육떡볶이로 만들기 ,https://www.10000recipe.com/recipe/6929002
대패삼겹살,떡볶이 떡,어묵,양파,대파,물,식용유,고추장,고춧가루,설탕,청주,다진 마늘,소금,참기름,후추
대충 볶아도 맛있는 고추장마요 떡볶이,https://www.10000recipe.com/recipe/6897239
비엔나소세지,떡,양파,다진마늘,마요네즈,허브솔트,고추장,케첩,매실청,올리고당,물,참기름,대파
깐풍 만두 떡볶이 만들기 - 너무 쉽고 맛나서 기절각 주의!,https://www.10000recipe.com/recipe/6899899
떡볶이 떡,만두,어묵
꿀떡볶이 달콤하고 쫀득한 초간단간식,https://www.10000recipe.com/recipe/6917453
떡국떡,식용유,으깬땅콩,파슬리가루,버터,꿀
[유아간식] 간장 떡볶이 만들기☆,https://www.10000recipe.com/recipe/6855457
떡볶이떡,어묵,양파,당근,대파,진간장,올리고당,다진마늘,참기름,후추,물
신전 떡볶이,https://www.10000recipe.com/recipe/6943691
떡볶이떡,설탕,간장,고추장,카레가루,후춧가루,고춧가루,물,치즈
# 소고기 다짐고기 떡볶이 #,https://www.10000recipe.com/recipe/6933704
소고기,떡볶이 떡,양파 소,진간장,다진마늘,매실청,고추장,후춧가루,설탕
만두깐풍기- 만두랑 떡볶이랑 둘의 케미 맵지않게 단짠,https://www.10000recipe.com/recipe/6858191
만두,떡볶이떡,양파,당근,완두콩,간장,올리고당,설탕,굴소스,물,다진마늘
간장떡복이 - 간장떡볶이 만드는 법,https://www.10000recipe.com/recipe/6877052
떡볶이 떡,어묵,양파,대파,물,간장,다진 마늘,설탕,올리고 당,굴 소스,통깨,참기름,후춧가루
불닭카레떡볶이 편의점재료로 꿀메뉴 만들기! ,https://www.10000recipe.com/recipe/6903217
불닭 떡볶이,카레 라면,소세지 바,삶은달걀,슬라이스치즈,물
기름떡볶이ㅣ통인시장 갈 필요 없어요!ㅣ떡볶이의 신세계 [by.집밥한그릇],https://www.10000recipe.com/recipe/4264270
떡볶이떡,어묵,파,버터,식용유,참기름,고춧가루,진간장,설탕,물엿,맛술
이건 꼭 먹어야해...! 치즈 떡볶이밥 만들기,https://www.10000recipe.com/recipe/6927728
떡,어묵,비엔나소시지,고추장,간장,설탕,물
"마리텔 백주부 기름떡볶이 따라하기,",https://www.10000recipe.com/recipe/6886391
떡볶이떡,깨소금,식용유,간장,참기름,고춧가루,설탕,다진 대파
"떡국떡 간장 볶음 , 아이 떡볶이",https://www.10000recipe.com/recipe/6832115
떡국떡,새송이버섯,양파,베이컨,쪽파,식용유,간장,다진 마늘,올리고 당,맛술,참기름,후춧가루,통깨
맛있는 동대문 엽기 떡볶이 황금레시피,https://www.10000recipe.com/recipe/6900906
밀떡,비엔나소시지,어묵,물,고춧가루,고추장,굴소스,간장,설탕,다진마늘,다시다,소금,후추,캡사이신소스
역시 백종원의 황금레시피! 남은 떡국떡 활용! 떡볶이 만들기 ,https://www.10000recipe.com/recipe/6835707
떡국떡,사각어묵,설탕,물,대파,굵은고춧가루,진간장,고추장,후추
♥[신혼밥상] 아삭 콩나물떡볶이,https://www.10000recipe.com/recipe/6954272
떡,어묵,콩나물 크게,양파,대파,올리고당,물,고추장,고춧가루,간장,굴소스,설탕,케찹,다진마늘
베이컨 떡볶음,https://www.10000recipe.com/recipe/6929298
베이컨,떡,카놀라유
동대문 엽기떡볶이 레시피 :: 레쉪의 비법 양념,https://www.10000recipe.com/recipe/6938301
떡,어묵,비엔나,고추장,고춧가루,간장,다진마늘,굴소스,설탕,캡사이신,후춧가루,모짜렐라치즈,다시다
누들떡 카레 떡볶이 만들기(코로나 극복),https://www.10000recipe.com/recipe/6931031
누들 떡볶이 떡,숙주,비엔나소세지,양파,카레가루,물,우유,굴소스,삶은계란,파슬리가루
"참치마요밥(한그릇요리,아기밥, 떡볶이짝꿍, 초스피드,간편요리)",https://www.10000recipe.com/recipe/6941811
참치캔,밥,마요네즈,깨가루,소금,김가루
떡볶이 만들고 남은 떡은 야식으로 소떡소떡~,https://www.10000recipe.com/recipe/6947661
쌀떡,햄,소떡소떡 소스,설탕,진간장,케첩,고추장,물
분식집 떡볶이 100%성공하기,https://www.10000recipe.com/recipe/6955289
밀떡,어묵,대파,물,고운고추가루,백설탕,다시다,물엿,미원,후추,물,소금
라볶이~떡볶이 추억의맛!,https://www.10000recipe.com/recipe/6946818
쌀떡,양파,납작어묵,대파,삶은계란,소세지,라면사리,고추장,고추가루,올리브유,국간장,설탕,물
〔손님 초대 요리〕고소 짭쪼롬한 간장 궁중 떡볶이 레시피/아기반찬,https://www.10000recipe.com/recipe/6956133
떡볶이 떡,불고기용 고기,표고버섯,양파,대파,당근,올리고당,참기름,검은깨,간장,맛술,마늘,설탕,간장,설탕,물
"양희경 달걀떡볶이 만드는 법, 고소하고 부드러운 계란떡볶이 맛에 푹 빠졌어요",https://www.10000recipe.com/recipe/6882819
떡국 떡,양파,올리브유,올리브유,버터,달걀,소금,파슬리,후춧가루
엄지척 궁중떡볶이 만들기,https://www.10000recipe.com/recipe/6909554
떡볶이떡,다진돼지고기,양파,당근,표고버섯,다진파,간장,굴소스,다진마늘,맛술,참기름,매실액,올리고당,후추,깨
#술안주#카레떡볶이#아이간식,https://www.10000recipe.com/recipe/6856752
떡,비엔나소세지,맛살,우유,치즈,카레가루
가래떡떡볶이,https://www.10000recipe.com/recipe/6920854
가래떡,어묵,양배추,양파,대파,물,간장,설탕,고추가루,고추장,후추,통깨
해물떡볶이 레시피 :-),https://www.10000recipe.com/recipe/6909462
떡볶이떡,모듬해물,어묵,대파,청양고추,고추장,고춧가루,굴소스,설탕,맛술,식용유
세상 간단한 불고기 떡볶이 레시피 69레시피!!,https://www.10000recipe.com/recipe/6833385
불고기용 소고기,떡,양파,당근,물,설탕,간장,굴소스,다진마늘,후추
신전떡볶이 레시피,https://www.10000recipe.com/recipe/6933748
밀떡,어묵,고추장,고춧가루,간장,설탕,카레,후추톡톡,물,모짜렐라치즈
한손엔 순대? 한손엔 떡볶이? 순대떡볶이 ★,https://www.10000recipe.com/recipe/6902378
순대,대파,사각 어묵,달걀,물,떡볶이떡,고추장,고춧가루,설탕,물엿,다진마늘,통깨
간장 당면 떡볶이 레시피,https://www.10000recipe.com/recipe/6912372
당면,떡볶이떡,사각어묵,쪽파,물,간장,굴소스,고춧가루,다진 마늘,설탕,올리고당,후춧가루,통깨 약간
황금레시피 :: 쇠고기 & 떡을 이용한 궁중떡볶이 ★,https://www.10000recipe.com/recipe/6914930
쇠고기,떡국떡,양파,애호박,당근,버섯,양파,간장,설탕,후추,간마늘,참기름
간식 자장떡볶이,https://www.10000recipe.com/recipe/6866163
떡볶이 떡,어묵,앙 파,물,대파,자장 가루,고추장,고춧가루,다진 마늘,미림,청주,삶은달걀
떡국떡으로 만들어 냉털하기 딱좋은 간장떡볶이 ★,https://www.10000recipe.com/recipe/6883667
떡국떡,프랑크소시지,양파,대파,간장,맛술,올리고당,다진마늘,참기름,물,후추,통깨
춘장으로 만든 홈메이드 짜장떡볶이,https://www.10000recipe.com/recipe/6915641
떡볶이떡,사각어묵,양파,대파,춘장,굴소스,고추장,황설탕,물엿,간장,식용유,물
떡국떡이 신의 한수! 간장치킨떡볶이!,https://www.10000recipe.com/recipe/6935599
닭볶음탕용 닭,떡국떡,우유,허브솔트,후추,청주,올리브오일,통깨,설탕,고춧가루,다진마늘,다진파,간장,굴소스,물엿,청양고추,물
떡볶이 파스타 만들기,https://www.10000recipe.com/recipe/6950020
떡볶이떡,스파게티면,다진마늘,채썬 양파,잘게썬 파,모차렐라치즈,버터,고추장,고추가루,토마토케찹
소고기 가지 떡볶음 # 아삭한 야채와 쫀득한 떡 부드러운 소고기 간이 잘 베인 최애 반찬,https://www.10000recipe.com/recipe/6832633
소고기,가지,당근,양파,적 피망,매운 청고추,마늘,떡볶이떡,진간장,다진마늘,생강즙,설탕,후춧가루,참기름,진간장,미향,올리고당,통깨
 맛에 건강까지 더한 토마토 카레 떡볶이,https://www.10000recipe.com/recipe/6932956
쌀떡볶이 떡,구운 어묵,비엔나 소시지,당근,양파,양배추,방울토마토,다진마늘,물,포도씨유,분말 카레가루,고운 고춧가루,후춧가루
신전떡볶이 레시피 ,https://www.10000recipe.com/recipe/6842322
떡볶이 떡,어묵,멸치 다시마 육수,모차렐라치즈,고추장,고춧가루,간장,설탕,카레가루,후춧가루
간단간식 짜장떡볶이,https://www.10000recipe.com/recipe/6882846
떡볶이떡,어묵,양배추,짜장가루,고추장,물,통깨,라면사리
국물떡볶이 황금레시피 궁물이 더 맛있어요,https://www.10000recipe.com/recipe/6907017
밀가루떡,어묵,파,육수,고춧가루,고추장,국간장,설탕,다시다
♥[신혼밥상] 국민간식 라볶이,https://www.10000recipe.com/recipe/6876114
떡,어묵,양파,스팸,양배추,줄줄이 비엔나,메추리알,치즈,만두,물,고추장,고춧가루,간장,설탕,올리고당,캐찹
이보다 쉬울순 없겠죠잉~~당면 떡볶이 간식~*,https://www.10000recipe.com/recipe/6916387
당면,떡,대파,시판 갈비양념,물
매운 수미네 반찬 떡볶이 레시피 ,https://www.10000recipe.com/recipe/4036396
떡볶이 떡,삶은 달걀,어묵,라면,물,고추장,설탕,꿀
이것이 한국의 로제다! 부드럽고 매콤한 고추장크림떡볶이,https://www.10000recipe.com/recipe/6904852
편마늘,베이컨,양파,떡볶이떡,브로콜리,소금,후추,생크림,우유,고추장,고춧가루
 뚝딱뚝딱 만들어 맛있게 먹을 수 있는 떡볶이 황금레시피,https://www.10000recipe.com/recipe/6905891
떡볶이떡,사각어묵,양파,대파,깻잎,물,삶은계란,고추장,간장,설탕,올리고당,고추가루
간장당면 떡볶이,https://www.10000recipe.com/recipe/6611318
떡볶이떡,표고버섯,양배추,당근,대파,불린당면,식용유,깨,간장,물,올리고당,후춧가루,참기름,다진마늘,굴소스
야식으로 달콤한~ 사과 너겟 간장떡볶이,https://www.10000recipe.com/recipe/6938873
너겟,떡볶이떡,사과,간장,올리고당,물
마리텔 백종원 떡볶이,https://www.10000recipe.com/recipe/6895856
떡,물,파,어묵,고추장,고춧가루,설탕,간장
10분 완성 기름떡볶이 가래떡으로 만들기,https://www.10000recipe.com/recipe/5765377
가래떡,식용유,고춧가루,진간장,설탕,올리고당,다진파
쫄라 떡볶이 만들기,https://www.10000recipe.com/recipe/6936907
멸치,다시마,떡볶이떡,어묵,쫄면,라면,계란,양파,양배추잎,깻잎,파,고추장,고춧가루,다진마늘,라면 스프,물엿,설탕,간장,고추기름,후추가루
매콤한 라면떡볶이 만드는 방법 ,https://www.10000recipe.com/recipe/6834918
다시마,건새우,멸치,라면사리,계란,떡,어묵,쪽파,당면,간장,올리고당,고추장,고춧가루
사과꿀떡볶이 만들기,https://www.10000recipe.com/recipe/6894304
가래떡,사과,꿀,버터,각종 견과류,간장,참기름
떡국떡 떡볶이 ,https://www.10000recipe.com/recipe/2632605
재료 : 떡국떡,식용유,고추장,설탕,올리고 당,물
아이도 어른도 출출할땐 떡볶이가 최고~~,https://www.10000recipe.com/recipe/4510631
떡볶이떡,어묵,대파,물 400ml~,고추장,진간장,올리고당,고추가루
떡볶이에 떡이 없는 당면떡볶이(간식 추천),https://www.10000recipe.com/recipe/4511743
불린 넙적당면,대파,양파,봉어묵,당근 두께 5cm,고추장,고춧가루,설탕,물엿,간장,멸치가루,물
기름떡볶이 초간단레시피 - 간단한 한끼로 자취요리 추천,https://www.10000recipe.com/recipe/6926185
떡볶이떡,대파,계란,냉동만두,고추가루,설탕,참기름,간장
면역력에 좋은 들깨가루 크림떡볶이,https://www.10000recipe.com/recipe/6905532
떡볶이떡,브로콜리,양파,청양고추,우유,물,들깨가루,다진마늘,소금,후추
국물 떡볶이,https://www.10000recipe.com/recipe/6891344
떡볶이떡,어묵,대파,물,멸치,다시마,건새우,고추장,고운고춧가루,진간장,설탕,올리고당
"백종원 떡볶이 ,, 인기 간식 만들기~",https://www.10000recipe.com/recipe/6846489
떡볶이떡,납작어묵,물,대파,삶은계란,통깨,고추장,간장,고추가루,설탕
백주부의 기름떡볶이 초간단레시피,https://www.10000recipe.com/recipe/6921636
떡볶이 떡,식용유,고추가루,진간장,설탕,올리고당,다진파
간장떡볶이 아이들 간식으로 굿~,https://www.10000recipe.com/recipe/6837050
떡볶이떡,간장,양파,대파,후추,참기름,설탕,어묵,물
"[간단요리/야식메뉴] ""홍양갱의 밤 - 가래떡 떡볶이""",https://www.10000recipe.com/recipe/6869383
가래떡,어묵,양배추,파,다시팩,고추장,고추가루,설탕,진간장,올리고당
알리오올리오떡볶이,https://www.10000recipe.com/recipe/6835960
떡볶이떡,햄,올리브오일,편 마늘,다진마늘,매운고추,맛간장,그라인드후추,파슬리가루
백종원 분식점 떡볶이 레시피,https://www.10000recipe.com/recipe/6854402
떡볶이떡,물,고추장,고춧가루,설탕,간장,파
떡볶이떡의 변신~~아이들 간식 초간단 떡꼬치피자,https://www.10000recipe.com/recipe/6937465
떡복이떡,자투리채소,모짜렐라치즈,스파게티소스
떡국떡 간장 떡볶이,https://www.10000recipe.com/recipe/6864041
떡국떡,어묵,양파,대파,물,간장,다진 마늘,설탕,올리고 당,통깨,참기름,후춧가루
3분 짜장으로 만드는 초간단 짜장 즉석떡볶이,https://www.10000recipe.com/recipe/6903688
떡볶이떡,넓적 어묵,양배추,양파,3분짜장 ,물엿,진간장,설탕,굴소스
백종원 기름 떡볶이 만들기,https://www.10000recipe.com/recipe/6870216
떡볶이떡,파,식용유,통깨,설탕,간장,고춧가루,참기름
간장떡볶이 햄야채조랭이떡볶이 만들기,https://www.10000recipe.com/recipe/6882475
조랭이떡,프랑크소세지,피망,양파,간장,설탕,올리고당,소금,후추,참기름,통깨,기름 약간
카레떡볶이 ,https://www.10000recipe.com/recipe/6865176
떡볶이 떡, 어묵,표고버섯,양파,파프리카,물,식용유,우유,카레가루,다진 마늘,간장,올리고 당,케첩,후춧가루
TV레시피대로 만든 국물떡볶이,https://www.10000recipe.com/recipe/6864231
떡볶이떡,사각어묵,삶은달걀,양파,대파,물,고추장,포도씨오일,다진마늘,설탕,올리고당,고추가루,MSG,후추
궁중떡볶이.,https://www.10000recipe.com/recipe/6862649
떡볶이떡,돼지고기다짐육,건표고버섯,양파,당근,초록파프리카,노랑파프리카,실파,물,녹말물,간장,굴소스,설탕,물엿 or올리고당,대파,다진마늘,후춧가루,참기름
케찹떡볶이. 안매운 떡볶이 만들기. 아이간식,https://www.10000recipe.com/recipe/6877345
떡볶이떡,사각어묵,양파,소세지,햄,파,통깨,멸치육수,케찹,고추장,다진마늘,설탕,올리고당,간장,맛술
초간단 아이들 간식 달콤한 연유 떡볶이~*,https://www.10000recipe.com/recipe/6410789
떡볶이떡,연유,아몬드,소금,버터
궁중떡볶이 레시피 불고기 듬뿍넣고 만들어보세요,https://www.10000recipe.com/recipe/6840962
불고기용 소고기,떡볶이 떡,양파,당근,파프리카,대파,참기름,진간장,설탕,올리고당,간마늘,맛술,후춧가루,다진양파,물
최애 간식 기름떡볶이 만드는법 ,https://www.10000recipe.com/recipe/6876181
떡볶이 떡,고춧가루,간장,설탕,참기름,통깨,파
국물떡볶이 - 매콤달콤 떡볶이 레시피 ,https://www.10000recipe.com/recipe/6904531
떡볶이 떡,어묵,양파,대파,고추장,식용유,고춧가루,설탕,다진 마늘,올리고 당,소금,후춧가루,물
추억의 단짠 옛날떡볶이 ,https://www.10000recipe.com/recipe/6926887
떡,물,납작어묵,소세지,양파,대파,카놀라유,고추장,고추가루,다진마늘,간장,다시다,설탕,굴소스,후추
달콤 고소한 간식 고구마 베이컨 떡볶이,https://www.10000recipe.com/recipe/6925375
호박고구마,베이컨,꼬마 떡 볶이용,불린당면,썬 대파,식용유,치킨파우더,진간장,고추장,맛술,참치액,물
초 스피드 아이간식 햄소세지 떡볶이~*,https://www.10000recipe.com/recipe/6869068
떡볶이떡,햄소세지,소고기불고기,물
"기름떡볶이 만드는법 , 매콤새콤 니가다해~",https://www.10000recipe.com/recipe/6943005
떡국떡,고추장,케찹,굴소스,올리고당,다진마늘,식용유
매콤 고소한 불닭 까르보나라 떡볶이 만들기(+영상)｜효썸,https://www.10000recipe.com/recipe/6904966
양파,베이컨,물,우유,떡볶이 떡,크림스프분말,불닭소스
"떡국떡 활용 , 궁중떡볶이 만드는법 :)",https://www.10000recipe.com/recipe/6878389
떡국떡,소고기,표고버섯,양파,당근,다진파,간장,참기름,간장,설탕,참기름,다진마늘,다진 파,후추,간장,설탕,후추,깨
학교앞 국물 떡볶이 레시피,https://www.10000recipe.com/recipe/6899435
떡볶이 떡,양파,사각어묵,대파,물,고추장,식용유,고춧가루,설탕,다진 마늘,올리고 당,간장,후춧가루
"카레떡볶이 만드는법, 아이간식 으로 굿",https://www.10000recipe.com/recipe/6922109
카레가루,물,우유,설탕,떡볶이떡,어묵,양배추,양파,빨강&노랑 파프리카,통깨
분식집떡볶이만들기 집밥떡볶이 황금레시피,https://www.10000recipe.com/recipe/6842611
떡,오뎅,대파,비엔나,삶은달걀,고추장,간장,설탕,다진마늘,고춧가루
야꿀의 간단 요리 가래떡 떡볶이 만들기,https://www.10000recipe.com/recipe/6896699
가래떡,사각어묵,양배추,멸치다시팩,고추장,설탕,카레 가루,고운 고춧가루,간장,물엿,후추
신당동 쫄쫄라라 즉석떡볶이 #친정엄마 레시피,https://www.10000recipe.com/recipe/6865008
떡볶이떡,쫄면,라면,어묵,양배추,양파,대파,삶은달걀,물,고추장,고추가루,짜장가루,진간장,설탕,올리고당
"떡볶이, 떡볶이 마니아가 찾은 맛",https://www.10000recipe.com/recipe/6931908
떡볶이떡,고운고춧가루,굵은고춧가루,설탕,물엿,간장,까나리액젓,참기름,다진파,식용유,어묵,삶은계란
떡볶이 황금 레시피,https://www.10000recipe.com/recipe/6926252
떡볶이떡 종이컵,어묵,대파,고추장,설탕,간장,고춧가루
조랭이떡볶이,https://www.10000recipe.com/recipe/6955767
떡볶이떡과 조랭이떡,사각어묵,양파,대파,당근채,삶은 계란,물,고추장,고춧가루,설탕,다진마늘
간장떡볶이 맛있게 만들기! 야식 맥주 안주로 딱이에요♪,https://www.10000recipe.com/recipe/6903049
떡,당면,대파,양파,피망,표고버섯,물,간장,설탕,다진마늘,참기름
신전느낌 떡볶이 만들기,https://www.10000recipe.com/recipe/6923842
떡국떡,육수,삶은계란,고추장,카레가루,설탕,간장,고춧가루,후추가루
초간단 매운떡볶이(엽기떡볶이)만들기,https://www.10000recipe.com/recipe/6953871
떡,어묵,대파 흰부분,청양고추 2개~,양배추,비엔나소세지,피자치즈,고추장,고춧가루,카레가루,물엿 또는 설탕,간장,다진마늘,후추,물
떡볶이 황금레시피 따라해봐♡,https://www.10000recipe.com/recipe/6871584
떡,파,물,어묵,라면,달걀,고운 고춧가루,일반 고춧가루,간장,설탕,고추장
꿀떡꿀떡 넘어가는 꿀떡떡볶이 ★ ,https://www.10000recipe.com/recipe/6885408
떡,대파,어묵,피자치즈,물,설탕,고춧가루,다진 마늘,간장,고추장
떡볶이 황금레시피 종결자,https://www.10000recipe.com/recipe/6896829
떡,어묵,대파,양파,물,계란,고추장,고춧가루,다진마늘,진간장 2스푼 설탕,올리고당 2스푼 식용유,후추
쫀득쫀득 당면을 떡볶이 소스에 투하! 당면떡볶이,https://www.10000recipe.com/recipe/6837052
떡볶이 떡,당면,어묵,대파,비엔나소시지,물,고추장,고춧가루,설탕,올리고당,다진마늘,삶은 계란,참깨
달걀 떡볶이 만드는 법 볼빨간당신 양희경 소울푸드,https://www.10000recipe.com/recipe/6914051
떡볶이떡,계란,양파,올리브유,소금,후추
마복림 할머님표 즉석 떡볶이,https://www.10000recipe.com/recipe/6910064
떡볶이떡,종합 어묵,라면사리,소시지,양배추,당근,대파,삶은계란,시판 고추장,고춧가루,올리고당,설탕,간장,다진 마늘,맛술,춘장,통깨,참기름,후추
국물떡볶이 제대로 만들기!,https://www.10000recipe.com/recipe/6868758
떡볶이떡,오뎅,양파,파,고추장,고춧가루,물엿,설탕,다시다,후추,물
" 백파더, 초간단 기름 떡볶이와 소떡어떡",https://www.10000recipe.com/recipe/6897565
가래떡,대파,황설탕,진간장,참기름,굵은 고춧가루,식용유,가래떡,소시지,설탕,진간장,케첩,고추장,물
떡볶이떡 참치 핫도그 ,https://www.10000recipe.com/recipe/1973282
참치,두부,떢볶이떡,양파,파초록색부분15cm길이,당근,빵가루,감자전분,계란,소금,간장,물엿,매실액,참기름
학교앞 분식집 떡볶이 만들기,https://www.10000recipe.com/recipe/6869431
떡볶이떡,어묵,고추장,고춧가루,다시다,다진마늘,올리고당,설탕
 떡 없는 떡볶이 만두,https://www.10000recipe.com/recipe/6940418
냉동만두,양파,당근,대파,납작 어묵,청양고추,고추장,고춧가루,흑설탕,간장,연두,다시마 우린물,밥수저
양희경의 힐링푸드 달걀떡볶이 만들기,https://www.10000recipe.com/recipe/2677759
쌀떡볶이떡,양파,버터,올리브오일,달걀,소금,후추
만두떡볶이ㅡ만떡,https://www.10000recipe.com/recipe/6945692
쌀 떡,만두 ,물,고추장,라면스프,다진마늘,설탕,간장,물엿,참기름,케찹
백종원 국물떡볶이 만드는법 매콤달콤 초딩입맛저격!,https://www.10000recipe.com/recipe/6877366
떡,대파,양파,어묵,물,고춧가루,고추장,설탕,진간장,다진마늘
"간단하게 휘리릭~ 만든 떡볶이, 소떡소떡 기름떡볶이",https://www.10000recipe.com/recipe/6896614
소시지,가래떡,식용유,고추장,케첩,올리고당,매실청,대파
자꾸 끌리는 맛! 부드럽고 쫄깃한 고소듬뿍떡볶이,https://www.10000recipe.com/recipe/6897396
떡볶이 떡,통마늘,브로콜리,양파,베이컨,우유,생크림,소금,후추,파마산 치즈 가루
라면만큼 쉬운 [짜장떡볶이] 만들기,https://www.10000recipe.com/recipe/6946873
떡볶이 떡,어묵,양파,대파,짜장가루,설탕,다진마늘,깨소금
까르보나라 떡볶이 부드럽고 고소해,https://www.10000recipe.com/recipe/6922694
떡볶이떡,베이컨,양파,브로콜리,우유,슬라이스치즈,계란노른자,다진마늘,허브솔트,식용유
생크림없이 만든...고소한~ 들깨 크림떡볶이,https://www.10000recipe.com/recipe/6922021
절편 한줄,우유,들깨가루,참기름,식용유,대파,양파,마늘,당근,청양고추,소금
고구마 크림 스튜 떡볶이,https://www.10000recipe.com/recipe/6948664
고구마 중,닭다리 또는 안심 정육,떡볶이 떡,적황 파프리카,브로콜리,당근,생크림,물,소금,토핑 ) 편마늘,토핑 ) 어린잎,닭고기 밑간용 청주,소금,통후추
치즈떡볶이 ,https://www.10000recipe.com/recipe/6918172
떡볶이 떡,어묵,비엔나소세지,양파,모차렐라치즈,물,파,고춧가루,간장,올리고당,설탕,다진 마늘,미림
박막례할머니 떡볶이레시피 참고해서 만들어본 떡볶이!!,https://www.10000recipe.com/recipe/6860000
떡국떡 또는 떡볶이떡,양파,어묵,파,고추장,설탕,다시다,고춧가루,식용유,후추,다진마늘
매콤 떡볶이와 치즈 떡볶이,https://www.10000recipe.com/recipe/6920932
떡볶이떡,사각어묵,대파,다시마 육수,모짜렐라치즈,식용유,간장,고추장,고추가루,설탕,후추,조청
이색 기름떡볶이 만들기 ,https://www.10000recipe.com/recipe/6878822
떡볶이떡,다진마늘,참기름,간장,올리고당,고추장,고춧가루,식용유
간장떡볶이 ,https://www.10000recipe.com/recipe/6934041
가래떡,견과류,다진마늘,파,식용유,간장,설탕,올리고당,참기름
짜장떡볶이 맛있게 만들기 양념에 밥까지 볶아먹어요!,https://www.10000recipe.com/recipe/6894404
쌀 떡,사각어묵,대파,양파,당근,물,짜장가루,고추장,설탕,다진마늘,삶은계란
매운짜장떡볶이 만들기,https://www.10000recipe.com/recipe/4484207
가래떡,사각어묵,당면,대파,멸치육수,다진마늘,춘장,고추장,고추가루,간장,생강술,설탕,올리고당,포도씨유,참기름
궁중떡볶이 레시피 간장으로 맛있게 만들기,https://www.10000recipe.com/recipe/6845943
떡볶이떡,어묵,당근,양파,버섯,고기,대파,참기름,깨,후추,물,간장,설탕,간장,맛술,설탕,후추톡톡
부재료 없이 초간단 궁중떡볶이(간장떡볶이) 만들기 ,https://www.10000recipe.com/recipe/6884407
다진 소고기,양파,대파,청양고추,떡볶이 떡,참기름,맛간장,다진마늘,맛술,후추
백종원 국물 떡볶이 레시피,https://www.10000recipe.com/recipe/6722718
떡볶이 떡,사각어묵,대파,물,고추장,고춧가루,진간장,설탕
묵은지 계란말이 김밥 + 국물떡볶이,https://www.10000recipe.com/recipe/6886793
김,계란,묵은지,참치캔,깻잎,오이,빨간파프리카,당근,맛살,어묵,올리고당,마요네즈,머스타드소스,진간장,참기름,소금,식용유,깨,떡볶이떡,어묵,당근,대파,다시육수 팩,고추장,고추가루,설탕,올리고당,후추
'내맘대로 요리' 베이컨김치떡볶이,https://www.10000recipe.com/recipe/6952505
떡볶이떡,김치,베이컨,간장,고추장,고춧가루,올리고당
설 명절 남은 떡국떡으로 기름떡볶이 만들기,https://www.10000recipe.com/recipe/6944456
떡국떡,고춧가루,설탕,간장,다진마늘,참기름,식용유
(색다른분식)잡채계란떡볶이,https://www.10000recipe.com/recipe/6953361
계란,당면,파,다진마늘,간장,굴소스,설탕,후춧가루,떡볶이,참기름
비 오는 날 떡볶이~*,https://www.10000recipe.com/recipe/6863076
다시육수,우동사리,떡볶이떡,납작어묵,대파,고추장,고춧가루,간장,올리고당,설탕,후추
TV요리) 강식당 2 이거 참 웃기는짜장떡볶이 일세 ★,https://www.10000recipe.com/recipe/6884592
떡볶이떡,어묵,짜장 소스,고추장,물,대파,춘장,다진 대파,다진 양파,다진돼지고기,식용유,황설탕,굴소스,간장,다진생강
"야들야들한 차돌박이 넣고 만든 차돌박이 떡볶이, 차돌박이요리",https://www.10000recipe.com/recipe/6898852
소고기차돌박이,다진마늘,대파,양파,고춧가루,떡볶이 떡,고추장,간장,매실청,올리고당,설탕,물
백종원 떡볶이,https://www.10000recipe.com/recipe/6938580
떡볶이떡,파,고춧가루,고추장,설탕,간장
명절에 살찔 걱정 없는 곤약 떡볶이,https://www.10000recipe.com/recipe/6914424
곤약,양파,대파,깻잎,모듬 어묵,간장,고추장,설탕,카레가루,올리고당,간마늘,굴소스,통깨
간장떡볶이 레시피 10분완성 아이간식,https://www.10000recipe.com/recipe/6945313
떡볶이떡,사각어묵,진간장,국간장,설탕,다시육수,다진마늘,대파,후추,참기름
궁중떡볶이로 고급진 간식타임!,https://www.10000recipe.com/recipe/6829760
떡볶이떡,소불고기,표고버섯,청피망,양파,당근,참기름,통깨,식용유,간장,설탕,청주,다진마늘,참기름,후추,간장,올리고당,참기름
돈가스 국물떡볶이,https://www.10000recipe.com/recipe/6918350
돈가스,떡볶이 떡,사각어묵,대파,양배추,멸치 다시마 육수,고추장,고춧가루,다진 마늘,설탕,물엿,맛술,간장,굴 소스
백주부 떡볶이 만들기,https://www.10000recipe.com/recipe/6901427
떡볶이,간장,고추장,고춧가루,설탕,물
마리텔 백종원 기름떡볶이,https://www.10000recipe.com/recipe/6896329
떡볶이떡,식용유,대파 ,고춧가루,설탕,간장,참기름
"궁중떡볶이 레시피, 한우불고기 넣은 든든한 간장떡볶이 ",https://www.10000recipe.com/recipe/6885481
소고기불고기,떡국떡,청피망,홍피망,양파,팽이버섯,다진 대파,참기름,깨소금,물,진간장,굴소스,다진 마늘,미림,설탕,물엿
짜장 떡볶이 만드는 법,https://www.10000recipe.com/recipe/6830006
떡볶이 떡,사각어묵,삶은 달걀,양파,대파,물,자장 가루,설탕,맛술,다진 마늘,고춧가루,고추장
백종원 떡볶이~ 실패없이 만들어요~,https://www.10000recipe.com/recipe/6829103
떡국떡,대파,설탕,간장,고추장,고추가루
