죽,추천순,198
"무가 들어간 반죽면, 구면 만들기",https://www.10000recipe.com/recipe/6957279
무,밀가루,소금,물,건다시마,건표고버섯,대파,멸치,밴댕이,멸치육수,미림,국간장,액젓,달걀,애호박,건표고버섯
표고버섯달걀죽 - 아침식사로 좋으네 달걀죽,https://www.10000recipe.com/recipe/6857631
표고버섯,달걀,밥,멸치육수,참기름,국간장,소금
애호박 달걀죽 ,https://www.10000recipe.com/recipe/6878147
달걀,애호박,대파,새우젓,밥,물,참기름,김가루 또는 통깨
♥[신혼밥상] 따뜻*든든 참치김치죽,https://www.10000recipe.com/recipe/6931547
찬밥,김치,참치캔,달걀,고춧가루,설탕,멸치다시마육수
명란 달걀죽,https://www.10000recipe.com/recipe/6830900
밥,물,계란,쪽파,명란,참기름,다진 마늘,소금,후추
참치죽 끓이는법 초간단 참치캔 요리 아침식사로 딱좋아요,https://www.10000recipe.com/recipe/6951823
밥,참치,당근,양파,참기름,참치액,국간장,물,깨소금,김가루
기온이 뚝! 떨어진 날씨에 달걀죽으로 감기도 뚝!,https://www.10000recipe.com/recipe/6877811
달걀,밥,송송 썬 파,국간장,소금,참기름,참깨,건 멸치,건다시마,물
야채참치죽,https://www.10000recipe.com/recipe/6828882
당근,애호박,참치,물,밥,김가루,국간장,참기름
남은 찬밥으로 끓이는 구수한 들깨부추죽 ,https://www.10000recipe.com/recipe/6854949
밥,다시마우린물,양파,들깨가루,부추,국간장,들기름
"담백하게 먹을 수 있는 ""계란야채죽""♪",https://www.10000recipe.com/recipe/6850847
찬밥,물,당근 다진거,양파 다진거,계란,참기름,깨
카레향 솔솔 나는 시금치 달걀 카레죽♪ ,https://www.10000recipe.com/recipe/6871302
찬밥,시금치,달걀,새송이버섯,양파,당근,고형카레,카레가루
부드럽고 식감좋은 시금치 참치죽 #친정엄마 레시피,https://www.10000recipe.com/recipe/6955261
쌀,찹쌀,참치캔,시금치,양파,당근,호박,김가루,물,참기름,국간장,통깨
"한끼로도 든든한 ""계란죽"" 간단하고 쉬워요",https://www.10000recipe.com/recipe/6872994
계란,참기름,소금,후추
황태죽,https://www.10000recipe.com/recipe/6849952
찬밥,황태포,당근 다진것,물,들기름,소금,달걀,다진 쪽파
영양만점 시금치계란죽으로 아침!^^,https://www.10000recipe.com/recipe/6837619
계란,시금치,찬밥,참기름,통깨,구운김,국간장,다시마,마른새우,멸치,소금
구수한 들깨미역채소죽,https://www.10000recipe.com/recipe/6832303
찬밥,양파,대파,딩근,호박,앵배추,팽이버섯,불린미역,들깨가루,소금,국간장
"구수한 향과 맛,영양가득 들깨 소고기 미역죽 만들기 - 들깨가루 요리",https://www.10000recipe.com/recipe/6883908
불린미역,밥,다진 소고기,참기름,다진마늘,국간장,들깻가루,소금,부순 참깨
둘이먹다 하나가 죽어도 모를 기똥찬 파채만들기! (백종원표),https://www.10000recipe.com/recipe/6912983
파,간장,설탕,고춧가루,식초,다진마늘,참기름,통깨
병아리콩 닭가슴살 계란죽~이유식으로 또는 간단아침으로 어때요?,https://www.10000recipe.com/recipe/6952809
병아리콩 밥,당근,닭가슴살캔,계란,소금,참기름,후추가루,물
소고기 양배추 죽,https://www.10000recipe.com/recipe/6865301
양배추,간 소고기,흰 쌀밥,소금,참기름,마늘,김가루
고소함은 2배 쉽고 간단하게 만들어 먹는 게살치즈죽 ★,https://www.10000recipe.com/recipe/6923092
밥,양파,당근,애호박,게맛살,슬라이스 체다치즈,소금,참기름
찬밥과 우유넣고 부드러운 호박죽만들기,https://www.10000recipe.com/recipe/6879213
단호박,밥,우유,꿀
속이 확 풀리는 시원 칼칼한 죽! 콩나물 김치죽,https://www.10000recipe.com/recipe/6863943
밥,송송 썬 김치,콩나물,새우젓,쪽파,다시마,멸치
"바쁜 아침시간에 최고, 채소들깨죽",https://www.10000recipe.com/recipe/6861282
대파,부추,당근,새송이버섯,양파,공기밥,들깨가루,국간장
<두부새우젓죽> 천연조미료를 넣어 여름철 입맛살리는요리,https://www.10000recipe.com/recipe/6851170
찬밥,두부,물,송송 썰은 파,새우젓,참기름,새우가루,표고가루
전자레인지로 간단한요리 ! 참치달걀죽,https://www.10000recipe.com/recipe/6908895
밥,참치,달걀,물,소금,후추,통깨,김가루
곤약 요리 / 곤약죽,https://www.10000recipe.com/recipe/6925560
실곤약,양파,대파,참기름,다진 마늘,물,소금,간장,밥
콩나물김치죽 만드는 법 갱시기죽,https://www.10000recipe.com/recipe/6886392
김치,콩나물,김치 국물,떡국떡,멸치육수,국간장,맛술,고춧가루,소금
참치야채죽 만들기,https://www.10000recipe.com/recipe/6900248
밥,참치 150g,당근,호박,양파,물,김 잘라서 고명,참기름,국간장,식용유,후추,깨소금
실패불가 참치반 쌀반 초간단 건강식 - 참치야채죽,https://www.10000recipe.com/recipe/6940755
참치,양파,호박,당근,찹쌀,물,참기름 1T,소금,김
"남은밥 요리, 계란야채죽 만드는법",https://www.10000recipe.com/recipe/6877894
남은밥,다진 자투리 채소,달걀,국간장,참기름,깨소금,식용유,소금,물,다시마
고소한 들깨미역죽,https://www.10000recipe.com/recipe/6839709
미역,들깨가루,쌀,찹쌀,참기름,국간장,통깨
"집에 계란밖에 없을때 하는 계란요리 계란죽, 달걀죽",https://www.10000recipe.com/recipe/6952472
즉석밥,달걀,물,국간장,소금,참기름,깨
수미네 반찬 된장 아욱죽 맛있게 끓이는 법,https://www.10000recipe.com/recipe/6937483
아욱,불린쌀,디포리,새우,만능간장,된장,마늘,참기름,물,통깨
간단 오트밀달걀죽,https://www.10000recipe.com/recipe/6946991
달걀,오트밀,물,소금,참기름,통깨,간장,고춧가루,마늘가루,다진파,참기름
TV속 레시피 맛남의광장 당팥죽/백종원 당근죽,https://www.10000recipe.com/recipe/6926434
당근,통 팥,찹쌀가루,물,꽃소금
면역력 증진에 좋은 '브로콜리 현미죽',https://www.10000recipe.com/recipe/6921672
불린 현미,브로콜리,물,참기름,소금
소고기 시래기 들깨죽 레시피 / 담백한 한끼 영양만점,https://www.10000recipe.com/recipe/6893245
소고기 약,들깨가루,완두콩,소금,시래기,간장,다진마늘,들기름,찹쌀
[한그릇요리] 참치채소죽,https://www.10000recipe.com/recipe/6846188
밥,참치캔,팽이버섯,당근,양파,달걀,참기름
바지락 돌미나리 죽,https://www.10000recipe.com/recipe/6837117
불리지 않은 쌀,물,바지락살,양파,당근,돌미나리,미니 새송이
김치콩나물죽 끓이기,https://www.10000recipe.com/recipe/6913772
김치,콩나물,생수,찬밥,국간장,설탕,다진파,들기름
명란젓으로 만든 연어참치명란죽 황금레시피 ,https://www.10000recipe.com/recipe/6874529
명란젓갈,양파,대파,쌀,물,들기름,알레스카연어캔,팽이버섯,미역
표고버섯 새우죽 찬밥활용 죽끓이기,https://www.10000recipe.com/recipe/6940086
표고버섯,애호박,당근,양파,새우,찬밥,들기름,소금,후추
피로 회복과 숙취해소에 좋은 김치콩나물죽,https://www.10000recipe.com/recipe/6878189
김치,콩나물,김치국물,밥
영양 가득 소화 잘 되는 죽 레시피 추천 매생이 소고기죽 끓이는 법,https://www.10000recipe.com/recipe/6904943
2시간 이상 불린 쌀,매생이,국거리 소고기,참기름,간장,소금
고소한 정식품 콩국물로 만든 콩물 들깨 버섯죽♡,https://www.10000recipe.com/recipe/6940665
정식품 진한 콩국물,정식품 진한 콩국물 검은콩,쌀,물,모듬버섯,다진마늘,양파,진간장,참치액젓,참기름,소금,들깻가루
쌀쌀한 아침엔 뱃속 든든 채소죽 ★,https://www.10000recipe.com/recipe/6919464
밥,양파,애호박,당근,달걀,멸치다시마육수,소금,참기름,통깨
연말에 지친 남편분을 위해 끓인 황태죽 *^^*,https://www.10000recipe.com/recipe/6901571
황태,찬 밥,양파,당근 2cm정도,애호박 2cm두께,다시마,참기름,후춧가루,맛술,국간장,소금
꿀처 버섯야채죽,https://www.10000recipe.com/recipe/6874704
불린쌀,불린표고버섯,새송이버섯,당근,호박,소금,참기름
소화가 잘되는 초간단 달걀죽 만들기,https://www.10000recipe.com/recipe/6890271
불린찹쌀,원하는야채,계란,소금,참기름,물
"한국인의 밥상 10주년 감사, 김혜수의 미역죽과 굴무채무침",https://www.10000recipe.com/recipe/6952177
미역,찹쌀,멥쌀,들기름,물 또는 육수,간장,무,굴,멸치 액젓,고춧가루,마늘,깨소금,참기름,굵은 소금
영양만점! 새우죽 뭉근하게 감칠맛나게 끓이기,https://www.10000recipe.com/recipe/6952806
손질새우,표고버섯,당근,애호박,참기름,육수,새우젓 또는 소금,국간장
김치죽 끓이는 법,https://www.10000recipe.com/recipe/6829499
김치,찬밥,계란,들기름,깨소금,김가루
쇠고기 콩나물죽 만들기,https://www.10000recipe.com/recipe/2333017
불린 쌀,다진 쇠고기,콩나물,다시마육수,소금,후춧가루,청주,참기름,국 간장,소금,김가루,통깨
참치계란죽 ,https://www.10000recipe.com/recipe/6842897
양파,애호박,계란,참기름,캔참치,밥
"감칠맛이 굿, 김치굴죽 끓이기",https://www.10000recipe.com/recipe/6842001
굴,다진김치,공기밥,감자,다진파,다진양파,다시마물,새우젓,국간장,들기름
소ㄹㅏ죽~*,https://www.10000recipe.com/recipe/6873975
손질된소라,당근 조금,파 조금,감자 조금,국간장,꽃소금,참기름,물
"페이스츄리반죽 활용편..누네띠네,후랜치파이, 엄마손파이 ~~",https://www.10000recipe.com/recipe/6906408
냉동페이스츄리 생지,설탕,쨈,슈가파우더,계란흰자,레몬엑기스,강력분,계란,마가린,소금,물,충전용마가린
두부 들깨죽 만드는 법 고소해서 고소하고 싶은 맛.,https://www.10000recipe.com/recipe/6919681
불린 쌀,두부,양파,양배추,쪽파,들기름,들깨가루,간장,소금
찬밥으로 끓이는 황태들깨죽 ,https://www.10000recipe.com/recipe/6913668
찬밥,황태,양파,당근,건 표고버섯,부추,쪽파,들깨가루
영양만점 매생이죽,https://www.10000recipe.com/recipe/6726989
작은당근,애호박,양송이버섯,양파,매생이,밥,육수,들기름 큰,깨소금,소금
쇠고기 미역죽 ,https://www.10000recipe.com/recipe/5007818
쌀,다진소고기,미역,소금,후추,간장,참기름,다진마늘
"단호박죽 만드는 법 찹쌀넣고 새알만들기까지,",https://www.10000recipe.com/recipe/6875028
단호박,찹쌀물 찹쌀가루,물,소금,설탕,물,찹쌀가루,뜨거운물
"[암예방레시피]
간편 채소 찹쌀죽~*",https://www.10000recipe.com/recipe/6916872
찹쌀,감자,대파,당근,육수,멸치),국간장,참기름
고구마죽 고구마스프 초간단레시피,https://www.10000recipe.com/recipe/6839568
한입 호박고구마,우유,슬라이스치즈
달걀죽,https://www.10000recipe.com/recipe/1872510
밥,멸치육수,양파,파,김가루,달걀,소금,참기름
천연소화제 배와 무를 넣은 건강별미죽~현미채소죽,https://www.10000recipe.com/recipe/6885362
현미밥,다진 무,배,당근,브로컬리,양파,새우젓,참기름,아마씨가루,물 또는 육수
실패없는 초간단 단호박죽 끓이기,https://www.10000recipe.com/recipe/6937078
단호박,찹쌀가루,물,설탕,소금
찬밥으로 끓이는 들깨채소죽 간단하게 호로록~~,https://www.10000recipe.com/recipe/6902525
양파,브로콜리 줄기 ,당근,파프리카,찬밥,멸치육수,들깨가루,국간장
찰진 계란죽 # 아플때 간단하게 만드는 죽,https://www.10000recipe.com/recipe/6850481
밥,물 또는 육수,당근,양파,채 썬 파,계란,간장,소금
손쉽게~찬밥으로 단호박죽 만드는법,https://www.10000recipe.com/recipe/6903538
단호박,찬밥,물,소금,설탕
검정깨 연두부죽,https://www.10000recipe.com/recipe/6845156
멥쌀,물,검정깨,연두부,우유,소금
참치미역죽,https://www.10000recipe.com/recipe/1825280
밥,참치,불린 미역,참기름,국간장,소금,김가루,깨소금,멸치육수 1U/
#간단하고 간편하게 만드는 참치죽만들기 #참치캔을 이용해서 속을 부드럽게 만들어 주는 아침식사!! 참치죽~~,https://www.10000recipe.com/recipe/6863998
참치통조림,찹쌀,물,소금,참기름
소라죽,https://www.10000recipe.com/recipe/6928024
소라,당근,양파,애호박,참기름,소금,액젓
경기미 참드림 청바지 된장죽,https://www.10000recipe.com/recipe/6941987
불린쌀,청경채,바지락살,대파,된장,고추장,다진마늘,생강즙,맛술,참기름,물
면역력키우는 김치죽 끓이기,https://www.10000recipe.com/recipe/6927299
김치,찬밥,고춧가루,다진마늘,멸치,참치액,계란,파,들기름
치즈 해물죽,https://www.10000recipe.com/recipe/6836765
불린 쌀,게살 or 게맛살,칵테일 새우,애호박,양파,당근,슬라이스치즈,국물용 멸치,다시마,건새우,물,소금,깨,참기름,다진마늘,멸치 육수
이유식으로도 좋은 소고기야채죽 만들기,https://www.10000recipe.com/recipe/6891954
소고기,맵쌀,찹쌀,양파,애호박,당근,표고버섯,참기름,국간장,소금,김가루,깨소금 또는 통깨
양배추 계란죽,https://www.10000recipe.com/recipe/6913955
양배추,계란,불린쌀,참기름,소금,물
계란죽,https://www.10000recipe.com/recipe/6899472
계란,밥,물,대파,국간장,소금,참기름,멸치육수용
부드럽고 고소한 참치야채죽 만드는 법 ♬,https://www.10000recipe.com/recipe/6869284
당근,감자,양파,파프리카,참치캔,참기름,통깨 기호에,찬밥,맛술,국간장,소금,쌀뜨물,다시마
아침에 든든한 닭가슴살 죽,https://www.10000recipe.com/recipe/6883443
닭가슴살,불린쌀이나 찬밥 한컵/한,당근,표고버섯,파프리카,애호박,양배추,양파,물,국간장,후추,참기름,깨소금
김치콩나물죽!! 해장으로 딱 별미 갱식이죽 만들기~~,https://www.10000recipe.com/recipe/6837134
김치배춧잎,콩나물,떡국떡,밥,멸치다시육수,조선간장
표고버섯고구마죽 : 면역력 높이기에 딱좋아~아침죽.,https://www.10000recipe.com/recipe/6858697
찬밥,표고버섯,고구마,김치,물,다시마,참기름
"햄야채죽 만드는 법, 스팸으로 만든 아침식사 대용 :)",https://www.10000recipe.com/recipe/6889516
밥,다시마 육수,양파,당근,애호박,표고버섯,스팸,참기름,깨소금,소금,계란
맛있는 별식 미역감자죽,https://www.10000recipe.com/recipe/6810548
미역,감자,북어채,쌀,소금,국간장
아침식사로 간단 계란죽 레시피,https://www.10000recipe.com/recipe/6923568
밥,계란,멸치다시팩,소금,간장,참기름
새우죽 - 탱글탱글 새우가 많이 들어간 특별한 죽 레시피 ,https://www.10000recipe.com/recipe/6900169
새우살,밥,양파,애호박,버섯,당근,참기름,다진 마늘,액젓,소금
아침에는 속편한 두부죽,https://www.10000recipe.com/recipe/923021
찬밥,물,두부 작은 것,밥새우,쪽파,소금
바지락채소죽! 갑자기 추워진 날씨에 어울려요! ,https://www.10000recipe.com/recipe/6931430
쌀,바지락살,부추,양파,당근,소금,참기름,물
(간단 국물 요리) 참치미역국 / 참치미역죽,https://www.10000recipe.com/recipe/6869772
미역,참치,청양고추,다진 마늘,국간장
"감기 기운으로 입맛 없을때 
간단한 야채 참치죽으로~*",https://www.10000recipe.com/recipe/6887499
참치캔,밥 작은,물,당근,애호박,양파,국간장,소금,참기름
굴죽 면역력 키워주는 건강한 한끼식사,https://www.10000recipe.com/recipe/6864699
불린 쌀,굴,소금,물,참기름
붙지 않는 <새알심 만들기> 노하우...호박죽 새알심 & 팥죽 새알심 활용,https://www.10000recipe.com/recipe/6849895
찹쌀,뜨거운물,소금,마른 전분 
추위도 녹혀줄만큼 따듯하고 달콤한 새알심 동동띄운 단호박죽,https://www.10000recipe.com/recipe/4411211
단호박,물,물,찹쌀가루,찹쌀가루,뜨거운 물,소금,소금,설탕
집에서 만든 야채참치죽! 본죽 참치죽 뺨때리네요~,https://www.10000recipe.com/recipe/6890140
밥,양파,버섯,참치,물,다시마,소금,참기름
【닭가슴살죽 만들기】,https://www.10000recipe.com/recipe/6872321
쌀,닭가슴살,양파,당근,대파,파뿌리,맛소금,참기름
황태 계란죽~*,https://www.10000recipe.com/recipe/6903268
황태포,달걀,물,밥,소금,참기름,대파
매운카레죽 끓이기,https://www.10000recipe.com/recipe/5307388
카레가루,양파 中,감자 中,당근,돼지고기,파프리카,청양고추,물,고추기름
암예방레시피 새우죽 끓이는법 감자 넣고 구수하게~ ,https://www.10000recipe.com/recipe/6917022
찹쌀,멥쌀,소고기,새우살,감자,당근,참기름,물
골목식당 포항 더신촌스 덮죽 따라하기! 시금치와소고기를 넣은 일명 시소덮죽,https://www.10000recipe.com/recipe/6936917
소고기 등심,시금치,표고버섯,양파,당근,홍고추,육수로 끓인 죽,다진 마늘,포도씨유,다진 대파,청양 고추,다진 생강,청주,소금,후춧가루,달걀 흰자,감자 전분,육수,간장,굴소스,설탕,참기름,후춧가루,물,양파,다시마,대파,표고
달걀죽~*,https://www.10000recipe.com/recipe/6928026
달걀,밥,애호박,당근,소금,액젓,참기름
최고의 다이어트 아침식사 오트밀 죽.,https://www.10000recipe.com/recipe/6904474
저지방 우유,오트밀
소고기야채죽 만들기,https://www.10000recipe.com/recipe/6950023
볶음소고기,찬밥,표고버섯,양파,당근,애호박,참기름,김가루,깨소금,간장,미림,설탕,굴소스,마늘,후추,참기름,다짐소고기
소고기죽 - 간단 죽 만들기,https://www.10000recipe.com/recipe/6870837
밥,다진 소고기,표고버섯,양송이버섯,양파,당근,다진 마늘,맛술,참기름,진간장,후춧가루
부추 보양죽,https://www.10000recipe.com/recipe/2382651
쌀,부추 잘게 썰어서,새우젓 국물,새우젖 다진거,물
몸을 따뜻하게 하는 3가지 콩으로 만든 다이어트죽! 삼두죽 만들기 ,https://www.10000recipe.com/recipe/6943468
검은콩,녹두,팥,불린 찹쌀,물
가을에도 부드럽게~ 달달한 우유 고구마말랭이죽,https://www.10000recipe.com/recipe/6945696
쌀,고구마말랭이,물,우유,설탕,소금
[집밥백선생2]단호박죽- 요리 혁명일 만큼 간단해요,https://www.10000recipe.com/recipe/6858345
단호박,물,밥,대추,소금,설탕
소고기야채죽 ★ 쫄지마! 다 너의 뜻대로 될꺼니깐!,https://www.10000recipe.com/recipe/6900101
소고기,양파,애호박,당근,표고버섯,다시마 육수,참기름,소금,밥,소금,후추,참기름,맛술
초간단 아침메뉴♪ 누룽지달걀죽,https://www.10000recipe.com/recipe/6883017
누룽지,물,달걀,후리카케,참기름,소금,참기름,김가루,쪽파
쉬운요리 채소육수하나로 뚝딱! 버섯전골 & 채소죽,https://www.10000recipe.com/recipe/6908804
표고버섯,새송이버섯,파,느타리버섯,알배추,밥,양파,당근,감자,애호박,물,채소육수,물,물
소고기버섯죽,https://www.10000recipe.com/recipe/6841825
소고기,표고버섯,양파,애호박,당근,쌀,참기름,소금,통깨,김가루
요리초보도 만드는 전복죽 ,https://www.10000recipe.com/recipe/6832252
찹쌀,양파,표고버섯,전복,당근,간장,참기름,소금
오트밀 바나나 죽 빠지게 만드는 매력!,https://www.10000recipe.com/recipe/6861919
오트밀,우유,바나나,소금,크랜베리
'굴미역죽' 한파로 인한 겨울보양식,https://www.10000recipe.com/recipe/4451178
생굴,건미역,찹쌀,물,국간장,구운소금,참기름,후춧가루
찹쌀넣은 든든한 야채전복죽~,https://www.10000recipe.com/recipe/6942697
전복 70g,양파 대,당근,소금,참기름,찹쌀,물,깨
야채 계란죽 만들기,https://www.10000recipe.com/recipe/5267112
식은밥,계란,당근,양파,잔파,참깨,시판 육수
따끈한 브로콜리야채죽으로 간단하게 아침!,https://www.10000recipe.com/recipe/6836173
브로콜리,양파,당근,찬밥,다시가루,국간장,소금,참기름,통깨
속을 따뜻하고 편안하게 채워주는 소고기 버섯죽 레시피,https://www.10000recipe.com/recipe/6924111
고두밥으로 지은 백미 밥,다진소고기,양송이버섯,주키니호박,홍고추,쪽파,식용유,다진마늘,참기름,소금,후추,물
속 편한 한그릇! 참치 달걀 채소죽,https://www.10000recipe.com/recipe/6871230
누룽지,참치,달걀,청경채,양파,당근,소금,참기름,다진파
늙은 호박으로 끓인 호박죽,https://www.10000recipe.com/recipe/6898305
늙은호박,물,불린찹쌀,꿀,소금
"자투리채소로 만드는 간단죽, 들깨가루 넉넉히넣고~",https://www.10000recipe.com/recipe/6893836
양파,브로콜리 줄기,식은밥,다시마우린물,새우가루,표고버섯가루,액젓
내장까지 넣어 제대로 진한 전복죽 만들기,https://www.10000recipe.com/recipe/6882083
전복 中,밥,양파,당근,양송이버섯,국간장,소금,참기름,물
아프지마요~ 닭죽 먹고 감기 끝! 닭죽,https://www.10000recipe.com/recipe/6878346
밥,닭가슴살,다진당근,송송 썬 부추,다진 파,소금,후추,참기름,참깨,맛술,물,통마늘
초간단레시피 참치죽만들기/참치야채죽,https://www.10000recipe.com/recipe/6865577
캔참치 큰거,집에있는각종야채,당근,양배추,양파,국간장,참기름
[만물상]3분 검은깨죽/흑임자죽,https://www.10000recipe.com/recipe/6871620
찬밥,검은깨 5큰술 뜨거운 물,우유,소금
바쁠때는 죽이 최고! 간단한 청경채 누룽지죽,https://www.10000recipe.com/recipe/6869572
누룽지,물,청경채,양파,당근,양송이버섯,소금,참기름,다진파
라면 맛있게 끓이는 방법 라죽으로 색다르게 ~ ,https://www.10000recipe.com/recipe/6845515
참치 150g,라면,밥,김치,물,참기름
김치콩나물국밥/갱시기죽 : 몸살 감기가 달아나는 시원한 국물~,https://www.10000recipe.com/recipe/6919973
다시마,멸치가루,물,김치 잎,김치국물,새우젓,멸치액젓,다진마늘,고춧가루,콩나물,밥,달걀
영양만점 독일식 콩죽(Linseneintopf) ,https://www.10000recipe.com/recipe/6833485
감자,당근,마늘,양파,베이컨,linsen,살라미,파프리카가루,식초
든든하게 시작하는 아침식사! 참치죽,https://www.10000recipe.com/recipe/6852193
밥,자투리채소,참치,김가루,부순 참깨,국간장,소금,참기름
밥솥으로 간편하게 끓이고 새알 대신 떡국떡 넣어 손을 덜은 스마트 팥죽,https://www.10000recipe.com/recipe/6902631
팥,물,찹쌀,떡국떡,소금,꿀
"너무쉽다! 이유식, 건강식 초간단 냉장고 털이 야채죽♡",https://www.10000recipe.com/recipe/6911097
쌀,양파 작은것,애호박,간장,소금,들기름
[간단 자취요리] 혼자 아프지 마세요! 초간단 계란죽 만들기 / 죽 끓이기,https://www.10000recipe.com/recipe/6858263
계란,밥,치킨스톡,물
우유넣고 부드럽게 호박죽만들기!,https://www.10000recipe.com/recipe/6859167
단호박,밥,우유,꿀
황태죽,https://www.10000recipe.com/recipe/6836318
황태,쌀,쪽파,참기름,소금,들기름,황태,국물용 멸치,다시마 5x5cm,물,청주,다진마늘,후춧가루
면역력을 높여주는 미역 굴죽,https://www.10000recipe.com/recipe/6838876
불린 미역,미니 새송이 버섯,굴,불린 쌀,물,참치액,맛술,들기름,소금
정말 간단한 계란죽 만들기,https://www.10000recipe.com/recipe/6911127
당근,대파,양파,계란,버터,소금,물,쌀밥,간장,참기름
구황작물 말린 고구마 기장쌀 죽,https://www.10000recipe.com/recipe/6921377
말린 고구마,찰기장,팥,물,우유,잣,대추,고운소금,꿀
환자식으로 좋은 야채죽만드는법,https://www.10000recipe.com/recipe/6887718
햇반,양파,주키니호박,당근,양송이버섯,쪽파,식용유,소금,후추,물,간장,다진마늘,참기름,깨
닭안심 야채죽~*,https://www.10000recipe.com/recipe/6883184
닭안심,작은감자,당근,대파,양파,밥,참기름,소금,물
남은 치킨을 활용한 통닭죽 만들기,https://www.10000recipe.com/recipe/6841325
남은치킨,애호박,양파,당근,밥,참기름,소금
[강추] 영양만점 맛살죽으로 환절기 건강 관리!,https://www.10000recipe.com/recipe/6878816
스노우크랩킹,불린쌀,브로콜리,당근,호박,양파,소금,참기름
따뜻한 닭죽 한끼,https://www.10000recipe.com/recipe/6902662
닭가슴살,당근,노란파프리카,빨간파프리카,양파,대파,올리브오일,다시다,밥,소금
구수한 참치야채죽 - 치킨스톡을 만나 풍미풍미풍미 UP!,https://www.10000recipe.com/recipe/6848358
기름 뺀 참치,불린 쌀,물,파프리카,당근,양파,치킨스톡,소금,깨소금
참치야채죽 만들기 ,https://www.10000recipe.com/recipe/6847256
쌀,동원참치,양파 중간사이즈,당근,부추,물,국간장,후추,통깨,김가루
참치 야채죽 끓이기,https://www.10000recipe.com/recipe/2500835
찬밥,참치,당근,피망,깨소금,참기름,소금,후추
달콤하고 맛있는 단호박죽^^,https://www.10000recipe.com/recipe/6829436
단호박 1개,찹쌀,물,유기농설탕,가는소금
건강한 맛! 검정콩(서리태)죽,https://www.10000recipe.com/recipe/6939998
검정콩,쌀,물,소금
참치죽 비리지 않게 끓이는 법,https://www.10000recipe.com/recipe/6878368
참치캔,양파,당근,애호박,참타리버섯,밥,물,다시육수 팩,참기름,참치액,국간장,소금,후추
고소하고 부드러운 겨울영양식! 들깨 미역죽,https://www.10000recipe.com/recipe/6937749
건미역,맵쌀,들깨가루,참기름,조선간장,천일염,물
"검은콩 요리,콩죽 만들기.",https://www.10000recipe.com/recipe/2416566
검은콩,쌀
찬밥으로 간편하게 흰 죽 만들기!,https://www.10000recipe.com/recipe/6866128
찬밥,참기름,물 밥의,진간장,참기름,깨
초간단 단호박죽,https://www.10000recipe.com/recipe/6867599
단호박,찹쌀가루,설탕,소금
"초간단 닭죽 만들기 자취생도 쉽게! 닭가슴살, 닭다리살 필수!!",https://www.10000recipe.com/recipe/6845445
닭다리살,즉석밥,양파,당근,부추,치킨스톡,맛술,소금
수요미식회 만두죽으로 해장 .,https://www.10000recipe.com/recipe/6929712
쌀,작은 만두,소금
전복죽 만들기 영양을 듬뿍 담다,https://www.10000recipe.com/recipe/6845689
전복,찹쌀,맵쌀,들기름,다시육수,표고버섯,당근,양파,애호박,참기름,소금
둘이 먹다가 둘 다 죽는 소갈비찜 만들기,https://www.10000recipe.com/recipe/6892336
소갈비,무,당근,양파,생표고,대추,대파,고추,진간장,물,사과청,생강가루,깨소금,통깨,청주,후춧가루,참기름,다진 마늘,간 양파,간 사과
소고기 야채죽,https://www.10000recipe.com/recipe/6832465
양파 중 크기,당근 슬라이스,애호박 슬라이스,마늘,대파,소고기다짐육,밥,들기름,물
찬밥으로 계란죽 만들기 ,https://www.10000recipe.com/recipe/6874048
찬밥,계란,대파,당근,참기름,물,치킨스톡,소금,참기름,깨소금
닭봉으로 간단하게 끓인 닭죽,https://www.10000recipe.com/recipe/6902051
닭봉,야채,밥,생수,대추,마늘,표고버섯,수삼,국간장,소금,참기름
"전복손질, 내장까지 몽땅 넣고 끓인 고소한~ 전복죽",https://www.10000recipe.com/recipe/4656964
전복,찹쌀,참기름,국간장,물
"동지팥죽 끓였습니다. 동지팥죽, 팥죽, 동지, 단팥죽",https://www.10000recipe.com/recipe/6902692
팥,물,찹쌀가루,팔팔 끓인 물,소금,생밤,설탕
먹고 남은 로스트 치킨으로 닭죽 만들기(특별한 나만의 레시피),https://www.10000recipe.com/recipe/6862899
치킨,쪽파,양파,샐러리,당근,감자,밥
[집밥2] 백선생 시금치된장죽 # 시금치요리,https://www.10000recipe.com/recipe/6899866
시금치,식용유,참기름,간 돼지고기,밥,물,된장,간마늘,양파,감자
참치죽 만드는법 기운아 솟아라!,https://www.10000recipe.com/recipe/6866504
참치,당근,호박,양파,소금,후추,우유
영양만점 닭가슴살 야채죽~*,https://www.10000recipe.com/recipe/6902973
닭가슴살,당근,호박,표고버섯,미림,참기름,소금,국간장
"든든메뉴~계란죽끓이는법,계란죽 만드는 법",https://www.10000recipe.com/recipe/6862312
밥,양파,계란,파,당근,소금,참기름,다시마
새우죽~*,https://www.10000recipe.com/recipe/6844343
새우살,쌀,애호박,당근,양파,표고버섯,소금,마무리간 액젓,참기름
"시금치된장죽, 따뜻하게 속을 달래주는 건강식",https://www.10000recipe.com/recipe/6863402
시금치,밥,말린 표고버섯,양파,멸치,다시마,물,된장,들기름,깨소금
부드럽고 고소한 게살죽,https://www.10000recipe.com/recipe/6866703
게살,양파,감자,양배추,피망,찬밥,들기름,들깨가루,국간장
#야채참치캔으로 만드는 야채참치죽만들기,https://www.10000recipe.com/recipe/6839769
야채참치,참치캔,쌀,소금,후추,참기름,물,통깨
고구마 넣어 호박죽 끓이기,https://www.10000recipe.com/recipe/6864936
늙은 맷돌 호박,호박고구마,소금,올리고당,물
#표고버섯육수로 진하게 끓이는 #버섯전골만들기 #초간단고기양념하기 #마지막 죽까지 즉석에서 즐기는 버섯전골,https://www.10000recipe.com/recipe/6948007
표고버섯천연조미료육수,각종버섯,두부,배추,양념 소고기,소고기불고기감,멸치액젓,다진 마늘,다진 생강,썬 파,후추,참기름,청주,건표고버섯,천연조미료,파 뿌리,물,밥,달걀,참기름,자반 김
성장하는 아이들에게 너무나 좋은 홍합죽,https://www.10000recipe.com/recipe/6884458
건홍합,밥,당근,애호박,양파,물,다시마,야채,소금,참기름
영양가득 보양식 전복죽,https://www.10000recipe.com/recipe/1913294
​전복,찹쌀,양파,호박,당근,브로콜리,다시마육수,간장,소금,참기름
홍합부추죽 만들기,https://www.10000recipe.com/recipe/6844497
홍합,찹쌀,부추,마늘,참기름
건강식단/기력회복에 좋은 전복내장죽!,https://www.10000recipe.com/recipe/6343633
찹쌀,전복내장,물,들기름,생강술,소금,멸치액젓,후추가루,통깨
닭고기 야채죽,https://www.10000recipe.com/recipe/6925263
찬밥,닭가슴살 통조림,애호박,표고버섯,양파,당근,물
닭가슴살 양배추 죽,https://www.10000recipe.com/recipe/4628835
불린 쌀,닭가슴살,양배추,양파
달콤 향긋한 단호박죽,https://www.10000recipe.com/recipe/6839787
단호박,찹쌀가루
환자식으로 좋은 소고기 죽끓이는법,https://www.10000recipe.com/recipe/6875311
찬밥,소고기,양송이버섯,쪽파,다진마늘,식용유,참기름,후추,물,깨,소금
영양만점 표고버섯죽 간단하게 만들어!,https://www.10000recipe.com/recipe/6905462
표고버섯,양파,애호박,달걀,찬밥,들기름,멸치육수
단호박&고구마죽,https://www.10000recipe.com/recipe/6832444
단호박,고구마 작은거,물,찹쌀가루,설탕,소금,대추,잣
참치죽,https://www.10000recipe.com/recipe/6858131
동원참치,쌀,애호박,새송이버섯,참기름,물,소금,깨소금
소고기 야채죽,https://www.10000recipe.com/recipe/6867186
불린 쌀,소고기,표고버섯,호박,양파,부추,물,국간장,다진마늘,참기름,참치액,고운 소금,깨소금
향긋하고 고소한 버섯 들깨죽 ,https://www.10000recipe.com/recipe/6833846
쌀,물,들깨가루,느타리버섯,소금
참치 야채죽 맛있게 만드는 법 꿀팁~!,https://www.10000recipe.com/recipe/6912520
갖은채소류 적당량 ,완두콩,양파,참치통조림 작은거,잡곡밥,참기름,국간장,후추
든든한 보양식~영양가득 전복죽,https://www.10000recipe.com/recipe/6878698
전복,쌀,참기름,생수,소금
율무밥과 율무죽,https://www.10000recipe.com/recipe/6842040
백미,현미,율무,율무,아몬드,소금
11개월 후기이유식 미역멸치죽,https://www.10000recipe.com/recipe/6869766
양파,불린미역,멸치 작은,소고기다진것
참치죽,https://www.10000recipe.com/recipe/6653633
찬밥,참치,양파,당근,3색 파프리카,감자,소금,참기름,물 또는 육수
간단하게 김치참치죽 만들기 ,https://www.10000recipe.com/recipe/6783766
참치캔 150g,김치,김치국물,찬밥,다시마육수,참기름,국간장,맛술,소금
찬밥 활용 요리!! 계란 야채죽!!,https://www.10000recipe.com/recipe/1397828
찬밥,계란,멸치다시다육수,양파,미니단호박,대파,참기름,맛간장,소금,김가루,통깨
감기에 좋은 대파!! 감기 빨리 낫는 법!! 초간단 감기 빨리 낫는 요리!! 맛있게 얼큰한 대파국!! 아침죽!! ,https://www.10000recipe.com/recipe/6710221
대파,멸치,자른 다시마,밥,계란,고추장 배부른,국간장,식초
은은한 시나몬향이 매력적인 초간단 호박죽 만드는법.,https://www.10000recipe.com/recipe/6861880
껍질벗긴늙은호박,찹쌀가루,설탕,소금,물,잣,시나몬
